"gear_id","item","category_id","status","expiry","number_of_uses","usage_limit","signed_in_out","notes","location","nfc_tag","qr_code","created_at","physical_serial","size","is_pool_bucket","pool_count","pool_capacity","set_size"
"3763","Diesel Tank","fuel","Green","","0","0","IN","","Yard","NFC3760","Hillary Outdoors - Feul - 001","2026-04-30T21:48:48.804917+00:00","","","false","","",""
"1","High ropes ATC / Pilot #1","belay_devices","Green","2033-12-29","0","2737","IN","","High Ropes Shed","","","2026-04-29T03:33:16.61595+00:00","PilotATCHR-01","","false","","",""
"2","High ropes ATC / Pilot #2","belay_devices","Green","2033-12-29","0","2737","IN","","High Ropes Shed","","","2026-04-29T03:33:16.61595+00:00","PilotATCHR-02","","false","","",""
"3","High ropes ATC / Pilot #3","belay_devices","Green","2033-12-29","0","2737","IN","","High Ropes Shed","","","2026-04-29T03:33:16.61595+00:00","PilotATCHR-03","","false","","",""
"4","Tech room Guide ATC-01 / Black","cat_atc_guide","Green","2048-12-25","12","2737","IN","","Tech Climbing Room","","","2026-04-29T03:33:16.61595+00:00","T-ATC-01 / Black","","false","","",""
"5","Tech room Guide ATC-02 / White","cat_atc_guide","Green","2048-12-25","7","2737","IN","","Tech Climbing Room","","","2026-04-29T03:33:16.61595+00:00","T-ATC-02 / White","","false","","",""
"6","Tech room Guide ATC-03 / Yellow","cat_atc_guide","Green","2048-12-25","12","2737","IN","","Tech Climbing Room","","","2026-04-29T03:33:16.61595+00:00","T-ATC-03 / Yellow","","false","","",""
"7","Tech room Guide ATC-04 / Red","cat_atc_guide","Green","2048-12-25","12","2737","IN","","Tech Climbing Room","","","2026-04-29T03:33:16.61595+00:00","T-ATC-04 / Red","","false","","",""
"8","Tech room Guide ATC-05 / Blue","cat_atc_guide","Green","2048-12-25","5","2737","IN","","Tech Climbing Room","","","2026-04-29T03:33:16.61595+00:00","T-ATC-05 / Blue","","false","","",""
"9","Tech room Guide ATC-06 / Green","cat_atc_guide","Green","2048-12-25","12","2737","OUT","","Tech Climbing Room","","","2026-04-29T03:33:16.61595+00:00","T-ATC-06 / Green","","false","","",""
"10","Tech room Guide ATC-07 / Black-White","cat_atc_guide","Green","2048-12-25","8","2737","IN","","Tech Climbing Room","","","2026-04-29T03:33:16.61595+00:00","T-ATC-07 / Black-White","","false","","",""
"11","Tech room Guide ATC-08 / Yellow-Red","cat_atc_guide","Green","2048-12-25","10","2737","IN","","Tech Climbing Room","","","2026-04-29T03:33:16.61595+00:00","T-ATC-08 / Yellow-Red","","false","","",""
"24","Climbing room ATC / Blue #1","cat_atcs","Green","2048-12-25","14","2737","IN","","Climbing Room","","","2026-04-29T03:33:16.61595+00:00","CR ATC Blue-01","","false","","",""
"25","Climbing room ATC / Blue #2","cat_atcs","Green","2048-12-25","14","2737","IN","","Climbing Room","","","2026-04-29T03:33:16.61595+00:00","CR ATC Blue-02","","false","","",""
"26","Climbing room ATC / Blue #3","cat_atcs","Green","2048-12-25","14","2737","IN","","Climbing Room","","","2026-04-29T03:33:16.61595+00:00","CR ATC Blue-03","","false","","",""
"3764","Ford GRP998 17 seater White","vehicles","Green","","0","0","IN","","Yard","NFC3764","QR3764","2026-04-30T22:23:06.13147+00:00","GRP998","","false","","",""
"51","High ropes ATC / White #2","cat_atcs","Green","2051-04-22","0","2737","IN","","High Ropes Shed","","","2026-04-29T03:33:16.61595+00:00","WhiteATCHR-02","","false","","",""
"52","High ropes ATC / White #3","cat_atcs","Green","2051-04-22","0","2737","IN","","High Ropes Shed","","","2026-04-29T03:33:16.61595+00:00","WhiteATCHR-03","","false","","",""
"53","High ropes Figure 8 / Black #1","cat_figure_8","Green","2051-04-22","0","2737","IN","","High Ropes Shed","","","2026-04-29T03:33:16.61595+00:00","Figure8HR-01","","false","","",""
"54","High ropes Figure 8 / Black #2","cat_figure_8","Green","2051-04-22","0","2737","IN","","High Ropes Shed","","","2026-04-29T03:33:16.61595+00:00","Figure8HR-02","","false","","",""
"55","High ropes Figure 8 / Black #3","cat_figure_8","Green","2051-04-22","0","2737","IN","","High Ropes Shed","","","2026-04-29T03:33:16.61595+00:00","Figure8HR-03","","false","","",""
"3765","Ford HCN291 17 Seater White","vehicles","Green","","0","0","IN","","Yard","NFC3765","QR3765","2026-04-30T22:25:43.017071+00:00","HCN291","","false","","",""
"3766","Ford Mondeo Car - ETG586 White","vehicles","Green","","0","0","IN","","Yard","NFC3766","QR3766","2026-04-30T22:27:42.05258+00:00","ETG686","","false","","",""
"191","Climbing room Alloy Carabiners / Blue #1","cat_alloy_carabiners","Green","2048-11-24","26","2737","OUT","","Climbing Room","","","2026-04-29T03:33:16.61595+00:00","CR AlloyBiners / Blue-01","","false","","",""
"192","Climbing room Alloy Carabiners / Blue #2","cat_alloy_carabiners","Green","2048-11-24","26","2737","OUT","","Climbing Room","","","2026-04-29T03:33:16.61595+00:00","CR AlloyBiners / Blue-02","","false","","",""
"193","Climbing room Alloy Carabiners / Blue #3","cat_alloy_carabiners","Green","2048-11-24","26","2737","OUT","","Climbing Room","","","2026-04-29T03:33:16.61595+00:00","CR AlloyBiners / Blue-03","","false","","",""
"194","Climbing room Alloy Carabiners / Blue #4","cat_alloy_carabiners","Green","2048-11-24","26","2737","OUT","","Climbing Room","","","2026-04-29T03:33:16.61595+00:00","CR AlloyBiners / Blue-04","","false","","",""
"195","Climbing room Alloy Carabiners / Blue #5","cat_alloy_carabiners","Green","2048-11-24","26","2737","OUT","","Climbing Room","","","2026-04-29T03:33:16.61595+00:00","CR AlloyBiners / Blue-05","","false","","",""
"3767","Ford RGH292 12 Seater White","vehicles","Green","","0","0","IN","","Yard","NFC3767","QR3767","2026-04-30T22:28:16.105433+00:00","RGH292","","false","","",""
"227","Climbing room Puke Ab Carabiners / Black #1","carabiners","Green","2048-11-24","23","2737","IN","","Climbing Room","","","2026-04-29T03:33:16.61595+00:00","CR AlloyBiners / Black-01","","false","","",""
"228","Climbing room Puke Ab Carabiners / Black #2","carabiners","Green","2048-11-24","23","2737","IN","","Climbing Room","","","2026-04-29T03:33:16.61595+00:00","CR AlloyBiners / Black-02","","false","","",""
"229","Climbing room Puke Ab Carabiners / Black #3","carabiners","Green","2048-11-24","23","2737","IN","","Climbing Room","","","2026-04-29T03:33:16.61595+00:00","CR AlloyBiners / Black-03","","false","","",""
"230","Climbing room Puke Ab Carabiners / Black #4","carabiners","Green","2048-11-24","23","2737","IN","","Climbing Room","","","2026-04-29T03:33:16.61595+00:00","CR AlloyBiners / Black-04","","false","","",""
"231","Climbing room Puke Ab Carabiners / Black #5","carabiners","Green","2048-11-24","23","2737","IN","","Climbing Room","","","2026-04-29T03:33:16.61595+00:00","CR AlloyBiners / Black-05","","false","","",""
"232","Climbing room Puke Ab Carabiners / Black #6","carabiners","Green","2048-11-24","23","2737","IN","","Climbing Room","","","2026-04-29T03:33:16.61595+00:00","CR AlloyBiners / Black-06","","false","","",""
"233","Climbing room Puke Ab Carabiners / Black #7","carabiners","Green","2048-11-24","23","2737","IN","","Climbing Room","","","2026-04-29T03:33:16.61595+00:00","CR AlloyBiners / Black-07","","false","","",""
"234","Climbing room Puke Ab Carabiners / Black #8","carabiners","Green","2048-11-24","23","2737","IN","","Climbing Room","","","2026-04-29T03:33:16.61595+00:00","CR AlloyBiners / Black-08","","false","","",""
"235","Climbing room Puke Ab Carabiners / Black #9","carabiners","Green","2048-11-24","23","2737","IN","","Climbing Room","","","2026-04-29T03:33:16.61595+00:00","CR AlloyBiners / Black-09","","false","","",""
"236","Climbing room Puke Ab Carabiners / Black #10","carabiners","Green","2048-11-24","23","2737","IN","","Climbing Room","","","2026-04-29T03:33:16.61595+00:00","CR AlloyBiners / Black-10","","false","","",""
"237","Climbing room Puke Ab Carabiners / Black #11","carabiners","Green","2048-11-24","23","2737","IN","","Climbing Room","","","2026-04-29T03:33:16.61595+00:00","CR AlloyBiners / Black-11","","false","","",""
"238","Climbing room Puke Ab Carabiners / Black #12","carabiners","Green","2048-11-24","23","2737","IN","","Climbing Room","","","2026-04-29T03:33:16.61595+00:00","CR AlloyBiners / Black-12","","false","","",""
"239","Climbing room Puke Ab Carabiners / Black #13","carabiners","Green","2048-11-24","23","2737","IN","","Climbing Room","","","2026-04-29T03:33:16.61595+00:00","CR AlloyBiners / Black-13","","false","","",""
"240","Climbing room Puke Ab Carabiners / Black #14","carabiners","Green","2048-11-24","23","2737","IN","","Climbing Room","","","2026-04-29T03:33:16.61595+00:00","CR AlloyBiners / Black-14","","false","","",""
"245","Tech locking Carabiner-01 / Black #1","carabiners","Green","2048-12-25","21","2737","IN","","Tech Climbing Room","","","2026-04-29T03:33:16.61595+00:00","T-Lockbiner-01 / Black-01","","false","","",""
"246","Tech locking Carabiner-01 / Black #2","carabiners","Green","2048-12-25","21","2737","IN","","Tech Climbing Room","","","2026-04-29T03:33:16.61595+00:00","T-Lockbiner-01 / Black-02","","false","","",""
"247","Tech locking Carabiner-01 / Black #3","carabiners","Green","2048-12-25","21","2737","IN","","Tech Climbing Room","","","2026-04-29T03:33:16.61595+00:00","T-Lockbiner-01 / Black-03","","false","","",""
"248","Tech locking Carabiner-01 / Black #4","carabiners","Green","2048-12-25","21","2737","IN","","Tech Climbing Room","","","2026-04-29T03:33:16.61595+00:00","T-Lockbiner-01 / Black-04","","false","","",""
"249","Tech locking Carabiner-02 / White #1","carabiners","Green","2048-12-25","15","2737","IN","","Tech Climbing Room","","","2026-04-29T03:33:16.61595+00:00","T-Lockbiner-02 / White-01","","false","","",""
"250","Tech locking Carabiner-02 / White #2","carabiners","Green","2048-12-25","15","2737","IN","","Tech Climbing Room","","","2026-04-29T03:33:16.61595+00:00","T-Lockbiner-02 / White-02","","false","","",""
"251","Tech locking Carabiner-02 / White #3","carabiners","Green","2048-12-25","15","2737","IN","","Tech Climbing Room","","","2026-04-29T03:33:16.61595+00:00","T-Lockbiner-02 / White-03","","false","","",""
"252","Tech locking Carabiner-02 / White #4","carabiners","Green","2048-12-25","15","2737","IN","","Tech Climbing Room","","","2026-04-29T03:33:16.61595+00:00","T-Lockbiner-02 / White-04","","false","","",""
"253","Tech locking Carabiner-03 / Yellow #1","carabiners","Yellow","2048-12-25","19","2737","IN","","Tech Climbing Room","","","2026-04-29T03:33:16.61595+00:00","T-Lockbiner-03 / Yellow-01","","false","","",""
"254","Tech locking Carabiner-03 / Yellow #2","carabiners","Yellow","2048-12-25","19","2737","IN","","Tech Climbing Room","","","2026-04-29T03:33:16.61595+00:00","T-Lockbiner-03 / Yellow-02","","false","","",""
"255","Tech locking Carabiner-03 / Yellow #3","carabiners","Yellow","2048-12-25","19","2737","IN","","Tech Climbing Room","","","2026-04-29T03:33:16.61595+00:00","T-Lockbiner-03 / Yellow-03","","false","","",""
"256","Tech locking Carabiner-03 / Yellow #4","carabiners","Yellow","2048-12-25","19","2737","IN","","Tech Climbing Room","","","2026-04-29T03:33:16.61595+00:00","T-Lockbiner-03 / Yellow-04","","false","","",""
"257","Tech locking Carabiner-04 / Red #1","carabiners","Green","2048-12-25","14","2737","IN","","Tech Climbing Room","","","2026-04-29T03:33:16.61595+00:00","T-Lockbiner-04 / Red-01","","false","","",""
"258","Tech locking Carabiner-04 / Red #2","carabiners","Green","2048-12-25","14","2737","IN","","Tech Climbing Room","","","2026-04-29T03:33:16.61595+00:00","T-Lockbiner-04 / Red-02","","false","","",""
"259","Tech locking Carabiner-04 / Red #3","carabiners","Green","2048-12-25","14","2737","IN","","Tech Climbing Room","","","2026-04-29T03:33:16.61595+00:00","T-Lockbiner-04 / Red-03","","false","","",""
"260","Tech locking Carabiner-04 / Red #4","carabiners","Green","2048-12-25","14","2737","IN","","Tech Climbing Room","","","2026-04-29T03:33:16.61595+00:00","T-Lockbiner-04 / Red-04","","false","","",""
"261","Tech locking Carabiner-05 / Blue #1","carabiners","Green","2048-12-25","12","2737","IN","","Tech Climbing Room","","","2026-04-29T03:33:16.61595+00:00","T-Lockbiner-05 / Blue-01","","false","","",""
"262","Tech locking Carabiner-05 / Blue #2","carabiners","Green","2048-12-25","12","2737","IN","","Tech Climbing Room","","","2026-04-29T03:33:16.61595+00:00","T-Lockbiner-05 / Blue-02","","false","","",""
"263","Tech locking Carabiner-05 / Blue #3","carabiners","Green","2048-12-25","12","2737","IN","","Tech Climbing Room","","","2026-04-29T03:33:16.61595+00:00","T-Lockbiner-05 / Blue-03","","false","","",""
"264","Tech locking Carabiner-05 / Blue #4","carabiners","Green","2048-12-25","12","2737","IN","","Tech Climbing Room","","","2026-04-29T03:33:16.61595+00:00","T-Lockbiner-05 / Blue-04","","false","","",""
"265","Tech locking Carabiner-06 / Green #1","carabiners","Green","2048-12-25","22","2737","IN","","Tech Climbing Room","","","2026-04-29T03:33:16.61595+00:00","T-Lockbiner-06 / Green-01","","false","","",""
"266","Tech locking Carabiner-06 / Green #2","carabiners","Green","2048-12-25","22","2737","IN","","Tech Climbing Room","","","2026-04-29T03:33:16.61595+00:00","T-Lockbiner-06 / Green-02","","false","","",""
"267","Tech locking Carabiner-06 / Green #3","carabiners","Green","2048-12-25","22","2737","IN","","Tech Climbing Room","","","2026-04-29T03:33:16.61595+00:00","T-Lockbiner-06 / Green-03","","false","","",""
"268","Tech locking Carabiner-06 / Green #4","carabiners","Green","2048-12-25","22","2737","IN","","Tech Climbing Room","","","2026-04-29T03:33:16.61595+00:00","T-Lockbiner-06 / Green-04","","false","","",""
"269","Tech locking Carabiner-07 / Black-White #1","carabiners","Green","2048-12-25","10","2737","IN","","Tech Climbing Room","","","2026-04-29T03:33:16.61595+00:00","T-Lockbiner-07 / Black-White-01","","false","","",""
"270","Tech locking Carabiner-07 / Black-White #2","carabiners","Green","2048-12-25","10","2737","IN","","Tech Climbing Room","","","2026-04-29T03:33:16.61595+00:00","T-Lockbiner-07 / Black-White-02","","false","","",""
"271","Tech locking Carabiner-07 / Black-White #3","carabiners","Green","2048-12-25","10","2737","IN","","Tech Climbing Room","","","2026-04-29T03:33:16.61595+00:00","T-Lockbiner-07 / Black-White-03","","false","","",""
"272","Tech locking Carabiner-07 / Black-White #4","carabiners","Green","2048-12-25","10","2737","IN","","Tech Climbing Room","","","2026-04-29T03:33:16.61595+00:00","T-Lockbiner-07 / Black-White-04","","false","","",""
"273","Tech locking Carabiner-08 / Yellow-Red #1","carabiners","Green","2048-12-25","10","2737","IN","","Tech Climbing Room","","","2026-04-29T03:33:16.61595+00:00","T-Lockbiner-08 / Yellow-Red-01","","false","","",""
"274","Tech locking Carabiner-08 / Yellow-Red #2","carabiners","Green","2048-12-25","10","2737","IN","","Tech Climbing Room","","","2026-04-29T03:33:16.61595+00:00","T-Lockbiner-08 / Yellow-Red-02","","false","","",""
"275","Tech locking Carabiner-08 / Yellow-Red #3","carabiners","Green","2048-12-25","10","2737","IN","","Tech Climbing Room","","","2026-04-29T03:33:16.61595+00:00","T-Lockbiner-08 / Yellow-Red-03","","false","","",""
"276","Tech locking Carabiner-08 / Yellow-Red #4","carabiners","Green","2048-12-25","10","2737","IN","","Tech Climbing Room","","","2026-04-29T03:33:16.61595+00:00","T-Lockbiner-08 / Yellow-Red-04","","false","","",""
"277","Tech locking Carabiner-09 / Blue-Green #1","carabiners","Green","2048-12-25","19","2737","IN","","Tech Climbing Room","","","2026-04-29T03:33:16.61595+00:00","T-Lockbiner-09 / Blue-Green-01","","false","","",""
"278","Tech locking Carabiner-09 / Blue-Green #2","carabiners","Green","2048-12-25","19","2737","IN","","Tech Climbing Room","","","2026-04-29T03:33:16.61595+00:00","T-Lockbiner-09 / Blue-Green-02","","false","","",""
"279","Tech locking Carabiner-09 / Blue-Green #3","carabiners","Green","2048-12-25","19","2737","IN","","Tech Climbing Room","","","2026-04-29T03:33:16.61595+00:00","T-Lockbiner-09 / Blue-Green-03","","false","","",""
"280","Tech locking Carabiner-09 / Blue-Green #4","carabiners","Green","2048-12-25","19","2737","IN","","Tech Climbing Room","","","2026-04-29T03:33:16.61595+00:00","T-Lockbiner-09 / Blue-Green-04","","false","","",""
"281","Tech locking Carabiner-10 / White-Red #1","carabiners","Green","2048-12-25","13","2737","IN","","Tech Climbing Room","","","2026-04-29T03:33:16.61595+00:00","T-Lockbiner-10 / White-Red-01","","false","","",""
"282","Tech locking Carabiner-10 / White-Red #2","carabiners","Green","2048-12-25","13","2737","IN","","Tech Climbing Room","","","2026-04-29T03:33:16.61595+00:00","T-Lockbiner-10 / White-Red-02","","false","","",""
"283","Tech locking Carabiner-10 / White-Red #3","carabiners","Green","2048-12-25","13","2737","IN","","Tech Climbing Room","","","2026-04-29T03:33:16.61595+00:00","T-Lockbiner-10 / White-Red-03","","false","","",""
"284","Tech locking Carabiner-10 / White-Red #4","carabiners","Green","2048-12-25","13","2737","IN","","Tech Climbing Room","","","2026-04-29T03:33:16.61595+00:00","T-Lockbiner-10 / White-Red-04","","false","","",""
"285","Tech locking Carabiner-11 / Green-Black #1","carabiners","Green","2048-12-25","12","2737","IN","","Tech Climbing Room","","","2026-04-29T03:33:16.61595+00:00","T-Lockbiner-11 / Green-Black-01","","false","","",""
"286","Tech locking Carabiner-11 / Green-Black #2","carabiners","Green","2048-12-25","12","2737","IN","","Tech Climbing Room","","","2026-04-29T03:33:16.61595+00:00","T-Lockbiner-11 / Green-Black-02","","false","","",""
"287","Tech locking Carabiner-11 / Green-Black #3","carabiners","Green","2048-12-25","12","2737","IN","","Tech Climbing Room","","","2026-04-29T03:33:16.61595+00:00","T-Lockbiner-11 / Green-Black-03","","false","","",""
"288","Tech locking Carabiner-11 / Green-Black #4","carabiners","Green","2048-12-25","12","2737","IN","","Tech Climbing Room","","","2026-04-29T03:33:16.61595+00:00","T-Lockbiner-11 / Green-Black-04","","false","","",""
"289","Tech locking Carabiner-12 / Blue-Yellow #1","carabiners","Green","2048-12-25","12","2737","IN","","Tech Climbing Room","","","2026-04-29T03:33:16.61595+00:00","T-Lockbiner-12 / Blue-Yellow-01","","false","","",""
"290","Tech locking Carabiner-12 / Blue-Yellow #2","carabiners","Green","2048-12-25","12","2737","IN","","Tech Climbing Room","","","2026-04-29T03:33:16.61595+00:00","T-Lockbiner-12 / Blue-Yellow-02","","false","","",""
"291","Tech locking Carabiner-12 / Blue-Yellow #3","carabiners","Green","2048-12-25","12","2737","IN","","Tech Climbing Room","","","2026-04-29T03:33:16.61595+00:00","T-Lockbiner-12 / Blue-Yellow-03","","false","","",""
"292","Tech locking Carabiner-12 / Blue-Yellow #4","carabiners","Green","2048-12-25","12","2737","IN","","Tech Climbing Room","","","2026-04-29T03:33:16.61595+00:00","T-Lockbiner-12 / Blue-Yellow-04","","false","","",""
"293","Tech locking Carabiner-13 / Red-Black #1","carabiners","Green","2048-12-25","16","2737","IN","","Tech Climbing Room","","","2026-04-29T03:33:16.61595+00:00","T-Lockbiner-13 / Red-Black-01","","false","","",""
"294","Tech locking Carabiner-13 / Red-Black #2","carabiners","Green","2048-12-25","16","2737","IN","","Tech Climbing Room","","","2026-04-29T03:33:16.61595+00:00","T-Lockbiner-13 / Red-Black-02","","false","","",""
"295","Tech locking Carabiner-13 / Red-Black #3","carabiners","Green","2048-12-25","16","2737","IN","","Tech Climbing Room","","","2026-04-29T03:33:16.61595+00:00","T-Lockbiner-13 / Red-Black-03","","false","","",""
"296","Tech locking Carabiner-13 / Red-Black #4","carabiners","Green","2048-12-25","16","2737","IN","","Tech Climbing Room","","","2026-04-29T03:33:16.61595+00:00","T-Lockbiner-13 / Red-Black-04","","false","","",""
"297","Tech locking Carabiner-14 / Blue-Red #1","carabiners","Green","2048-12-25","16","2737","IN","","Tech Climbing Room","","","2026-04-29T03:33:16.61595+00:00","T-Lockbiner-14 / Blue-Red-01","","false","","",""
"298","Tech locking Carabiner-14 / Blue-Red #2","carabiners","Green","2048-12-25","16","2737","IN","","Tech Climbing Room","","","2026-04-29T03:33:16.61595+00:00","T-Lockbiner-14 / Blue-Red-02","","false","","",""
"299","Tech locking Carabiner-14 / Blue-Red #3","carabiners","Green","2048-12-25","16","2737","IN","","Tech Climbing Room","","","2026-04-29T03:33:16.61595+00:00","T-Lockbiner-14 / Blue-Red-03","","false","","",""
"300","Tech locking Carabiner-14 / Blue-Red #4","carabiners","Green","2048-12-25","16","2737","IN","","Tech Climbing Room","","","2026-04-29T03:33:16.61595+00:00","T-Lockbiner-14 / Blue-Red-04","","false","","",""
"301","Tech locking Carabiner-15 / White-Green #1","carabiners","Green","2048-12-25","7","2737","OUT","","Tech Climbing Room","","","2026-04-29T03:33:16.61595+00:00","T-Lockbiner-15 / White-Green-01","","false","","",""
"302","Tech locking Carabiner-15 / White-Green #2","carabiners","Green","2048-12-25","7","2737","OUT","","Tech Climbing Room","","","2026-04-29T03:33:16.61595+00:00","T-Lockbiner-15 / White-Green-02","","false","","",""
"303","Tech locking Carabiner-15 / White-Green #3","carabiners","Green","2048-12-25","7","2737","OUT","","Tech Climbing Room","","","2026-04-29T03:33:16.61595+00:00","T-Lockbiner-15 / White-Green-03","","false","","",""
"304","Tech locking Carabiner-15 / White-Green #4","carabiners","Green","2048-12-25","7","2737","OUT","","Tech Climbing Room","","","2026-04-29T03:33:16.61595+00:00","T-Lockbiner-15 / White-Green-04","","false","","",""
"305","Tech locking Carabiner-16 / Blue-Black #1","carabiners","Green","2048-12-25","8","2737","IN","","Tech Climbing Room","","","2026-04-29T03:33:16.61595+00:00","T-Lockbiner-16 / Blue-Black-01","","false","","",""
"306","Tech locking Carabiner-16 / Blue-Black #2","carabiners","Green","2048-12-25","8","2737","IN","","Tech Climbing Room","","","2026-04-29T03:33:16.61595+00:00","T-Lockbiner-16 / Blue-Black-02","","false","","",""
"307","Tech locking Carabiner-16 / Blue-Black #3","carabiners","Green","2048-12-25","8","2737","IN","","Tech Climbing Room","","","2026-04-29T03:33:16.61595+00:00","T-Lockbiner-16 / Blue-Black-03","","false","","",""
"308","Tech locking Carabiner-16 / Blue-Black #4","carabiners","Green","2048-12-25","8","2737","IN","","Tech Climbing Room","","","2026-04-29T03:33:16.61595+00:00","T-Lockbiner-16 / Blue-Black-04","","false","","",""
"309","Tech locking Carabiner-17 / Green-Red #1","carabiners","Green","2050-10-26","3","2737","OUT","","Tech Climbing Room","","","2026-04-29T03:33:16.61595+00:00","T-Lockbiner-17 / Green-Red-01","","false","","",""
"310","Tech locking Carabiner-17 / Green-Red #2","carabiners","Green","2050-10-26","3","2737","OUT","","Tech Climbing Room","","","2026-04-29T03:33:16.61595+00:00","T-Lockbiner-17 / Green-Red-02","","false","","",""
"311","Tech locking Carabiner-17 / Green-Red #3","carabiners","Green","2050-10-26","3","2737","OUT","","Tech Climbing Room","","","2026-04-29T03:33:16.61595+00:00","T-Lockbiner-17 / Green-Red-03","","false","","",""
"312","Tech locking Carabiner-17 / Green-Red #4","carabiners","Green","2050-10-26","3","2737","OUT","","Tech Climbing Room","","","2026-04-29T03:33:16.61595+00:00","T-Lockbiner-17 / Green-Red-04","","false","","",""
"313","Tech locking Carabiner-18 / Yellow-Green #1","carabiners","Green","2050-10-26","5","2737","IN","","Tech Climbing Room","","","2026-04-29T03:33:16.61595+00:00","T-Lockbiner-18 / Yellow-Green-01","","false","","",""
"314","Tech locking Carabiner-18 / Yellow-Green #2","carabiners","Green","2050-10-26","5","2737","IN","","Tech Climbing Room","","","2026-04-29T03:33:16.61595+00:00","T-Lockbiner-18 / Yellow-Green-02","","false","","",""
"315","Tech locking Carabiner-18 / Yellow-Green #3","carabiners","Green","2050-10-26","5","2737","IN","","Tech Climbing Room","","","2026-04-29T03:33:16.61595+00:00","T-Lockbiner-18 / Yellow-Green-03","","false","","",""
"316","Tech locking Carabiner-18 / Yellow-Green #4","carabiners","Green","2050-10-26","5","2737","IN","","Tech Climbing Room","","","2026-04-29T03:33:16.61595+00:00","T-Lockbiner-18 / Yellow-Green-04","","false","","",""
"317","Tech locking Carabiner-19 / White-Blue #1","carabiners","Green","2050-10-30","7","2737","OUT","","Tech Climbing Room","","","2026-04-29T03:33:16.61595+00:00","T-Lockbiner-19 / White-Blue-01","","false","","",""
"318","Tech locking Carabiner-19 / White-Blue #2","carabiners","Green","2050-10-30","7","2737","OUT","","Tech Climbing Room","","","2026-04-29T03:33:16.61595+00:00","T-Lockbiner-19 / White-Blue-02","","false","","",""
"319","Tech locking Carabiner-19 / White-Blue #3","carabiners","Green","2050-10-30","7","2737","OUT","","Tech Climbing Room","","","2026-04-29T03:33:16.61595+00:00","T-Lockbiner-19 / White-Blue-03","","false","","",""
"320","Tech locking Carabiner-19 / White-Blue #4","carabiners","Green","2050-10-30","7","2737","OUT","","Tech Climbing Room","","","2026-04-29T03:33:16.61595+00:00","T-Lockbiner-19 / White-Blue-04","","false","","",""
"321","Tech locking Carabiner-20 / Yellow-Black #1","carabiners","Green","2050-10-30","6","2737","IN","","Tech Climbing Room","","","2026-04-29T03:33:16.61595+00:00","T-Lockbiner-20 / Yellow-Black-01","","false","","",""
"322","Tech locking Carabiner-20 / Yellow-Black #2","carabiners","Green","2050-10-30","6","2737","IN","","Tech Climbing Room","","","2026-04-29T03:33:16.61595+00:00","T-Lockbiner-20 / Yellow-Black-02","","false","","",""
"323","Tech locking Carabiner-20 / Yellow-Black #3","carabiners","Green","2050-10-30","6","2737","IN","","Tech Climbing Room","","","2026-04-29T03:33:16.61595+00:00","T-Lockbiner-20 / Yellow-Black-03","","false","","",""
"324","Tech locking Carabiner-20 / Yellow-Black #4","carabiners","Green","2050-10-30","6","2737","IN","","Tech Climbing Room","","","2026-04-29T03:33:16.61595+00:00","T-Lockbiner-20 / Yellow-Black-04","","false","","",""
"325","Tech locking Carabiner-21 / Yellow-White #1","carabiners","Green","2050-10-30","2","2737","IN","","Tech Climbing Room","","","2026-04-29T03:33:16.61595+00:00","T-Lockbiner-21 / Yellow-White-01","","false","","",""
"326","Tech locking Carabiner-21 / Yellow-White #2","carabiners","Green","2050-10-30","2","2737","IN","","Tech Climbing Room","","","2026-04-29T03:33:16.61595+00:00","T-Lockbiner-21 / Yellow-White-02","","false","","",""
"327","Tech locking Carabiner-21 / Yellow-White #3","carabiners","Green","2050-10-30","2","2737","IN","","Tech Climbing Room","","","2026-04-29T03:33:16.61595+00:00","T-Lockbiner-21 / Yellow-White-03","","false","","",""
"328","Tech locking Carabiner-21 / Yellow-White #4","carabiners","Green","2050-10-30","2","2737","IN","","Tech Climbing Room","","","2026-04-29T03:33:16.61595+00:00","T-Lockbiner-21 / Yellow-White-04","","false","","",""
"329","Climbing room Quad Anchor set - 01 / White-Red #1","cord_tape","Green","2030-05-18","20","1368","IN","","Climbing Room","","","2026-04-29T03:33:16.61595+00:00","CR Quad anchor -01 / White-Red-01","","false","","",""
"330","Climbing room Quad Anchor set - 01 / White-Red #2","cord_tape","Green","2030-05-18","20","1368","IN","","Climbing Room","","","2026-04-29T03:33:16.61595+00:00","CR Quad anchor -01 / White-Red-02","","false","","",""
"331","Climbing room Quad Anchor set - 01 / White-Red #3","cord_tape","Green","2030-05-18","20","1368","IN","","Climbing Room","","","2026-04-29T03:33:16.61595+00:00","CR Quad anchor -01 / White-Red-03","","false","","",""
"332","Climbing room Quad Anchor set -02 / Green-Black #1","cord_tape","Green","2030-05-18","17","1368","OUT","","Climbing Room","","","2026-04-29T03:33:16.61595+00:00","CR Quad anchor -02 / Green-Black-01","","false","","",""
"333","Climbing room Quad Anchor set -02 / Green-Black #2","cord_tape","Green","2030-05-18","17","1368","OUT","","Climbing Room","","","2026-04-29T03:33:16.61595+00:00","CR Quad anchor -02 / Green-Black-02","","false","","",""
"334","Climbing room Quad Anchor set -02 / Green-Black #3","cord_tape","Green","2030-05-18","17","1368","OUT","","Climbing Room","","","2026-04-29T03:33:16.61595+00:00","CR Quad anchor -02 / Green-Black-03","","false","","",""
"335","Tech room Cordelette-01 / Black","cord_tape","Green","2028-12-30","2","1368","IN","","Tech Climbing Room","","","2026-04-29T03:33:16.61595+00:00","T-cord-01 / Black","","false","","",""
"336","Tech room Cordelette-02 / White","cord_tape","Green","2028-12-30","2","1368","IN","","Tech Climbing Room","","","2026-04-29T03:33:16.61595+00:00","T-cord-02 / White","","false","","",""
"337","Tech room Cordelette-03 / Yellow","cord_tape","Red","2028-12-30","2","1368","IN","Missing in GearLog","Tech Climbing Room","","","2026-04-29T03:33:16.61595+00:00","T-cord-03 / Yellow","","false","","",""
"338","Tech room Cordelette-04 / Red","cord_tape","Green","2028-12-30","6","1368","IN","","Tech Climbing Room","","","2026-04-29T03:33:16.61595+00:00","T-cord-04 / Red","","false","","",""
"339","Tech room Cordelette-05 / Blue","cord_tape","Green","2028-12-30","2","1368","IN","","Tech Climbing Room","","","2026-04-29T03:33:16.61595+00:00","T-cord-05 / Blue","","false","","",""
"3768","Ford RGH293 12 Seater White","vehicles","Green","","0","0","IN","","Yard","NFC3768","QR3768","2026-04-30T22:28:45.744898+00:00","RGH293","","false","","",""
"340","Tech room Cordelette-06 / Green","cord_tape","Red","2028-12-30","2","1368","IN","Missing in GearLog","Tech Climbing Room","","","2026-04-29T03:33:16.61595+00:00","T-cord-06 / Green","","false","","",""
"341","Tech room Cordelette-07 / Black-White","cord_tape","Green","2028-12-30","4","1368","IN","","Tech Climbing Room","","","2026-04-29T03:33:16.61595+00:00","T-cord-07 / Black-White","","false","","",""
"342","Tech room Cordelette-08 / Yellow-Red","cord_tape","Green","2028-12-30","9","1368","IN","","Tech Climbing Room","","","2026-04-29T03:33:16.61595+00:00","T-cord-08 / Yellow-Red","","false","","",""
"343","Tech room Cordelette-09 / Blue-Green","cord_tape","Green","2028-12-30","0","1368","IN","","Tech Climbing Room","","","2026-04-29T03:33:16.61595+00:00","T-cord-09 / Blue-Green","","false","","",""
"344","Tech room Quad Anchor-01 / Black","cord_tape","Green","2028-12-30","6","1368","IN","","Tech Climbing Room","","","2026-04-29T03:33:16.61595+00:00","T-QAnchor-01 / Black","","false","","",""
"345","Tech room Quad Anchor-02 / White","cord_tape","Green","2028-12-30","6","1368","IN","","Tech Climbing Room","","","2026-04-29T03:33:16.61595+00:00","T-QAnchor-02 / White","","false","","",""
"346","Tech room Quad Anchor-03 / Yellow","cord_tape","Green","2028-12-30","4","1368","IN","","Tech Climbing Room","","","2026-04-29T03:33:16.61595+00:00","T-QAnchor-03 / Yellow","","false","","",""
"347","Tech room Quad Anchor-04 / Red","cord_tape","Green","2028-12-30","12","1368","IN","","Tech Climbing Room","","","2026-04-29T03:33:16.61595+00:00","T-QAnchor-04 / Red","","false","","",""
"348","Tech room Quad Anchor-05 / Blue","cord_tape","Green","2028-12-30","12","1368","IN","","Tech Climbing Room","","","2026-04-29T03:33:16.61595+00:00","T-QAnchor-05 / Blue","","false","","",""
"349","Tech room Quad Anchor-06 / Green","cord_tape","Green","2028-12-30","8","1368","IN","","Tech Climbing Room","","","2026-04-29T03:33:16.61595+00:00","T-QAnchor-06 / Green","","false","","",""
"350","Tech room Quad Anchor-07 / Black-White","cord_tape","Green","2028-12-30","19","1368","IN","","Tech Climbing Room","","","2026-04-29T03:33:16.61595+00:00","T-QAnchor-07 / Black-White","","false","","",""
"351","Tech room Quad Anchor-08 / Yellow-Red","cord_tape","Green","2028-12-30","15","1368","IN","","Tech Climbing Room","","","2026-04-29T03:33:16.61595+00:00","T-QAnchor-08 / Yellow-Red","","false","","",""
"352","Tech room Quad Anchor-09 / Blue-Green","cord_tape","Green","2028-12-30","9","1368","IN","","Tech Climbing Room","","","2026-04-29T03:33:16.61595+00:00","T-QAnchor-09 / Blue-Green","","false","","",""
"3769","Hino Ranger Truck AHY787 White","vehicles","Green","","0","0","IN","","Yard","NFC3769","QR3769","2026-04-30T22:29:32.977246+00:00","AHY787","","false","","",""
"355","Climbing room Harness L03","cr_harnesses","Red","2027-01-01","0","2737","IN","Missing in GearLog","Climbing Room","","","2026-04-29T03:33:16.61595+00:00","CR L03","L","false","","",""
"377","Climbing room Harness M08","cr_harnesses","Green","2036-03-09","0","2737","IN","","Climbing Room","","","2026-04-29T03:33:16.61595+00:00","CR M08_01","M","false","","",""
"354","Climbing room Harness L02","cr_harnesses","Green","2027-01-01","0","2737","IN","","Climbing Room","","","2026-04-29T03:33:16.61595+00:00","CR L02","L","false","","",""
"353","Climbing room Harness L01","cr_harnesses","Green","2027-01-01","0","2737","IN","","Climbing Room","","","2026-04-29T03:33:16.61595+00:00","CR L01","L","false","","",""
"357","Climbing room Harness L08","cr_harnesses","Green","2027-01-01","0","2737","IN","","Climbing Room","","","2026-04-29T03:33:16.61595+00:00","CR L08","L","false","","",""
"373","Climbing room Harness M04","cr_harnesses","Green","2032-10-01","0","2737","IN","","Climbing Room","","","2026-04-29T03:33:16.61595+00:00","CR M04","M","false","","",""
"387","Climbing room Harness M18","cr_harnesses","Green","2027-01-01","0","2737","IN","","Climbing Room","","","2026-04-29T03:33:16.61595+00:00","CR M18","M","false","","",""
"369","Climbing room Harness L25","cr_harnesses","Green","2033-05-01","0","2737","IN","","Climbing Room","","","2026-04-29T03:33:16.61595+00:00","CR L25","L","false","","",""
"386","Climbing room Harness M17","cr_harnesses","Green","2032-10-01","0","2737","IN","","Climbing Room","","","2026-04-29T03:33:16.61595+00:00","CR M17","M","false","","",""
"374","Climbing room Harness M05","cr_harnesses","Green","2036-03-09","0","2737","IN","","Climbing Room","","","2026-04-29T03:33:16.61595+00:00","CR M05","M","false","","",""
"382","Climbing room Harness M13","cr_harnesses","Green","2032-10-01","0","2737","IN","","Climbing Room","","","2026-04-29T03:33:16.61595+00:00","CR M13","M","false","","",""
"381","Climbing room Harness M12","cr_harnesses","Green","2036-03-09","0","2737","IN","","Climbing Room","","","2026-04-29T03:33:16.61595+00:00","CR M12_01","M","false","","",""
"372","Climbing room Harness M03","cr_harnesses","Green","2032-10-01","0","2737","IN","","Climbing Room","","","2026-04-29T03:33:16.61595+00:00","CR M03","M","false","","",""
"389","Climbing room Harness M20","cr_harnesses","Red","2032-10-01","0","2737","IN","Missing in GearLog","Climbing Room","","","2026-04-29T03:33:16.61595+00:00","CR M20","M","false","","",""
"364","Climbing room Harness L19","cr_harnesses","Green","2033-01-01","0","2737","IN","","Climbing Room","","","2026-04-29T03:33:16.61595+00:00","CR L19","L","false","","",""
"371","Climbing room Harness M02","cr_harnesses","Green","2032-10-01","0","2737","IN","","Climbing Room","","","2026-04-29T03:33:16.61595+00:00","CR M02","M","false","","",""
"365","Climbing room Harness L21","cr_harnesses","Green","2033-01-01","0","2737","IN","","Climbing Room","","","2026-04-29T03:33:16.61595+00:00","CR L21","L","false","","",""
"379","Climbing room Harness M10","cr_harnesses","Red","2032-10-01","0","2737","IN","Missing in GearLog","Climbing Room","","","2026-04-29T03:33:16.61595+00:00","CR M10","M","false","","",""
"385","Climbing room Harness M16","cr_harnesses","Yellow","2032-10-01","0","2737","IN","","Climbing Room","","","2026-04-29T03:33:16.61595+00:00","CR M16","M","false","","",""
"376","Climbing room Harness M07","cr_harnesses","Red","2032-10-01","0","2737","IN","Missing in GearLog","Climbing Room","","","2026-04-29T03:33:16.61595+00:00","CR M07","M","false","","",""
"380","Climbing room Harness M11","cr_harnesses","Green","2032-10-01","0","2737","IN","","Climbing Room","","","2026-04-29T03:33:16.61595+00:00","CR M11","M","false","","",""
"388","Climbing room Harness M19","cr_harnesses","Green","2032-10-01","0","2737","IN","","Climbing Room","","","2026-04-29T03:33:16.61595+00:00","CR M19","M","false","","",""
"378","Climbing room Harness M09","cr_harnesses","Green","2032-10-01","0","2737","IN","","Climbing Room","","","2026-04-29T03:33:16.61595+00:00","CR M09","M","false","","",""
"375","Climbing room Harness M06","cr_harnesses","Red","2025-11-01","0","2737","IN","Missing in GearLog","Climbing Room","","","2026-04-29T03:33:16.61595+00:00","CR M06","M","false","","",""
"965","Pinto Trailer (698Q3)","trailers","Green","2051-04-22","0","6843","IN","","Yard","","","2026-04-29T03:33:18.042269+00:00","698Q3","","false","","",""
"3770","LDV PTY202 14 Seater White","vehicles","Green","","0","0","IN","","Yard","NFC3770","QR3770","2026-04-30T22:30:11.260389+00:00","PTY202","","false","","",""
"394","Climbing room Harness M25","cr_harnesses","Yellow","2033-10-01","0","2737","IN","","Climbing Room","","","2026-04-29T03:33:16.61595+00:00","CR M25","M","false","","",""
"400","Climbing room Harness M31","cr_harnesses","Green","2027-01-01","0","2737","IN","","Climbing Room","","","2026-04-29T03:33:16.61595+00:00","CR M31","M","false","","",""
"397","Climbing room Harness M28","cr_harnesses","Green","2027-01-01","0","2737","IN","","Climbing Room","","","2026-04-29T03:33:16.61595+00:00","CR M28","M","false","","",""
"425","Climbing room Harness S04","cr_harnesses","Green","2034-06-03","0","2737","IN","","Climbing Room","","","2026-04-29T03:33:16.61595+00:00","CR S04","S","false","","",""
"414","Climbing room Harness M45","cr_harnesses","Green","2036-03-09","0","2737","IN","","Climbing Room","","","2026-04-29T03:33:16.61595+00:00","CR M45_01","M","false","","",""
"396","Climbing room Harness M27","cr_harnesses","Yellow","2033-10-01","0","2737","IN","","Climbing Room","","","2026-04-29T03:33:16.61595+00:00","CR M27","M","false","","",""
"404","Climbing room Harness M35","cr_harnesses","Yellow","2027-01-01","0","2737","IN","","Climbing Room","","","2026-04-29T03:33:16.61595+00:00","CR M35","M","false","","",""
"428","Climbing room Harness S07","cr_harnesses","Green","2026-12-30","0","2737","IN","","Climbing Room","","","2026-04-29T03:33:16.61595+00:00","CR S07","S","false","","",""
"412","Climbing room Harness M43","cr_harnesses","Green","2036-03-09","0","2737","IN","","Climbing Room","","","2026-04-29T03:33:16.61595+00:00","CR M43_01","M","false","","",""
"411","Climbing room Harness M42","cr_harnesses","Green","2036-03-09","0","2737","IN","","Climbing Room","","","2026-04-29T03:33:16.61595+00:00","CR M42_01","M","false","","",""
"433","Climbing room Harness S12","cr_harnesses","Green","2026-12-30","0","2737","IN","","Climbing Room","","","2026-04-29T03:33:16.61595+00:00","CR S12","S","false","","",""
"417","Climbing room Harness M48","cr_harnesses","Green","2036-03-09","0","2737","IN","","Climbing Room","","","2026-04-29T03:33:16.61595+00:00","CR M48_01","M","false","","",""
"422","Climbing room Harness S01","cr_harnesses","Green","2028-01-01","0","2737","IN","","Climbing Room","","","2026-04-29T03:33:16.61595+00:00","CR S01","S","false","","",""
"416","Climbing room Harness M47","cr_harnesses","Green","2036-03-09","0","2737","IN","","Climbing Room","","","2026-04-29T03:33:16.61595+00:00","CR M47_01","M","false","","",""
"427","Climbing room Harness S06","cr_harnesses","Green","2034-06-03","0","2737","IN","","Climbing Room","","","2026-04-29T03:33:16.61595+00:00","CR S06","S","false","","",""
"432","Climbing room Harness S11","cr_harnesses","Green","2034-06-03","0","2737","IN","","Climbing Room","","","2026-04-29T03:33:16.61595+00:00","CR S11","S","false","","",""
"405","Climbing room Harness M36","cr_harnesses","Green","2036-03-09","0","2737","IN","","Climbing Room","","","2026-04-29T03:33:16.61595+00:00","CR M36_01","M","false","","",""
"426","Climbing room Harness S05","cr_harnesses","Green","2026-12-30","0","2737","IN","","Climbing Room","","","2026-04-29T03:33:16.61595+00:00","CR S05","S","false","","",""
"415","Climbing room Harness M46","cr_harnesses","Green","2036-03-09","0","2737","IN","","Climbing Room","","","2026-04-29T03:33:16.61595+00:00","CR M46_01","M","false","","",""
"429","Climbing room Harness S08","cr_harnesses","Green","2034-06-03","0","2737","IN","","Climbing Room","","","2026-04-29T03:33:16.61595+00:00","CR S08","S","false","","",""
"420","Climbing room Harness M51","cr_harnesses","Green","2036-03-09","0","2737","IN","","Climbing Room","","","2026-04-29T03:33:16.61595+00:00","CR M51_01","M","false","","",""
"401","Climbing room Harness M32","cr_harnesses","Green","2036-03-09","0","2737","IN","","Climbing Room","","","2026-04-29T03:33:16.61595+00:00","CR M32_01","M","false","","",""
"403","Climbing room Harness M34","cr_harnesses","Green","2036-03-09","0","2737","IN","","Climbing Room","","","2026-04-29T03:33:16.61595+00:00","CR M34_01","M","false","","",""
"438","Climbing room Harness S17","cr_harnesses","Green","2036-03-08","0","2737","IN","","Climbing Room","","","2026-04-29T03:33:16.61595+00:00","CR S17_01","S","false","","",""
"421","Climbing room Harness M52","cr_harnesses","Green","2036-03-09","0","2737","IN","","Climbing Room","","","2026-04-29T03:33:16.61595+00:00","CR M52_01","M","false","","",""
"442","Climbing room Harness S21","cr_harnesses","Green","2036-03-08","0","2737","IN","","Climbing Room","","","2026-04-29T03:33:16.61595+00:00","CR S21_01","S","false","","",""
"441","Climbing room Harness S20","cr_harnesses","Green","2036-03-08","0","2737","IN","","Climbing Room","","","2026-04-29T03:33:16.61595+00:00","CR S20_01","S","false","","",""
"3771","LDV PTY203 14 Seater White","vehicles","Green","","0","0","IN","","Yard","NFC3771","QR3771","2026-04-30T22:30:56.424605+00:00","PTY203","","false","","",""
"448","Flying Fox L01","ff_harnesses","Green","2036-03-07","0","2737","IN","","DUB","","","2026-04-29T03:33:16.61595+00:00","FFL01","L","false","","",""
"449","Flying Fox L02","ff_harnesses","Green","2036-03-07","0","2737","IN","","DUB","","","2026-04-29T03:33:16.61595+00:00","FFL02","L","false","","",""
"450","Flying Fox M01","ff_harnesses","Green","2036-03-07","0","2737","IN","","DUB","","","2026-04-29T03:33:16.61595+00:00","FFM01","M","false","","",""
"451","Flying Fox M02","ff_harnesses","Green","2036-03-07","0","2737","IN","","DUB","","","2026-04-29T03:33:16.61595+00:00","FFM02","M","false","","",""
"452","Flying Fox S01","ff_harnesses","Green","2036-03-07","0","2737","IN","","DUB","","","2026-04-29T03:33:16.61595+00:00","FFS01","S","false","","",""
"453","Flying Fox S02","ff_harnesses","Green","2036-03-07","0","2737","IN","","DUB","","","2026-04-29T03:33:16.61595+00:00","FFS02","S","false","","",""
"454","High Rope Trapeze Full Harness Extra Large","hr_harnesses","Green","2032-12-29","0","2737","IN","","High Ropes Shed","","","2026-04-29T03:33:16.61595+00:00","HR T FH XL","XL","false","","",""
"455","High Rope Trapeze Full Harness Medium","hr_harnesses","Green","2034-12-07","0","2737","IN","","High Ropes Shed","","","2026-04-29T03:33:16.61595+00:00","HR T FH M_01","M","false","","",""
"456","High Rope Trapeze Full Harness Small","hr_harnesses","Green","2034-12-07","0","2737","IN","","High Ropes Shed","","","2026-04-29T03:33:16.61595+00:00","HR T FH S_01","S","false","","",""
"457","High Ropes Chest Harness C1","hr_harnesses","Green","2034-02-01","0","2737","IN","","High Ropes Shed","","","2026-04-29T03:33:16.61595+00:00","C1 HR","M","false","","",""
"458","High Ropes Chest Harness C2","hr_harnesses","Green","2034-02-01","0","2737","IN","","High Ropes Shed","","","2026-04-29T03:33:16.61595+00:00","C2 HR","M","false","","",""
"459","High Ropes Chest Harness XL1","hr_harnesses","Green","2034-02-01","0","2737","IN","","High Ropes Shed","","","2026-04-29T03:33:16.61595+00:00","CH XL1 HR","XL","false","","",""
"460","High Ropes Chest Harness XL2","hr_harnesses","Green","2034-02-01","0","2737","IN","","High Ropes Shed","","","2026-04-29T03:33:16.61595+00:00","CH XL2 HR","XL","false","","",""
"461","High Ropes Harness L01","hr_harnesses","Green","2033-06-01","0","2737","IN","","High Ropes Shed","","","2026-04-29T03:33:16.61595+00:00","HR L01","L","false","","",""
"462","High Ropes Harness L02","hr_harnesses","Green","2033-06-01","0","2737","IN","","High Ropes Shed","","","2026-04-29T03:33:16.61595+00:00","HR L02","L","false","","",""
"463","High Ropes Harness L03","hr_harnesses","Green","2033-06-01","0","2737","IN","","High Ropes Shed","","","2026-04-29T03:33:16.61595+00:00","HR L03","L","false","","",""
"464","High Ropes Harness L04","hr_harnesses","Green","2033-06-01","0","2737","IN","","High Ropes Shed","","","2026-04-29T03:33:16.61595+00:00","HR L04","L","false","","",""
"465","High Ropes Harness L05","hr_harnesses","Green","2033-06-01","0","2737","IN","","High Ropes Shed","","","2026-04-29T03:33:16.61595+00:00","HR L05","L","false","","",""
"466","High Ropes Harness L06","hr_harnesses","Green","2033-06-01","0","2737","IN","","High Ropes Shed","","","2026-04-29T03:33:16.61595+00:00","HR L06","L","false","","",""
"467","High Ropes Harness L07","hr_harnesses","Green","2033-06-01","0","2737","IN","","High Ropes Shed","","","2026-04-29T03:33:16.61595+00:00","HR L07","L","false","","",""
"468","High Ropes Harness L08","hr_harnesses","Green","2033-06-01","0","2737","IN","","High Ropes Shed","","","2026-04-29T03:33:16.61595+00:00","HR L08","L","false","","",""
"469","High Ropes Harness L09","hr_harnesses","Green","2033-06-01","0","2737","IN","","High Ropes Shed","","","2026-04-29T03:33:16.61595+00:00","HR L09","L","false","","",""
"470","High Ropes Harness L10","hr_harnesses","Green","2033-06-01","0","2737","IN","","High Ropes Shed","","","2026-04-29T03:33:16.61595+00:00","HR L10","L","false","","",""
"471","High Ropes Harness L11","hr_harnesses","Green","2033-06-01","0","2737","IN","","High Ropes Shed","","","2026-04-29T03:33:16.61595+00:00","HR L11","L","false","","",""
"472","High Ropes Harness L12","hr_harnesses","Green","2033-06-01","0","2737","IN","","High Ropes Shed","","","2026-04-29T03:33:16.61595+00:00","HR L12","L","false","","",""
"473","High Ropes Harness L13","hr_harnesses","Green","2033-06-01","0","2737","IN","","High Ropes Shed","","","2026-04-29T03:33:16.61595+00:00","HR L13","L","false","","",""
"474","High Ropes Harness L14","hr_harnesses","Green","2033-06-01","0","2737","IN","","High Ropes Shed","","","2026-04-29T03:33:16.61595+00:00","HR L14","L","false","","",""
"475","High Ropes Harness M01","hr_harnesses","Green","2033-06-01","0","2737","IN","","High Ropes Shed","","","2026-04-29T03:33:16.61595+00:00","HR M01","M","false","","",""
"476","High Ropes Harness M02","hr_harnesses","Green","2033-06-01","0","2737","IN","","High Ropes Shed","","","2026-04-29T03:33:16.61595+00:00","HR M02","M","false","","",""
"477","High Ropes Harness M03","hr_harnesses","Green","2033-06-01","0","2737","IN","","High Ropes Shed","","","2026-04-29T03:33:16.61595+00:00","HR M03","M","false","","",""
"478","High Ropes Harness M04","hr_harnesses","Green","2033-06-01","0","2737","IN","","High Ropes Shed","","","2026-04-29T03:33:16.61595+00:00","HR M04","M","false","","",""
"479","High Ropes Harness M05","hr_harnesses","Green","2033-06-01","0","2737","IN","","High Ropes Shed","","","2026-04-29T03:33:16.61595+00:00","HR M05","M","false","","",""
"480","High Ropes Harness M06","hr_harnesses","Green","2033-06-01","0","2737","IN","","High Ropes Shed","","","2026-04-29T03:33:16.61595+00:00","HR M06","M","false","","",""
"481","High Ropes Harness M07","hr_harnesses","Green","2033-06-01","0","2737","IN","","High Ropes Shed","","","2026-04-29T03:33:16.61595+00:00","HR M07","M","false","","",""
"482","High Ropes Harness M08","hr_harnesses","Green","2033-06-01","0","2737","IN","","High Ropes Shed","","","2026-04-29T03:33:16.61595+00:00","HR M08","M","false","","",""
"483","High Ropes Harness M09","hr_harnesses","Green","2033-06-01","0","2737","IN","","High Ropes Shed","","","2026-04-29T03:33:16.61595+00:00","HR M09","M","false","","",""
"484","High Ropes Harness M10","hr_harnesses","Green","2033-06-01","0","2737","IN","","High Ropes Shed","","","2026-04-29T03:33:16.61595+00:00","HR M10","M","false","","",""
"485","High Ropes Harness M11","hr_harnesses","Green","2033-06-01","0","2737","IN","","High Ropes Shed","","","2026-04-29T03:33:16.61595+00:00","HR M11","M","false","","",""
"486","High Ropes Harness M12","hr_harnesses","Green","2033-06-01","0","2737","IN","","High Ropes Shed","","","2026-04-29T03:33:16.61595+00:00","HR M12","M","false","","",""
"487","High Ropes Harness M13","hr_harnesses","Green","2033-06-01","0","2737","IN","","High Ropes Shed","","","2026-04-29T03:33:16.61595+00:00","HR M13","M","false","","",""
"488","High Ropes Harness M14","hr_harnesses","Green","2033-06-01","0","2737","IN","","High Ropes Shed","","","2026-04-29T03:33:16.61595+00:00","HR M14","M","false","","",""
"489","High Ropes Harness M15","hr_harnesses","Green","2033-06-01","0","2737","IN","","High Ropes Shed","","","2026-04-29T03:33:16.61595+00:00","HR M15","M","false","","",""
"490","High Ropes Harness M16","hr_harnesses","Green","2033-06-01","0","2737","IN","","High Ropes Shed","","","2026-04-29T03:33:16.61595+00:00","HR M16","M","false","","",""
"491","High Ropes Harness M17","hr_harnesses","Green","2033-06-01","0","2737","IN","","High Ropes Shed","","","2026-04-29T03:33:16.61595+00:00","HR M17","M","false","","",""
"492","High Ropes Harness M18","hr_harnesses","Green","2033-06-01","0","2737","IN","","High Ropes Shed","","","2026-04-29T03:33:16.61595+00:00","HR M18","M","false","","",""
"493","High Ropes Harness M19","hr_harnesses","Green","2033-06-01","0","2737","IN","","High Ropes Shed","","","2026-04-29T03:33:16.61595+00:00","HR M19","M","false","","",""
"494","High Ropes Harness M20","hr_harnesses","Green","2033-06-01","0","2737","IN","","High Ropes Shed","","","2026-04-29T03:33:16.61595+00:00","HR M20","M","false","","",""
"495","High Ropes Harness M21","hr_harnesses","Green","2033-06-01","0","2737","IN","","High Ropes Shed","","","2026-04-29T03:33:16.61595+00:00","HR M21","M","false","","",""
"496","High Ropes Harness S01","hr_harnesses","Green","2033-06-01","0","2737","IN","","High Ropes Shed","","","2026-04-29T03:33:16.61595+00:00","HR S01","S","false","","",""
"497","High Ropes Harness S02","hr_harnesses","Green","2033-06-01","0","2737","IN","","High Ropes Shed","","","2026-04-29T03:33:16.61595+00:00","HR S02","S","false","","",""
"498","High Ropes Harness S03","hr_harnesses","Green","2033-06-01","0","2737","IN","","High Ropes Shed","","","2026-04-29T03:33:16.61595+00:00","HR S03","S","false","","",""
"499","High Ropes Harness S04","hr_harnesses","Green","2033-06-01","0","2737","IN","","High Ropes Shed","","","2026-04-29T03:33:16.61595+00:00","HR S04","S","false","","",""
"443","Climbing room Harness S22","cr_harnesses","Green","2036-03-08","0","2737","IN","","Climbing Room","","","2026-04-29T03:33:16.61595+00:00","CR S22_01","S","false","","",""
"446","Climbing room Harness S25","cr_harnesses","Green","2036-03-08","0","2737","IN","","Climbing Room","","","2026-04-29T03:33:16.61595+00:00","CR S25_01","S","false","","",""
"500","High Ropes Harness S05","hr_harnesses","Green","2033-06-01","0","2737","IN","","High Ropes Shed","","","2026-04-29T03:33:16.61595+00:00","HR S05","S","false","","",""
"501","High Ropes Harness S06","hr_harnesses","Green","2033-06-01","0","2737","IN","","High Ropes Shed","","","2026-04-29T03:33:16.61595+00:00","HR S06","S","false","","",""
"502","High Ropes Harness S07","hr_harnesses","Green","2033-06-01","0","2737","IN","","High Ropes Shed","","","2026-04-29T03:33:16.61595+00:00","HR S07","S","false","","",""
"503","High Ropes Harness S08","hr_harnesses","Green","2033-06-01","0","2737","IN","","High Ropes Shed","","","2026-04-29T03:33:16.61595+00:00","HR S08","S","false","","",""
"504","High Ropes Harness S09","hr_harnesses","Green","2033-06-01","0","2737","IN","","High Ropes Shed","","","2026-04-29T03:33:16.61595+00:00","HR S09","S","false","","",""
"505","High Ropes Harness S10","hr_harnesses","Green","2033-06-01","0","2737","IN","","High Ropes Shed","","","2026-04-29T03:33:16.61595+00:00","HR S10","S","false","","",""
"506","High Ropes Harness XL1","hr_harnesses","Green","2033-06-01","0","2737","IN","","High Ropes Shed","","","2026-04-29T03:33:16.61595+00:00","HR XL1","XL","false","","",""
"507","High Ropes Harness XL2","hr_harnesses","Green","2033-06-01","0","2737","IN","","High Ropes Shed","","","2026-04-29T03:33:16.61595+00:00","HR XL2","XL","false","","",""
"508","Tech room Harness-01 / Black","tech_harnesses","Green","2026-12-30","0","2737","IN","","Tech Climbing Room","","","2026-04-29T03:33:16.61595+00:00","T-Harness-01 / Black","L","false","","",""
"509","Tech room Harness-28 / Yellow-Red-Blue","tech_harnesses","Green","2026-12-30","2","2737","IN","","Tech Climbing Room","","","2026-04-29T03:33:16.61595+00:00","T-Harness-28 / Yellow-Red-Blue","L","false","","",""
"510","Tech room Harness-08 / Yellow-Red","tech_harnesses","Green","2035-12-30","0","2737","IN","","Tech Climbing Room","","","2026-04-29T03:33:16.61595+00:00","T-Harness-08 / Yellow-Red","S","false","","",""
"511","Tech room Harness-10 / White-Red","tech_harnesses","Green","2035-12-30","2","2737","IN","","Tech Climbing Room","","","2026-04-29T03:33:16.61595+00:00","T-Harness-19 / White-Red -01","XL","false","","",""
"512","Tech room Harness-02 / White","tech_harnesses","Green","2031-07-30","7","2737","IN","","Tech Climbing Room","","","2026-04-29T03:33:16.61595+00:00","T-Harness-02 / White","M","false","","",""
"513","Tech room Harness-03 / Yellow","tech_harnesses","Green","2031-07-30","0","2737","IN","","Tech Climbing Room","","","2026-04-29T03:33:16.61595+00:00","T-Harness-03 / Yellow","M","false","","",""
"514","Tech room Harness-04 / Red","tech_harnesses","Red","2031-07-30","0","2737","IN","Missing in GearLog","Tech Climbing Room","","","2026-04-29T03:33:16.61595+00:00","T-Harness-04 / Red","M","false","","",""
"515","Tech room Harness-05 / Blue","tech_harnesses","Green","2031-07-30","2","2737","IN","","Tech Climbing Room","","","2026-04-29T03:33:16.61595+00:00","T-Harness-05 / Blue","M","false","","",""
"516","Tech room Harness-06 / Green","tech_harnesses","Green","2031-07-30","3","2737","IN","","Tech Climbing Room","","","2026-04-29T03:33:16.61595+00:00","T-Harness-06 / Green","M","false","","",""
"517","Tech room Harness-07 / Black-White","tech_harnesses","Green","2031-07-30","7","2737","OUT","","Tech Climbing Room","","","2026-04-29T03:33:16.61595+00:00","T-Harness-07 / Black-White","M","false","","",""
"518","Tech room Harness-11 / Green-Black","tech_harnesses","Green","2031-07-30","7","2737","OUT","","Tech Climbing Room","","","2026-04-29T03:33:16.61595+00:00","T-Harness-11 / Green-Black","M","false","","",""
"519","Tech room Harness-12 / Blue-Yellow","tech_harnesses","Green","2031-07-30","6","2737","IN","","Tech Climbing Room","","","2026-04-29T03:33:16.61595+00:00","T-Harness-12 / Blue-Yellow","M","false","","",""
"520","Tech room Harness-13 / Red-Black","tech_harnesses","Green","2031-07-30","9","2737","IN","","Tech Climbing Room","","","2026-04-29T03:33:16.61595+00:00","T-Harness-13 / Red-Black","M","false","","",""
"521","Tech room Harness-14 / Blue-Red","tech_harnesses","Green","2031-07-30","6","2737","IN","","Tech Climbing Room","","","2026-04-29T03:33:16.61595+00:00","T-Harness-14 / Blue-Red","M","false","","",""
"522","Tech room Harness-15 / White-Green","tech_harnesses","Green","2031-07-30","4","2737","IN","","Tech Climbing Room","","","2026-04-29T03:33:16.61595+00:00","T-Harness-15 / White-Green","M","false","","",""
"523","Tech room Harness-16 / Blue-Black","tech_harnesses","Red","2031-07-30","0","2737","IN","Missing in GearLog","Tech Climbing Room","","","2026-04-29T03:33:16.61595+00:00","T-Harness-16 / Blue-Black","M","false","","",""
"524","Tech room Harness-20 / Yellow-Black","tech_harnesses","Red","2031-07-30","0","2737","IN","Missing in GearLog","Tech Climbing Room","","","2026-04-29T03:33:16.61595+00:00","T-Harness-20 / Yellow-Black","M","false","","",""
"525","Tech room Harness-21 / Yellow-White","tech_harnesses","Green","2031-07-30","16","2737","IN","","Tech Climbing Room","","","2026-04-29T03:33:16.61595+00:00","T-Harness-21 / Yellow-White","M","false","","",""
"526","Tech room Harness-22 / Black-White-Yellow","tech_harnesses","Green","2031-07-30","8","2737","IN","","Tech Climbing Room","","","2026-04-29T03:33:16.61595+00:00","T-Harness-22 / Black-White-Yellow","M","false","","",""
"527","Tech room Harness-23 / Black-White-Red","tech_harnesses","Red","2031-07-30","0","2737","IN","Missing in GearLog","Tech Climbing Room","","","2026-04-29T03:33:16.61595+00:00","T-Harness-23 / Black-White-Red","M","false","","",""
"528","Tech room Harness-24 / Black-White-Blue","tech_harnesses","Green","2031-07-30","8","2737","IN","","Tech Climbing Room","","","2026-04-29T03:33:16.61595+00:00","T-Harness-24 / Black-White-Blue","M","false","","",""
"529","Tech room Harness-25 / Black-White-Green","tech_harnesses","Red","2031-07-30","0","2737","IN","Missing in GearLog","Tech Climbing Room","","","2026-04-29T03:33:16.61595+00:00","T-Harness-25 / Black-White-Green","M","false","","",""
"530","Tech room Harness-29 / Yellow-Red-Green","tech_harnesses","Red","2031-07-30","0","2737","IN","Missing in GearLog","Tech Climbing Room","","","2026-04-29T03:33:16.61595+00:00","T-Harness-29 / Yellow-Red-Green","M","false","","",""
"531","Tech room Harness-30 / Blue-Green-Black","tech_harnesses","Red","2031-07-30","0","2737","IN","Missing in GearLog","Tech Climbing Room","","","2026-04-29T03:33:16.61595+00:00","T-Harness-30 / Blue-Green-Black","M","false","","",""
"532","Tech room Harness-17 / Green-Red","tech_harnesses","Green","2026-12-30","0","2737","IN","","Tech Climbing Room","","","2026-04-29T03:33:16.61595+00:00","T-Harness-17 / Green-Red","S","false","","",""
"533","Tech room Harness-26 / Yellow-Red-Black","tech_harnesses","Green","2026-12-30","0","2737","IN","","Tech Climbing Room","","","2026-04-29T03:33:16.61595+00:00","T-Harness-26 / Yellow-Red-Black","S","false","","",""
"534","Tech Rock Helmet_07 / Black-White","cr_helmets","Green","2033-02-26","4","2737","IN","","Tech Climbing Room","","","2026-04-29T03:33:16.61595+00:00","T-Rock-Helmet_07 / Black-White","","false","","",""
"535","Tech Rock Helmet_08 / Yellow-Red","cr_helmets","Green","2033-02-26","13","2737","IN","","Tech Climbing Room","","","2026-04-29T03:33:16.61595+00:00","T-Rock-Helmet_08 / Yellow-Red","","false","","",""
"536","Tech Rock Helmet_09 / Blue-Green","cr_helmets","Green","2033-02-26","12","2737","IN","","Tech Climbing Room","","","2026-04-29T03:33:16.61595+00:00","T-Rock-Helmet_09 / Blue-Green","","false","","",""
"537","Tech Rock Helmet_10 / White-Red","cr_helmets","Green","2033-02-26","4","2737","IN","","Tech Climbing Room","","","2026-04-29T03:33:16.61595+00:00","T-Rock-Helmet_10 / White-Red","","false","","",""
"538","Tech Rock Helmet_11 / Green-Black","cr_helmets","Green","2033-02-26","6","2737","IN","","Tech Climbing Room","","","2026-04-29T03:33:16.61595+00:00","T-Rock-Helmet_11 / Green-Black","","false","","",""
"539","Tech Rock Helmet_12 / Blue-Yellow","cr_helmets","Green","2033-02-26","4","2737","IN","","Tech Climbing Room","","","2026-04-29T03:33:16.61595+00:00","T-Rock-Helmet_12 / Blue-Yellow","","false","","",""
"3772","Mitsubishi DRE869 15 Seater White/Yellow","vehicles","Green","","0","0","IN","","Yard","NFC3772","QR3772","2026-04-30T22:31:39.841203+00:00","DRE869","","false","","",""
"3773","MPV Car GLL286 White","vehicles","Green","","0","0","IN","","Yard","NFC3773","QR3773","2026-04-30T22:32:24.235016+00:00","GLL286","","false","","",""
"605","Tech Alpine Helmet_01 / Black","cr_helmets","Green","2031-12-30","1","2737","OUT","","Tech Climbing Room","","","2026-04-29T03:33:16.61595+00:00","T-Alpine-Helmet_01 / Black","","false","","",""
"606","Tech Alpine Helmet_02 / White","cr_helmets","Green","2031-12-30","0","2737","IN","","Tech Climbing Room","","","2026-04-29T03:33:16.61595+00:00","T-Alpine-Helmet_02 / White","","false","","",""
"607","Tech Alpine Helmet_03 / Yellow","cr_helmets","Green","2031-12-30","2","2737","IN","","Tech Climbing Room","","","2026-04-29T03:33:16.61595+00:00","T-Alpine-Helmet_03 / Yellow","","false","","",""
"608","Tech Alpine Helmet_04 / Red","cr_helmets","Green","2031-12-30","2","2737","IN","","Tech Climbing Room","","","2026-04-29T03:33:16.61595+00:00","T-Alpine-Helmet_04 / Red","","false","","",""
"609","Tech Alpine Helmet_05 / Blue","cr_helmets","Green","2031-12-30","2","2737","IN","","Tech Climbing Room","","","2026-04-29T03:33:16.61595+00:00","T-Alpine-Helmet_05 / Blue","","false","","",""
"610","Tech Alpine Helmet_06 / Green","cr_helmets","Green","2031-12-30","4","2737","IN","","Tech Climbing Room","","","2026-04-29T03:33:16.61595+00:00","T-Alpine-Helmet_06 / Green","","false","","",""
"611","Tech Alpine Helmet_07 / Black-White","cr_helmets","Green","2031-12-30","5","2737","IN","","Tech Climbing Room","","","2026-04-29T03:33:16.61595+00:00","T-Alpine-Helmet_07 / Black-White","","false","","",""
"612","Tech Alpine Helmet_08 / Yellow-Red","cr_helmets","Green","2031-12-30","4","2737","IN","","Tech Climbing Room","","","2026-04-29T03:33:16.61595+00:00","T-Alpine-Helmet_08 / Yellow-Red","","false","","",""
"613","Tech Alpine Helmet_09 / Blue-Green","cr_helmets","Green","2031-12-30","4","2737","IN","","Tech Climbing Room","","","2026-04-29T03:33:16.61595+00:00","T-Alpine-Helmet_09 / Blue-Green","","false","","",""
"614","Tech Alpine Helmet_10 / White-Red","cr_helmets","Green","2031-12-30","4","2737","IN","","Tech Climbing Room","","","2026-04-29T03:33:16.61595+00:00","T-Alpine-Helmet_10 / White-Red","","false","","",""
"615","Tech Alpine Helmet_11 / Black-Green","cr_helmets","Green","2031-12-30","4","2737","IN","","Tech Climbing Room","","","2026-04-29T03:33:16.61595+00:00","T-Alpine-Helmet_11 / Black-Green","","false","","",""
"616","Tech Alpine Helmet_12 / Blue-Yellow","cr_helmets","Green","2031-12-30","7","2737","IN","","Tech Climbing Room","","","2026-04-29T03:33:16.61595+00:00","T-Alpine-Helmet_12 / Blue-Yellow","","false","","",""
"617","Tech Rock Helmet_01 / Black","cr_helmets","Green","2032-08-29","4","2737","IN","","Tech Climbing Room","","","2026-04-29T03:33:16.61595+00:00","T-Rock-Helmet_01 / Black","","false","","",""
"618","Tech Rock Helmet_02 / White","cr_helmets","Green","2032-08-29","9","2737","IN","","Tech Climbing Room","","","2026-04-29T03:33:16.61595+00:00","T-Rock-Helmet_02 / White","","false","","",""
"619","Tech Rock Helmet_03 / Yellow","cr_helmets","Green","2032-08-29","2","2737","IN","","Tech Climbing Room","","","2026-04-29T03:33:16.61595+00:00","T-Rock-Helmet_03 / Yellow","","false","","",""
"620","Tech Rock Helmet_04 / Red","cr_helmets","Green","2032-08-29","11","2737","IN","","Tech Climbing Room","","","2026-04-29T03:33:16.61595+00:00","T-Rock-Helmet_04 / Red","","false","","",""
"621","Tech Rock Helmet_06 / Green","cr_helmets","Green","2032-08-29","2","2737","IN","","Tech Climbing Room","","","2026-04-29T03:33:16.61595+00:00","T-Rock-Helmet_06 / Green","","false","","",""
"3774","Rodeo Ute BFH269","vehicles","Green","","0","0","IN","","Yard","NFC3774","QR3774","2026-04-30T22:32:57.187936+00:00","BFH269","","false","","",""
"623","Tech Rock Helmet_13 / Red-Black","cr_helmets","Green","2035-12-30","0","2737","IN","","Tech Climbing Room","","","2026-04-29T03:33:16.61595+00:00","T-Rock-Helmet_13 / Red - Black","","false","","",""
"624","Tech Rock Helmet_14 / Blue-Red","cr_helmets","Green","2035-12-30","2","2737","IN","","Tech Climbing Room","","","2026-04-29T03:33:16.61595+00:00","T-Rock-Helmet_14 / Blue - Red","","false","","",""
"625","Tech Rock Helmet_15 / White-Green","cr_helmets","Green","2035-12-30","6","2737","OUT","","Tech Climbing Room","","","2026-04-29T03:33:16.61595+00:00","T-Rock-Helmet_15 / White - Green","","false","","",""
"626","Tech Rock Helmet_16 / Blue-Black","cr_helmets","Green","2035-12-30","3","2737","IN","","Tech Climbing Room","","","2026-04-29T03:33:16.61595+00:00","T-Rock-Helmet_16 / Blue - Black","","false","","",""
"627","Tech Rock Helmet_17 / Green-Red","cr_helmets","Green","2035-12-30","2","2737","IN","","Tech Climbing Room","","","2026-04-29T03:33:16.61595+00:00","T-Rock-Helmet_17 / Green - Red","","false","","",""
"628","Tech Rock Helmet_18 / Yellow-Green","cr_helmets","Green","2035-11-04","0","2737","IN","","Tech Climbing Room","","","2026-04-29T03:33:16.61595+00:00","T-Rock-Helmet_18 / Yellow-Green","","false","","",""
"629","Tech Rock Helmet_19 / White-Blue","cr_helmets","Green","2035-11-04","2","2737","IN","","Tech Climbing Room","","","2026-04-29T03:33:16.61595+00:00","T-Rock-Helmet_19 / White-Blue","","false","","",""
"630","Tech Rock Helmet_20 / Yellow-Black","cr_helmets","Green","2035-11-04","0","2737","IN","","Tech Climbing Room","","","2026-04-29T03:33:16.61595+00:00","T-Rock-Helmet_20 / Yellow-Black","","false","","",""
"633","Climbing room 5mm Prusik / Black #1","prusiks","Green","2029-10-31","2","1368","IN","","Climbing Room","","","2026-04-29T03:33:16.61595+00:00","CR Prusik / Black-01","","false","","",""
"634","Climbing room 5mm Prusik / Black #2","prusiks","Green","2029-10-31","2","1368","IN","","Climbing Room","","","2026-04-29T03:33:16.61595+00:00","CR Prusik / Black-02","","false","","",""
"635","Climbing room 5mm Prusik / Black #3","prusiks","Green","2029-10-31","2","1368","IN","","Climbing Room","","","2026-04-29T03:33:16.61595+00:00","CR Prusik / Black-03","","false","","",""
"636","Climbing room 5mm Prusik / Blue #1","prusiks","Green","2029-10-31","14","1368","IN","","Climbing Room","","","2026-04-29T03:33:16.61595+00:00","CR Prusik / Blue-01","","false","","",""
"637","Climbing room 5mm Prusik / Blue #2","prusiks","Green","2029-10-31","14","1368","IN","","Climbing Room","","","2026-04-29T03:33:16.61595+00:00","CR Prusik / Blue-02","","false","","",""
"638","Climbing room 5mm Prusik / Blue #3","prusiks","Green","2029-10-31","14","1368","IN","","Climbing Room","","","2026-04-29T03:33:16.61595+00:00","CR Prusik / Blue-03","","false","","",""
"639","Climbing room 5mm Prusik / Green #1","prusiks","Green","2029-10-31","14","1368","IN","","Climbing Room","","","2026-04-29T03:33:16.61595+00:00","CR Prusik / Green-01","","false","","",""
"640","Climbing room 5mm Prusik / Green #2","prusiks","Green","2029-10-31","14","1368","IN","","Climbing Room","","","2026-04-29T03:33:16.61595+00:00","CR Prusik / Green-02","","false","","",""
"641","Climbing room 5mm Prusik / Green #3","prusiks","Green","2029-10-31","14","1368","IN","","Climbing Room","","","2026-04-29T03:33:16.61595+00:00","CR Prusik / Green-03","","false","","",""
"642","Climbing room 5mm Prusik / Red #1","prusiks","Green","2029-10-31","16","1368","IN","","Climbing Room","","","2026-04-29T03:33:16.61595+00:00","CR Prusik / Red-01","","false","","",""
"643","Climbing room 5mm Prusik / Red #2","prusiks","Green","2029-10-31","16","1368","IN","","Climbing Room","","","2026-04-29T03:33:16.61595+00:00","CR Prusik / Red-02","","false","","",""
"644","Climbing room 5mm Prusik / Red #3","prusiks","Green","2029-10-31","16","1368","IN","","Climbing Room","","","2026-04-29T03:33:16.61595+00:00","CR Prusik / Red-03","","false","","",""
"645","Climbing room 5mm Prusik / White #1","prusiks","Green","2029-10-31","4","1368","IN","","Climbing Room","","","2026-04-29T03:33:16.61595+00:00","CR Prusik / White-01","","false","","",""
"646","Climbing room 5mm Prusik / White #2","prusiks","Green","2029-10-31","4","1368","IN","","Climbing Room","","","2026-04-29T03:33:16.61595+00:00","CR Prusik / White-02","","false","","",""
"647","Climbing room 5mm Prusik / White #3","prusiks","Green","2029-10-31","4","1368","IN","","Climbing Room","","","2026-04-29T03:33:16.61595+00:00","CR Prusik / White-03","","false","","",""
"648","Climbing room 5mm Prusik / Yellow #1","prusiks","Green","2029-10-31","5","1368","IN","","Climbing Room","","","2026-04-29T03:33:16.61595+00:00","CR Prusik / Yellow-01","","false","","",""
"649","Climbing room 5mm Prusik / Yellow #2","prusiks","Green","2029-10-31","5","1368","IN","","Climbing Room","","","2026-04-29T03:33:16.61595+00:00","CR Prusik / Yellow-02","","false","","",""
"650","Climbing room 5mm Prusik / Yellow #3","prusiks","Green","2029-10-31","5","1368","IN","","Climbing Room","","","2026-04-29T03:33:16.61595+00:00","CR Prusik / Yellow-03","","false","","",""
"651","Tech room Prusik set-01 / Black","prusiks","Green","2028-12-30","12","1368","OUT","","Tech Climbing Room","","","2026-04-29T03:33:16.61595+00:00","T-Prusik-01 / Black","","false","","",""
"652","Tech room Prusik set-02 / White","prusiks","Green","2028-12-30","8","1368","IN","","Tech Climbing Room","","","2026-04-29T03:33:16.61595+00:00","T-Prusik-02 / White","","false","","",""
"653","Tech room Prusik set-03 / Yellow","prusiks","Green","2028-12-30","9","1368","IN","","Tech Climbing Room","","","2026-04-29T03:33:16.61595+00:00","T-Prusik-03 / Yellow","","false","","",""
"654","Tech room Prusik set-04 / Red","prusiks","Green","2028-12-30","6","1368","IN","","Tech Climbing Room","","","2026-04-29T03:33:16.61595+00:00","T-Prusik-04 / Red","","false","","",""
"655","Tech room Prusik set-05 / Blue","prusiks","Green","2028-12-30","4","1368","IN","","Tech Climbing Room","","","2026-04-29T03:33:16.61595+00:00","T-Prusik-05 / Blue","","false","","",""
"656","Tech room Prusik set-06 / Green","prusiks","Green","2028-12-30","7","1368","OUT","","Tech Climbing Room","","","2026-04-29T03:33:16.61595+00:00","T-Prusik-06 / Green","","false","","",""
"657","Tech room Prusik set-07 / Black-White","prusiks","Green","2028-12-30","7","1368","IN","","Tech Climbing Room","","","2026-04-29T03:33:16.61595+00:00","T-Prusik-07 / Black-White","","false","","",""
"658","Tech room Prusik set-08 / Yellow-Red","prusiks","Green","2028-12-30","2","1368","IN","","Tech Climbing Room","","","2026-04-29T03:33:16.61595+00:00","T-Prusik-08 / Yellow-Red","","false","","",""
"659","Tech room Prusik set-09 / Blue-Green","prusiks","Green","2028-12-30","6","1368","IN","","Tech Climbing Room","","","2026-04-29T03:33:16.61595+00:00","T-Prusik-09 / Blue-Green","","false","","",""
"660","Tech room Prusik set-10 / White-Red","prusiks","Green","2028-12-30","10","1368","IN","","Tech Climbing Room","","","2026-04-29T03:33:16.61595+00:00","T-Prusik-10 / White-Red","","false","","",""
"661","Tech room Prusik set-11 / Green-Black","prusiks","Green","2028-12-30","10","1368","IN","","Tech Climbing Room","","","2026-04-29T03:33:16.61595+00:00","T-Prusik-11 / Green-Black","","false","","",""
"662","Tech room Prusik set-12 / Blue-Yellow","prusiks","Green","2028-12-30","12","1368","IN","","Tech Climbing Room","","","2026-04-29T03:33:16.61595+00:00","T-Prusik-12 / Blue-Yellow","","false","","",""
"663","Tech room Prusik set-13 / Red-Black","prusiks","Green","2028-12-30","20","1368","IN","","Tech Climbing Room","","","2026-04-29T03:33:16.61595+00:00","T-Prusik-13 / Red-Black","","false","","",""
"664","Tech room Prusik set-14 / Blue-Red","prusiks","Green","2028-12-30","12","1368","IN","","Tech Climbing Room","","","2026-04-29T03:33:16.61595+00:00","T-Prusik-14 / Blue-Red","","false","","",""
"665","Tech room Prusik set-15 / White-Green","prusiks","Green","2028-12-30","12","1368","IN","","Tech Climbing Room","","","2026-04-29T03:33:16.61595+00:00","T-Prusik-15 / White-Green","","false","","",""
"666","Tech room Prusik set-16 / Blue-Black","prusiks","Green","2028-12-30","6","1368","IN","","Tech Climbing Room","","","2026-04-29T03:33:16.61595+00:00","T-Prusik-16 / Blue-Black","","false","","",""
"667","Tech room Prusik set-17 / Green-Red","prusiks","Green","2028-12-30","8","1368","IN","","Tech Climbing Room","","","2026-04-29T03:33:16.61595+00:00","T-Prusik-17 / Green-Red","","false","","",""
"668","Tech room Prusik set-18 / Yellow-Green","prusiks","Green","2028-12-30","7","1368","IN","","Tech Climbing Room","","","2026-04-29T03:33:16.61595+00:00","T-Prusik-18 / Yellow-Green","","false","","",""
"669","Tech room Prusik set-19 / White-Blue","prusiks","Green","2028-12-30","12","1368","IN","","Tech Climbing Room","","","2026-04-29T03:33:16.61595+00:00","T-Prusik-19 / White-Blue","","false","","",""
"670","Tech room Prusik set-20 / Yellow-Black","prusiks","Green","2028-12-30","4","1368","IN","","Tech Climbing Room","","","2026-04-29T03:33:16.61595+00:00","T-Prusik-20 / Yellow-Black","","false","","",""
"671","Tech room Prusik set-21 / Yellow-White","prusiks","Green","2028-12-30","3","1368","OUT","","Tech Climbing Room","","","2026-04-29T03:33:16.61595+00:00","T-Prusik-21 / Yellow-White","","false","","",""
"672","Tech room Prusik set-22 / Black-White-Yellow","prusiks","Green","2028-12-30","0","1368","IN","","Tech Climbing Room","","","2026-04-29T03:33:16.61595+00:00","T-Prusik-22 / Black-White-Yellow","","false","","",""
"673","Tech room Prusik set-23 / Black-White-Red","prusiks","Green","2028-12-30","0","1368","IN","","Tech Climbing Room","","","2026-04-29T03:33:16.61595+00:00","T-Prusik-23 / Black-White-Red","","false","","",""
"674","Tech room Prusik set-24 / Black-White-Blue","prusiks","Green","2028-12-30","4","1368","IN","","Tech Climbing Room","","","2026-04-29T03:33:16.61595+00:00","T-Prusik-24 / Black-White-Blue","","false","","",""
"675","Tech room Prusik set-25 / Black-White-Green","prusiks","Red","2028-12-30","0","1368","IN","Missing in GearLog","Tech Climbing Room","","","2026-04-29T03:33:16.61595+00:00","T-Prusik-25 / Black-White-Green","","false","","",""
"676","Tech room Quickdraws-10 / White-Red #1","quickdraws","Green","2035-12-30","7","2737","IN","","Tech Climbing Room","","","2026-04-29T03:33:16.61595+00:00","T-QDraws-10 / White-Red-01","","false","","",""
"677","Tech room Quickdraws-10 / White-Red #2","quickdraws","Green","2035-12-30","7","2737","IN","","Tech Climbing Room","","","2026-04-29T03:33:16.61595+00:00","T-QDraws-10 / White-Red-02","","false","","",""
"678","Tech room Quickdraws-10 / White-Red #3","quickdraws","Green","2035-12-30","7","2737","IN","","Tech Climbing Room","","","2026-04-29T03:33:16.61595+00:00","T-QDraws-10 / White-Red-03","","false","","",""
"679","Tech room Quickdraws-10 / White-Red #4","quickdraws","Green","2035-12-30","7","2737","IN","","Tech Climbing Room","","","2026-04-29T03:33:16.61595+00:00","T-QDraws-10 / White-Red-04","","false","","",""
"680","Tech room Quickdraws-10 / White-Red #5","quickdraws","Green","2035-12-30","7","2737","IN","","Tech Climbing Room","","","2026-04-29T03:33:16.61595+00:00","T-QDraws-10 / White-Red-05","","false","","",""
"681","Tech room Quickdraws-10 / White-Red #6","quickdraws","Green","2035-12-30","7","2737","IN","","Tech Climbing Room","","","2026-04-29T03:33:16.61595+00:00","T-QDraws-10 / White-Red-06","","false","","",""
"682","Tech room Quickdraws-11 / Green/Black #1","quickdraws","Green","2035-12-30","10","2737","IN","","Tech Climbing Room","","","2026-04-29T03:33:16.61595+00:00","T-QDraws-11 / Green/Black-01","","false","","",""
"683","Tech room Quickdraws-11 / Green/Black #2","quickdraws","Green","2035-12-30","10","2737","IN","","Tech Climbing Room","","","2026-04-29T03:33:16.61595+00:00","T-QDraws-11 / Green/Black-02","","false","","",""
"684","Tech room Quickdraws-11 / Green/Black #3","quickdraws","Green","2035-12-30","10","2737","IN","","Tech Climbing Room","","","2026-04-29T03:33:16.61595+00:00","T-QDraws-11 / Green/Black-03","","false","","",""
"685","Tech room Quickdraws-11 / Green/Black #4","quickdraws","Green","2035-12-30","10","2737","IN","","Tech Climbing Room","","","2026-04-29T03:33:16.61595+00:00","T-QDraws-11 / Green/Black-04","","false","","",""
"686","Tech room Quickdraws-11 / Green/Black #5","quickdraws","Green","2035-12-30","10","2737","IN","","Tech Climbing Room","","","2026-04-29T03:33:16.61595+00:00","T-QDraws-11 / Green/Black-05","","false","","",""
"687","Tech room Quickdraws-11 / Green/Black #6","quickdraws","Green","2035-12-30","10","2737","IN","","Tech Climbing Room","","","2026-04-29T03:33:16.61595+00:00","T-QDraws-11 / Green/Black-06","","false","","",""
"688","Tech room Quickdraws-12 / Blue/Yellow #1","quickdraws","Green","2035-12-30","7","2737","IN","","Tech Climbing Room","","","2026-04-29T03:33:16.61595+00:00","T-QDraws-12 / Blue/Yellow-01","","false","","",""
"689","Tech room Quickdraws-12 / Blue/Yellow #2","quickdraws","Green","2035-12-30","7","2737","IN","","Tech Climbing Room","","","2026-04-29T03:33:16.61595+00:00","T-QDraws-12 / Blue/Yellow-02","","false","","",""
"690","Tech room Quickdraws-12 / Blue/Yellow #3","quickdraws","Green","2035-12-30","7","2737","IN","","Tech Climbing Room","","","2026-04-29T03:33:16.61595+00:00","T-QDraws-12 / Blue/Yellow-03","","false","","",""
"691","Tech room Quickdraws-12 / Blue/Yellow #4","quickdraws","Green","2035-12-30","7","2737","IN","","Tech Climbing Room","","","2026-04-29T03:33:16.61595+00:00","T-QDraws-12 / Blue/Yellow-04","","false","","",""
"692","Tech room Quickdraws-12 / Blue/Yellow #5","quickdraws","Green","2035-12-30","7","2737","IN","","Tech Climbing Room","","","2026-04-29T03:33:16.61595+00:00","T-QDraws-12 / Blue/Yellow-05","","false","","",""
"693","Tech room Quickdraws-12 / Blue/Yellow #6","quickdraws","Green","2035-12-30","7","2737","IN","","Tech Climbing Room","","","2026-04-29T03:33:16.61595+00:00","T-QDraws-12 / Blue/Yellow-06","","false","","",""
"694","Tech room Quickdraws-13 / Red/Black #1","quickdraws","Green","2035-12-30","7","2737","IN","","Tech Climbing Room","","","2026-04-29T03:33:16.61595+00:00","T-QDraws-13 / Red/Black-01","","false","","",""
"695","Tech room Quickdraws-13 / Red/Black #2","quickdraws","Green","2035-12-30","7","2737","IN","","Tech Climbing Room","","","2026-04-29T03:33:16.61595+00:00","T-QDraws-13 / Red/Black-02","","false","","",""
"696","Tech room Quickdraws-13 / Red/Black #3","quickdraws","Green","2035-12-30","7","2737","IN","","Tech Climbing Room","","","2026-04-29T03:33:16.61595+00:00","T-QDraws-13 / Red/Black-03","","false","","",""
"697","Tech room Quickdraws-13 / Red/Black #4","quickdraws","Green","2035-12-30","7","2737","IN","","Tech Climbing Room","","","2026-04-29T03:33:16.61595+00:00","T-QDraws-13 / Red/Black-04","","false","","",""
"698","Tech room Quickdraws-13 / Red/Black #5","quickdraws","Green","2035-12-30","7","2737","IN","","Tech Climbing Room","","","2026-04-29T03:33:16.61595+00:00","T-QDraws-13 / Red/Black-05","","false","","",""
"699","Tech room Quickdraws-13 / Red/Black #6","quickdraws","Green","2035-12-30","7","2737","IN","","Tech Climbing Room","","","2026-04-29T03:33:16.61595+00:00","T-QDraws-13 / Red/Black-06","","false","","",""
"700","Tech room Quickdraws-14 / Blue/Red #1","quickdraws","Green","2035-12-30","5","2737","IN","","Tech Climbing Room","","","2026-04-29T03:33:16.61595+00:00","T-QDraws-14 / Blue / Red-01","","false","","",""
"701","Tech room Quickdraws-14 / Blue/Red #2","quickdraws","Green","2035-12-30","5","2737","IN","","Tech Climbing Room","","","2026-04-29T03:33:16.61595+00:00","T-QDraws-14 / Blue / Red-02","","false","","",""
"702","Tech room Quickdraws-14 / Blue/Red #3","quickdraws","Green","2035-12-30","5","2737","IN","","Tech Climbing Room","","","2026-04-29T03:33:16.61595+00:00","T-QDraws-14 / Blue / Red-03","","false","","",""
"703","Tech room Quickdraws-14 / Blue/Red #4","quickdraws","Green","2035-12-30","5","2737","IN","","Tech Climbing Room","","","2026-04-29T03:33:16.61595+00:00","T-QDraws-14 / Blue / Red-04","","false","","",""
"704","Tech room Quickdraws-14 / Blue/Red #5","quickdraws","Green","2035-12-30","5","2737","IN","","Tech Climbing Room","","","2026-04-29T03:33:16.61595+00:00","T-QDraws-14 / Blue / Red-05","","false","","",""
"705","Tech room Quickdraws-14 / Blue/Red #6","quickdraws","Green","2035-12-30","5","2737","IN","","Tech Climbing Room","","","2026-04-29T03:33:16.61595+00:00","T-QDraws-14 / Blue / Red-06","","false","","",""
"706","Tech room Quickdraws-15 / White/Green #1","quickdraws","Green","2035-12-30","7","2737","IN","","Tech Climbing Room","","","2026-04-29T03:33:16.61595+00:00","T-QDraws-15 / White / Green-01","","false","","",""
"707","Tech room Quickdraws-15 / White/Green #2","quickdraws","Green","2035-12-30","7","2737","IN","","Tech Climbing Room","","","2026-04-29T03:33:16.61595+00:00","T-QDraws-15 / White / Green-02","","false","","",""
"708","Tech room Quickdraws-15 / White/Green #3","quickdraws","Green","2035-12-30","7","2737","IN","","Tech Climbing Room","","","2026-04-29T03:33:16.61595+00:00","T-QDraws-15 / White / Green-03","","false","","",""
"709","Tech room Quickdraws-15 / White/Green #4","quickdraws","Green","2035-12-30","7","2737","IN","","Tech Climbing Room","","","2026-04-29T03:33:16.61595+00:00","T-QDraws-15 / White / Green-04","","false","","",""
"710","Tech room Quickdraws-15 / White/Green #5","quickdraws","Green","2035-12-30","7","2737","IN","","Tech Climbing Room","","","2026-04-29T03:33:16.61595+00:00","T-QDraws-15 / White / Green-05","","false","","",""
"711","Tech room Quickdraws-15 / White/Green #6","quickdraws","Green","2035-12-30","7","2737","IN","","Tech Climbing Room","","","2026-04-29T03:33:16.61595+00:00","T-QDraws-15 / White / Green-06","","false","","",""
"712","Tech room Quickdraws-16 / Blue/Black #1","quickdraws","Green","2035-12-30","8","2737","IN","","Tech Climbing Room","","","2026-04-29T03:33:16.61595+00:00","T-QDraws-16 / Blue / Black-01","","false","","",""
"713","Tech room Quickdraws-16 / Blue/Black #2","quickdraws","Green","2035-12-30","8","2737","IN","","Tech Climbing Room","","","2026-04-29T03:33:16.61595+00:00","T-QDraws-16 / Blue / Black-02","","false","","",""
"714","Tech room Quickdraws-16 / Blue/Black #3","quickdraws","Green","2035-12-30","8","2737","IN","","Tech Climbing Room","","","2026-04-29T03:33:16.61595+00:00","T-QDraws-16 / Blue / Black-03","","false","","",""
"715","Tech room Quickdraws-16 / Blue/Black #4","quickdraws","Green","2035-12-30","8","2737","IN","","Tech Climbing Room","","","2026-04-29T03:33:16.61595+00:00","T-QDraws-16 / Blue / Black-04","","false","","",""
"716","Tech room Quickdraws-16 / Blue/Black #5","quickdraws","Green","2035-12-30","8","2737","IN","","Tech Climbing Room","","","2026-04-29T03:33:16.61595+00:00","T-QDraws-16 / Blue / Black-05","","false","","",""
"717","Tech room Quickdraws-16 / Blue/Black #6","quickdraws","Green","2035-12-30","8","2737","IN","","Tech Climbing Room","","","2026-04-29T03:33:16.61595+00:00","T-QDraws-16 / Blue / Black-06","","false","","",""
"718","Tech room Quickdraws-17 / Green/Red #1","quickdraws","Green","2035-12-30","11","2737","IN","","Tech Climbing Room","","","2026-04-29T03:33:16.61595+00:00","T-QDraws-17 / Green / Red-01","","false","","",""
"719","Tech room Quickdraws-17 / Green/Red #2","quickdraws","Green","2035-12-30","11","2737","IN","","Tech Climbing Room","","","2026-04-29T03:33:16.61595+00:00","T-QDraws-17 / Green / Red-02","","false","","",""
"720","Tech room Quickdraws-17 / Green/Red #3","quickdraws","Green","2035-12-30","11","2737","IN","","Tech Climbing Room","","","2026-04-29T03:33:16.61595+00:00","T-QDraws-17 / Green / Red-03","","false","","",""
"721","Tech room Quickdraws-17 / Green/Red #4","quickdraws","Green","2035-12-30","11","2737","IN","","Tech Climbing Room","","","2026-04-29T03:33:16.61595+00:00","T-QDraws-17 / Green / Red-04","","false","","",""
"722","Tech room Quickdraws-17 / Green/Red #5","quickdraws","Green","2035-12-30","11","2737","IN","","Tech Climbing Room","","","2026-04-29T03:33:16.61595+00:00","T-QDraws-17 / Green / Red-05","","false","","",""
"723","Tech room Quickdraws-17 / Green/Red #6","quickdraws","Green","2035-12-30","11","2737","IN","","Tech Climbing Room","","","2026-04-29T03:33:16.61595+00:00","T-QDraws-17 / Green / Red-06","","false","","",""
"724","Tech room Quickdraws-01 / Black #1","quickdraws","Green","2028-12-30","16","1368","IN","","Tech Climbing Room","","","2026-04-29T03:33:16.61595+00:00","T-QDraws-01 / Black-01","","false","","",""
"725","Tech room Quickdraws-01 / Black #2","quickdraws","Green","2028-12-30","16","1368","IN","","Tech Climbing Room","","","2026-04-29T03:33:16.61595+00:00","T-QDraws-01 / Black-02","","false","","",""
"726","Tech room Quickdraws-01 / Black #3","quickdraws","Green","2028-12-30","16","1368","IN","","Tech Climbing Room","","","2026-04-29T03:33:16.61595+00:00","T-QDraws-01 / Black-03","","false","","",""
"727","Tech room Quickdraws-01 / Black #4","quickdraws","Green","2028-12-30","16","1368","IN","","Tech Climbing Room","","","2026-04-29T03:33:16.61595+00:00","T-QDraws-01 / Black-04","","false","","",""
"728","Tech room Quickdraws-01 / Black #5","quickdraws","Green","2028-12-30","16","1368","IN","","Tech Climbing Room","","","2026-04-29T03:33:16.61595+00:00","T-QDraws-01 / Black-05","","false","","",""
"729","Tech room Quickdraws-01 / Black #6","quickdraws","Green","2028-12-30","16","1368","IN","","Tech Climbing Room","","","2026-04-29T03:33:16.61595+00:00","T-QDraws-01 / Black-06","","false","","",""
"730","Tech room Quickdraws-02 / White #1","quickdraws","Green","2028-12-30","13","1368","IN","","Tech Climbing Room","","","2026-04-29T03:33:16.61595+00:00","T-QDraws-02 / White-01","","false","","",""
"731","Tech room Quickdraws-02 / White #2","quickdraws","Green","2028-12-30","13","1368","IN","","Tech Climbing Room","","","2026-04-29T03:33:16.61595+00:00","T-QDraws-02 / White-02","","false","","",""
"732","Tech room Quickdraws-02 / White #3","quickdraws","Green","2028-12-30","13","1368","IN","","Tech Climbing Room","","","2026-04-29T03:33:16.61595+00:00","T-QDraws-02 / White-03","","false","","",""
"733","Tech room Quickdraws-02 / White #4","quickdraws","Green","2028-12-30","13","1368","IN","","Tech Climbing Room","","","2026-04-29T03:33:16.61595+00:00","T-QDraws-02 / White-04","","false","","",""
"734","Tech room Quickdraws-02 / White #5","quickdraws","Green","2028-12-30","13","1368","IN","","Tech Climbing Room","","","2026-04-29T03:33:16.61595+00:00","T-QDraws-02 / White-05","","false","","",""
"735","Tech room Quickdraws-02 / White #6","quickdraws","Green","2028-12-30","13","1368","IN","","Tech Climbing Room","","","2026-04-29T03:33:16.61595+00:00","T-QDraws-02 / White-06","","false","","",""
"736","Tech room Quickdraws-03 / Yellow #1","quickdraws","Green","2028-12-30","13","1368","IN","","Tech Climbing Room","","","2026-04-29T03:33:16.61595+00:00","T-QDraws-03 / Yellow-01","","false","","",""
"737","Tech room Quickdraws-03 / Yellow #2","quickdraws","Green","2028-12-30","13","1368","IN","","Tech Climbing Room","","","2026-04-29T03:33:16.61595+00:00","T-QDraws-03 / Yellow-02","","false","","",""
"738","Tech room Quickdraws-03 / Yellow #3","quickdraws","Green","2028-12-30","13","1368","IN","","Tech Climbing Room","","","2026-04-29T03:33:16.61595+00:00","T-QDraws-03 / Yellow-03","","false","","",""
"739","Tech room Quickdraws-03 / Yellow #4","quickdraws","Green","2028-12-30","13","1368","IN","","Tech Climbing Room","","","2026-04-29T03:33:16.61595+00:00","T-QDraws-03 / Yellow-04","","false","","",""
"740","Tech room Quickdraws-03 / Yellow #5","quickdraws","Green","2028-12-30","13","1368","IN","","Tech Climbing Room","","","2026-04-29T03:33:16.61595+00:00","T-QDraws-03 / Yellow-05","","false","","",""
"741","Tech room Quickdraws-03 / Yellow #6","quickdraws","Green","2028-12-30","13","1368","IN","","Tech Climbing Room","","","2026-04-29T03:33:16.61595+00:00","T-QDraws-03 / Yellow-06","","false","","",""
"742","Tech room Quickdraws-04 / Red #1","quickdraws","Green","2028-12-30","18","1368","IN","","Tech Climbing Room","","","2026-04-29T03:33:16.61595+00:00","T-QDraws-04 / Red-01","","false","","",""
"743","Tech room Quickdraws-04 / Red #2","quickdraws","Green","2028-12-30","18","1368","IN","","Tech Climbing Room","","","2026-04-29T03:33:16.61595+00:00","T-QDraws-04 / Red-02","","false","","",""
"744","Tech room Quickdraws-04 / Red #3","quickdraws","Green","2028-12-30","18","1368","IN","","Tech Climbing Room","","","2026-04-29T03:33:16.61595+00:00","T-QDraws-04 / Red-03","","false","","",""
"745","Tech room Quickdraws-04 / Red #4","quickdraws","Green","2028-12-30","18","1368","IN","","Tech Climbing Room","","","2026-04-29T03:33:16.61595+00:00","T-QDraws-04 / Red-04","","false","","",""
"746","Tech room Quickdraws-04 / Red #5","quickdraws","Green","2028-12-30","18","1368","IN","","Tech Climbing Room","","","2026-04-29T03:33:16.61595+00:00","T-QDraws-04 / Red-05","","false","","",""
"747","Tech room Quickdraws-04 / Red #6","quickdraws","Green","2028-12-30","18","1368","IN","","Tech Climbing Room","","","2026-04-29T03:33:16.61595+00:00","T-QDraws-04 / Red-06","","false","","",""
"748","Tech room Quickdraws-05 / Blue #1","quickdraws","Green","2028-12-30","16","1368","IN","","Tech Climbing Room","","","2026-04-29T03:33:16.61595+00:00","T-QDraws-05 / Blue-01","","false","","",""
"749","Tech room Quickdraws-05 / Blue #2","quickdraws","Green","2028-12-30","16","1368","IN","","Tech Climbing Room","","","2026-04-29T03:33:16.61595+00:00","T-QDraws-05 / Blue-02","","false","","",""
"750","Tech room Quickdraws-05 / Blue #3","quickdraws","Green","2028-12-30","16","1368","IN","","Tech Climbing Room","","","2026-04-29T03:33:16.61595+00:00","T-QDraws-05 / Blue-03","","false","","",""
"751","Tech room Quickdraws-05 / Blue #4","quickdraws","Green","2028-12-30","16","1368","IN","","Tech Climbing Room","","","2026-04-29T03:33:16.61595+00:00","T-QDraws-05 / Blue-04","","false","","",""
"752","Tech room Quickdraws-05 / Blue #5","quickdraws","Green","2028-12-30","16","1368","IN","","Tech Climbing Room","","","2026-04-29T03:33:16.61595+00:00","T-QDraws-05 / Blue-05","","false","","",""
"753","Tech room Quickdraws-05 / Blue #6","quickdraws","Green","2028-12-30","16","1368","IN","","Tech Climbing Room","","","2026-04-29T03:33:16.61595+00:00","T-QDraws-05 / Blue-06","","false","","",""
"754","Tech room Quickdraws-06 / Green #1","quickdraws","Green","2028-12-30","14","1368","IN","","Tech Climbing Room","","","2026-04-29T03:33:16.61595+00:00","T-QDraws-06 / Green-01","","false","","",""
"755","Tech room Quickdraws-06 / Green #2","quickdraws","Green","2028-12-30","14","1368","IN","","Tech Climbing Room","","","2026-04-29T03:33:16.61595+00:00","T-QDraws-06 / Green-02","","false","","",""
"756","Tech room Quickdraws-06 / Green #3","quickdraws","Green","2028-12-30","14","1368","IN","","Tech Climbing Room","","","2026-04-29T03:33:16.61595+00:00","T-QDraws-06 / Green-03","","false","","",""
"757","Tech room Quickdraws-06 / Green #4","quickdraws","Green","2028-12-30","14","1368","IN","","Tech Climbing Room","","","2026-04-29T03:33:16.61595+00:00","T-QDraws-06 / Green-04","","false","","",""
"758","Tech room Quickdraws-06 / Green #5","quickdraws","Green","2028-12-30","14","1368","IN","","Tech Climbing Room","","","2026-04-29T03:33:16.61595+00:00","T-QDraws-06 / Green-05","","false","","",""
"759","Tech room Quickdraws-06 / Green #6","quickdraws","Green","2028-12-30","14","1368","IN","","Tech Climbing Room","","","2026-04-29T03:33:16.61595+00:00","T-QDraws-06 / Green-06","","false","","",""
"760","Tech room Quickdraws-07 / Black-White #1","quickdraws","Green","2028-12-30","12","1368","IN","","Tech Climbing Room","","","2026-04-29T03:33:16.61595+00:00","T-QDraws-07 / Black-White-01","","false","","",""
"761","Tech room Quickdraws-07 / Black-White #2","quickdraws","Green","2028-12-30","12","1368","IN","","Tech Climbing Room","","","2026-04-29T03:33:16.61595+00:00","T-QDraws-07 / Black-White-02","","false","","",""
"762","Tech room Quickdraws-07 / Black-White #3","quickdraws","Green","2028-12-30","12","1368","IN","","Tech Climbing Room","","","2026-04-29T03:33:16.61595+00:00","T-QDraws-07 / Black-White-03","","false","","",""
"763","Tech room Quickdraws-07 / Black-White #4","quickdraws","Green","2028-12-30","12","1368","IN","","Tech Climbing Room","","","2026-04-29T03:33:16.61595+00:00","T-QDraws-07 / Black-White-04","","false","","",""
"764","Tech room Quickdraws-07 / Black-White #5","quickdraws","Green","2028-12-30","12","1368","IN","","Tech Climbing Room","","","2026-04-29T03:33:16.61595+00:00","T-QDraws-07 / Black-White-05","","false","","",""
"765","Tech room Quickdraws-07 / Black-White #6","quickdraws","Green","2028-12-30","12","1368","IN","","Tech Climbing Room","","","2026-04-29T03:33:16.61595+00:00","T-QDraws-07 / Black-White-06","","false","","",""
"766","Tech room Quickdraws-08 / Yellow-Red #1","quickdraws","Green","2028-12-30","10","1368","IN","","Tech Climbing Room","","","2026-04-29T03:33:16.61595+00:00","T-QDraws-08 / Yellow-Red-01","","false","","",""
"767","Tech room Quickdraws-08 / Yellow-Red #2","quickdraws","Green","2028-12-30","10","1368","IN","","Tech Climbing Room","","","2026-04-29T03:33:16.61595+00:00","T-QDraws-08 / Yellow-Red-02","","false","","",""
"768","Tech room Quickdraws-08 / Yellow-Red #3","quickdraws","Green","2028-12-30","10","1368","IN","","Tech Climbing Room","","","2026-04-29T03:33:16.61595+00:00","T-QDraws-08 / Yellow-Red-03","","false","","",""
"769","Tech room Quickdraws-08 / Yellow-Red #4","quickdraws","Green","2028-12-30","10","1368","IN","","Tech Climbing Room","","","2026-04-29T03:33:16.61595+00:00","T-QDraws-08 / Yellow-Red-04","","false","","",""
"770","Tech room Quickdraws-08 / Yellow-Red #5","quickdraws","Green","2028-12-30","10","1368","IN","","Tech Climbing Room","","","2026-04-29T03:33:16.61595+00:00","T-QDraws-08 / Yellow-Red-05","","false","","",""
"771","Tech room Quickdraws-08 / Yellow-Red #6","quickdraws","Green","2028-12-30","10","1368","IN","","Tech Climbing Room","","","2026-04-29T03:33:16.61595+00:00","T-QDraws-08 / Yellow-Red-06","","false","","",""
"772","Tech room Quickdraws-09 / Blue-Green #1","quickdraws","Green","2028-12-30","2","1368","IN","","Tech Climbing Room","","","2026-04-29T03:33:16.61595+00:00","T-QDraws-09 / Blue-Green-01","","false","","",""
"773","Tech room Quickdraws-09 / Blue-Green #2","quickdraws","Green","2028-12-30","2","1368","IN","","Tech Climbing Room","","","2026-04-29T03:33:16.61595+00:00","T-QDraws-09 / Blue-Green-02","","false","","",""
"774","Tech room Quickdraws-09 / Blue-Green #3","quickdraws","Green","2028-12-30","2","1368","IN","","Tech Climbing Room","","","2026-04-29T03:33:16.61595+00:00","T-QDraws-09 / Blue-Green-03","","false","","",""
"775","Tech room Quickdraws-09 / Blue-Green #4","quickdraws","Green","2028-12-30","2","1368","IN","","Tech Climbing Room","","","2026-04-29T03:33:16.61595+00:00","T-QDraws-09 / Blue-Green-04","","false","","",""
"776","Tech room Quickdraws-09 / Blue-Green #5","quickdraws","Green","2028-12-30","2","1368","IN","","Tech Climbing Room","","","2026-04-29T03:33:16.61595+00:00","T-QDraws-09 / Blue-Green-05","","false","","",""
"777","Tech room Quickdraws-09 / Blue-Green #6","quickdraws","Green","2028-12-30","2","1368","IN","","Tech Climbing Room","","","2026-04-29T03:33:16.61595+00:00","T-QDraws-09 / Blue-Green-06","","false","","",""
"3775","Toyota Hilux Ute YW6835","vehicles","Green","","0","0","IN","","Yard","NFC3775","QR3775","2026-04-30T22:33:50.850981+00:00","YW6835","","false","","",""
"779","Dry bag 002","cat_dry_bags","Green","2051-04-22","0","4106","IN","","Climbing Room","","","2026-04-29T03:33:16.61595+00:00","DB002","","false","","",""
"780","Dry bag 003","cat_dry_bags","Green","2051-04-22","0","4106","IN","","Climbing Room","","","2026-04-29T03:33:16.61595+00:00","DB003","","false","","",""
"781","Dry bag 004","cat_dry_bags","Green","2051-04-22","0","4106","IN","","Climbing Room","","","2026-04-29T03:33:16.61595+00:00","DB004","","false","","",""
"782","Dry bag 005","cat_dry_bags","Green","2051-04-22","0","4106","IN","","Climbing Room","","","2026-04-29T03:33:16.61595+00:00","DB005","","false","","",""
"783","Dry bag 006","cat_dry_bags","Green","2041-04-09","0","4106","IN","","Climbing Room","","","2026-04-29T03:33:16.61595+00:00","DB006","","false","","",""
"784","Dry bag 007","cat_dry_bags","Green","2041-04-09","0","4106","IN","","Climbing Room","","","2026-04-29T03:33:16.61595+00:00","DB007","","false","","",""
"785","Dry bag 008","cat_dry_bags","Green","2041-04-09","0","4106","IN","","Climbing Room","","","2026-04-29T03:33:16.61595+00:00","DB008","","false","","",""
"786","Dry bag 009","cat_dry_bags","Green","2041-04-09","0","4106","IN","","Climbing Room","","","2026-04-29T03:33:16.61595+00:00","DB009","","false","","",""
"787","Dry bag 010","cat_dry_bags","Green","2041-04-09","0","4106","IN","","Climbing Room","","","2026-04-29T03:33:16.61595+00:00","DB010","","false","","",""
"789","Locker Dry bag 008","locker_dry_bags","Green","2041-04-09","0","4106","IN","","Climbing Room","","","2026-04-29T03:33:16.61595+00:00","LDB 008","","false","","",""
"790","Locker Dry bag 008","locker_dry_bags","Green","2051-04-22","0","4106","IN","","Climbing Room","","","2026-04-29T03:33:16.61595+00:00","LDB008","","false","","",""
"791","Locker Dry bag 009","locker_dry_bags","Green","2051-04-22","0","4106","IN","","Climbing Room","","","2026-04-29T03:33:16.61595+00:00","LDB009","","false","","",""
"792","Locker Dry bag 013","locker_dry_bags","Green","2051-04-22","0","4106","IN","","Climbing Room","","","2026-04-29T03:33:16.61595+00:00","LDB013","","false","","",""
"793","Locker Dry bag 018a","locker_dry_bags","Green","2051-04-22","0","4106","IN","","Climbing Room","","","2026-04-29T03:33:16.61595+00:00","LDB018a","","false","","",""
"794","Locker Dry bag 018b","locker_dry_bags","Green","2051-04-22","0","4106","IN","","Climbing Room","","","2026-04-29T03:33:16.61595+00:00","LDB018b","","false","","",""
"795","Locker Dry bag 018c","locker_dry_bags","Green","2051-04-22","0","4106","IN","","Climbing Room","","","2026-04-29T03:33:16.61595+00:00","LDB018c","","false","","",""
"796","Locker Dry bag 018d","locker_dry_bags","Green","2051-04-22","0","4106","IN","","Climbing Room","","","2026-04-29T03:33:16.61595+00:00","LDB018d","","false","","",""
"797","Tech rope bag - 01","rope_bags","Green","2050-10-30","4","6843","IN","","Tech Climbing Room","","","2026-04-29T03:33:16.61595+00:00","TRB-01","","false","","",""
"799","Tech rope bag - 03","rope_bags","Green","2050-10-30","4","6843","IN","","Tech Climbing Room","","","2026-04-29T03:33:16.61595+00:00","TRB-03","","false","","",""
"800","Tech rope bag - 04","rope_bags","Green","2050-10-30","4","6843","IN","","Tech Climbing Room","","","2026-04-29T03:33:16.61595+00:00","TRB-04","","false","","",""
"801","Tech rope bag - 05","rope_bags","Green","2050-10-30","6","6843","IN","","Tech Climbing Room","","","2026-04-29T03:33:16.61595+00:00","TRB-05","","false","","",""
"802","Tech rope bag - 06","rope_bags","Green","2050-10-30","7","6843","IN","","Tech Climbing Room","","","2026-04-29T03:33:16.61595+00:00","TRB-06","","false","","",""
"804","Tech rope bag - 08","rope_bags","Green","2050-10-30","2","6843","IN","","Tech Climbing Room","","","2026-04-29T03:33:16.61595+00:00","TRB-08","","false","","",""
"805","Climbing room Fall Arrest Energy Absorber","cat_energy_absorber","Yellow","2026-09-01","5","2737","IN","","Climbing Room","","","2026-04-29T03:33:16.61595+00:00","CR Energy Absorber","","false","","",""
"806","Climbing room Lanyard - Energy Absorber","cat_energy_absorber","Green","2034-06-01","0","2737","IN","","Climbing Room","","","2026-04-29T03:33:16.61595+00:00","CR Lanyard","","false","","",""
"808","Tech room Personal Safety-01 / Black","fall_arrest","Green","2028-12-30","10","1368","IN","","Tech Climbing Room","","","2026-04-29T03:33:16.61595+00:00","T-PSafety-01 / Black","","false","","",""
"809","Tech room Personal Safety-02 / White","fall_arrest","Green","2028-12-30","9","1368","IN","","Tech Climbing Room","","","2026-04-29T03:33:16.61595+00:00","T-PSafety-02 / White","","false","","",""
"810","Tech room Personal Safety-03 / Yellow","fall_arrest","Green","2028-12-30","11","1368","IN","","Tech Climbing Room","","","2026-04-29T03:33:16.61595+00:00","T-PSafety-03 / Yellow","","false","","",""
"811","Tech room Personal Safety-04 / Red","fall_arrest","Green","2028-12-30","10","1368","IN","","Tech Climbing Room","","","2026-04-29T03:33:16.61595+00:00","T-PSafety-04 / Red","","false","","",""
"812","Tech room Personal Safety-05 / Blue","fall_arrest","Green","2028-12-30","4","1368","IN","","Tech Climbing Room","","","2026-04-29T03:33:16.61595+00:00","T-PSafety-05 / Blue","","false","","",""
"813","Tech room Personal Safety-06 / Green","fall_arrest","Green","2028-12-30","11","1368","IN","","Tech Climbing Room","","","2026-04-29T03:33:16.61595+00:00","T-PSafety-06 / Green","","false","","",""
"814","Tech room Personal Safety-07 / Black-White","fall_arrest","Green","2028-12-30","13","1368","OUT","","Tech Climbing Room","","","2026-04-29T03:33:16.61595+00:00","T-PSafety-07 / Black-White","","false","","",""
"815","Tech room Personal Safety-08 / Yellow-Red","fall_arrest","Green","2028-12-30","10","1368","IN","","Tech Climbing Room","","","2026-04-29T03:33:16.61595+00:00","T-PSafety-08 / Yellow-Red","","false","","",""
"816","Tech room Personal Safety-09 / Blue-Green","fall_arrest","Green","2028-12-30","10","1368","IN","","Tech Climbing Room","","","2026-04-29T03:33:16.61595+00:00","T-PSafety-09 / Blue-Green","","false","","",""
"817","Tech room Personal Safety-10 / White-Red","fall_arrest","Green","2028-12-30","11","1368","IN","","Tech Climbing Room","","","2026-04-29T03:33:16.61595+00:00","T-PSafety-10 / White-Red","","false","","",""
"818","Tech room Personal Safety-11 / Green-Black","fall_arrest","Green","2028-12-30","8","1368","IN","","Tech Climbing Room","","","2026-04-29T03:33:16.61595+00:00","T-PSafety-11 / Green-Black","","false","","",""
"819","Tech room Personal Safety-12 / Blue-Yellow","fall_arrest","Green","2028-12-30","10","1368","IN","","Tech Climbing Room","","","2026-04-29T03:33:16.61595+00:00","T-PSafety-12 / Blue-Yellow","","false","","",""
"820","Tech room Personal Safety-13 / Red-Black","fall_arrest","Green","2028-12-30","10","1368","IN","","Tech Climbing Room","","","2026-04-29T03:33:16.61595+00:00","T-PSafety-13 / Red-Black","","false","","",""
"821","Tech room Personal Safety-14 / Blue-Red","fall_arrest","Green","2028-12-30","12","1368","IN","","Tech Climbing Room","","","2026-04-29T03:33:16.61595+00:00","T-PSafety-14 / Blue-Red","","false","","",""
"822","Tech room Personal Safety-15 / White-Green","fall_arrest","Green","2028-12-30","9","1368","OUT","","Tech Climbing Room","","","2026-04-29T03:33:16.61595+00:00","T-PSafety-15 / White-Green","","false","","",""
"823","Tech room Personal Safety-16 / Blue-Black","fall_arrest","Green","2028-12-30","6","1368","IN","","Tech Climbing Room","","","2026-04-29T03:33:16.61595+00:00","T-PSafety-16 / Blue-Black","","false","","",""
"824","Tech room Personal Safety-17 / Green-Red","fall_arrest","Green","2028-12-30","6","1368","IN","","Tech Climbing Room","","","2026-04-29T03:33:16.61595+00:00","T-PSafety-17 / Green-Red","","false","","",""
"825","Tech room Personal Safety-18 / Yellow-Green","fall_arrest","Green","2028-12-30","7","1368","IN","","Tech Climbing Room","","","2026-04-29T03:33:16.61595+00:00","T-PSafety-18 / Yellow-Green","","false","","",""
"826","Tech room Personal Safety-19 / White-Blue","fall_arrest","Green","2028-12-30","11","1368","IN","","Tech Climbing Room","","","2026-04-29T03:33:16.61595+00:00","T-PSafety-19 / White-Blue","","false","","",""
"827","Tech room Personal Safety-20 / Yellow-Black","fall_arrest","Green","2028-12-30","8","1368","IN","","Tech Climbing Room","","","2026-04-29T03:33:16.61595+00:00","T-PSafety-20 / Yellow-Black","","false","","",""
"828","Tech room Personal Safety-21 / Yellow-White","fall_arrest","Green","2030-11-04","9","1368","IN","","Tech Climbing Room","","","2026-04-29T03:33:16.61595+00:00","T-PSafety-21 / Yellow-White","","false","","",""
"829","Tech room Personal Safety-22 / Black-White-Yellow","fall_arrest","Green","2030-11-04","4","1368","IN","","Tech Climbing Room","","","2026-04-29T03:33:16.61595+00:00","T-PSafety-22 / Black-White-Yellow","","false","","",""
"830","Tech room Personal Safety-23 / Black-White-Red","fall_arrest","Green","2030-11-04","2","1368","IN","","Tech Climbing Room","","","2026-04-29T03:33:16.61595+00:00","T-PSafety-23 / Black-White-Red","","false","","",""
"831","High ropes PETZL Dual Connect","fall_arrest","Green","2032-12-29","0","2737","IN","","High Ropes Shed","","","2026-04-29T03:33:16.61595+00:00","PDCHR","","false","","",""
"3776","Renault MEU608 13 Seater Silver","vehicles","Green","","0","0","IN","","Yard","NFC3776","QR3776","2026-04-30T22:34:30.496577+00:00","MEU608","","false","","",""
"842","Climbing room SD01 35m","dynamic_ropes","Green","2028-12-30","17","1368","OUT","","Climbing Room","","","2026-04-29T03:33:18.042269+00:00","SD01","","false","","",""
"844","Climbing room SD03","dynamic_ropes","Green","2028-12-30","19","1368","OUT","","Tech Climbing Room","","","2026-04-29T03:33:18.042269+00:00","SD03_01","","false","","",""
"847","High ropes HR04","dynamic_ropes","Green","2029-02-28","0","1368","IN","","High Ropes Shed","","","2026-04-29T03:33:18.042269+00:00","HR04","","false","","",""
"848","High ropes HR05","dynamic_ropes","Green","2029-08-01","0","1368","IN","","High Ropes Shed","","","2026-04-29T03:33:18.042269+00:00","HR05","","false","","",""
"849","High ropes HR09","dynamic_ropes","Green","2029-02-28","0","1368","IN","","High Ropes Shed","","","2026-04-29T03:33:18.042269+00:00","HR09","","false","","",""
"850","High ropes HR10","dynamic_ropes","Green","2029-02-28","0","1368","IN","","High Ropes Shed","","","2026-04-29T03:33:18.042269+00:00","HR10","","false","","",""
"851","Tech Room Top Rope - TT - 01 /60m","dynamic_ropes","Green","2028-12-30","12","1368","IN","","Tech Climbing Room","","","2026-04-29T03:33:18.042269+00:00","Tech-TT-01/60m_01","","false","","",""
"852","Tech Room Top Rope -TT-02 / 60m","dynamic_ropes","Green","2028-12-30","15","1368","IN","","Tech Climbing Room","","","2026-04-29T03:33:18.042269+00:00","Tech-TT-02/60m_01","","false","","",""
"853","Tech room Top rope TT - 03 / 60m","dynamic_ropes","Green","2028-12-30","11","1368","IN","","Tech Climbing Room","","","2026-04-29T03:33:18.042269+00:00","Tech TT-03 / 60m","","false","","",""
"854","Tech room Top Rope TT - 04 / 60m","dynamic_ropes","Green","2028-12-30","20","1368","IN","","Tech Climbing Room","","","2026-04-29T03:33:18.042269+00:00","Tech TT - 04 /60m","","false","","",""
"855","Tech room Top rope TT-05 / 60m","dynamic_ropes","Green","2029-12-31","20","1368","IN","","Tech Climbing Room","","","2026-04-29T03:33:18.042269+00:00","Tech TT - 05 / 60m","","false","","",""
"856","Tech room Top rope TT-06 50m","dynamic_ropes","Green","2028-12-30","14","1368","IN","","Tech Climbing Room","","","2026-04-29T03:33:18.042269+00:00","Tech top rope - 06 / 50m","","false","","",""
"834","Climbing room Rig15 15m","static_ropes","Green","2030-01-31","4","1368","OUT","","Climbing Room","","","2026-04-29T03:33:16.61595+00:00","Rig15_01","","false","","",""
"837","Climbing room LD10 50m","dynamic_ropes","Green","2027-03-01","16","1368","IN","","Climbing Room","","","2026-04-29T03:33:16.61595+00:00","LD10","","false","","",""
"835","Climbing room Rig16 15m","static_ropes","Green","2030-01-31","17","1368","OUT","","Climbing Room","","","2026-04-29T03:33:16.61595+00:00","Rig16_01","","false","","",""
"857","Climbing room LD04 60m","dynamic_ropes","Green","2027-09-01","19","1368","IN","","Climbing Room","","","2026-04-29T03:33:18.042269+00:00","LD04","","false","","",""
"846","Climbing room SS03 25m","dynamic_ropes","Green","2027-10-01","6","1368","IN","","Climbing Room","","","2026-04-29T03:33:18.042269+00:00","SS03","","false","","",""
"838","Climbing room LD11 50m","dynamic_ropes","Green","2027-03-01","10","1368","IN","","Climbing Room","","","2026-04-29T03:33:18.042269+00:00","LD11","","false","","",""
"859","Tech room Lead rope TL-01 60m / Black-White","dynamic_ropes","Green","2030-12-09","19","1368","OUT","","Tech Climbing Room","","","2026-04-29T03:33:18.042269+00:00","T - Lead-01_01 60m / Black-White","","false","","",""
"860","Tech room Lead rope TL-04 60m / White-Red","dynamic_ropes","Green","2028-12-30","18","1368","IN","","Tech Climbing Room","","","2026-04-29T03:33:18.042269+00:00","T - Lead-04_01 60m / Black-Red","","false","","",""
"861","Tech room Lead rope TL-05 60m / Green-Black","dynamic_ropes","Green","2028-12-30","17","1368","IN","","Tech Climbing Room","","","2026-04-29T03:33:18.042269+00:00","T - Lead-05_01 60m / Green-Black","","false","","",""
"862","Tech room Lead rope TL-06 60m / Blue-Yellow","dynamic_ropes","Green","2028-12-30","21","1368","IN","","Tech Climbing Room","","","2026-04-29T03:33:18.042269+00:00","T - Lead-06_01 60m / Blue-Yellow","","false","","",""
"863","Climbing room Personal safety PS1","dynamic_ropes","Green","2029-11-01","21","1368","IN","","Climbing Room","","","2026-04-29T03:33:18.042269+00:00","PS1","","false","","",""
"864","Climbing room Personal safety PS2","dynamic_ropes","Yellow","2029-11-01","15","1368","IN","","Climbing Room","","","2026-04-29T03:33:18.042269+00:00","PS2","","false","","",""
"865","Climbing room Personal safety PS3","dynamic_ropes","Green","2029-11-01","14","1368","IN","","Climbing Room","","","2026-04-29T03:33:18.042269+00:00","PS3","","false","","",""
"866","High ropes HR01","dynamic_ropes","Green","2029-08-01","0","1368","IN","","High Ropes Shed","","","2026-04-29T03:33:18.042269+00:00","HR01","","false","","",""
"867","High ropes HR02","dynamic_ropes","Green","2029-08-01","0","1368","IN","","High Ropes Shed","","","2026-04-29T03:33:18.042269+00:00","HR02","","false","","",""
"868","High ropes HR03","dynamic_ropes","Green","2029-08-01","0","1368","IN","","High Ropes Shed","","","2026-04-29T03:33:18.042269+00:00","HR03","","false","","",""
"869","High ropes HR08","dynamic_ropes","Green","2029-08-01","0","1368","IN","","High Ropes Shed","","","2026-04-29T03:33:18.042269+00:00","HR08","","false","","",""
"3777","Renault MJT342 14 Seater white","vehicles","Green","","0","0","IN","","Yard","NFC3777","QR3777","2026-04-30T22:35:09.185584+00:00","MJT342","","false","","",""
"872","Tech room Static Rope TS-01 25m / Black-Green","static_ropes","Green","2028-12-30","11","1368","IN","","Tech Climbing Room","","","2026-04-29T03:33:18.042269+00:00","T-Static-01_25m / Black-Green","","false","","",""
"873","Tech room Static Rope TS-02 25m / Black-Yellow","static_ropes","Green","2028-12-30","13","1368","IN","","Tech Climbing Room","","","2026-04-29T03:33:18.042269+00:00","T-Static-02_25m Black-Yellow","","false","","",""
"874","Tech room Static Rope TS-03 25m / Black-White","static_ropes","Green","2028-12-30","8","1368","IN","","Tech Climbing Room","","","2026-04-29T03:33:18.042269+00:00","T-Static-03_25m / Black-White","","false","","",""
"875","Tech room Static Rope TS-04 25m / Black-Blue","static_ropes","Green","2028-12-30","6","1368","IN","","Tech Climbing Room","","","2026-04-29T03:33:18.042269+00:00","T-Static-04_25m Black-Blue","","false","","",""
"876","Tech room Static rope TS-05 25m / Blue-Green","static_ropes","Green","2028-12-30","4","1368","IN","","Tech Climbing Room","","","2026-04-29T03:33:18.042269+00:00","T-Static-05_25m / Blue-Green","","false","","",""
"877","Tech room Static Rope TS-06 25m / Blue-White","static_ropes","Green","2028-12-30","0","1368","IN","","Tech Climbing Room","","","2026-04-29T03:33:18.042269+00:00","T-Static-06_25m / Blue-White","","false","","",""
"878","Tech room Static Rope TS-07 25m / Blue-Yellow","static_ropes","Yellow","2028-12-30","2","1368","IN","","Tech Climbing Room","","","2026-04-29T03:33:18.042269+00:00","TS07_25 / Blue-Yellow","","false","","",""
"879","Tech room Static Rope TS-08 25m / Green-Yellow","static_ropes","Green","2028-12-30","8","1368","IN","","Tech Climbing Room","","","2026-04-29T03:33:18.042269+00:00","T-Static-08_25m / Green-Yellow","","false","","",""
"880","Tech room Static Rope TS-09 25m / White-Green","static_ropes","Green","2028-12-30","4","1368","IN","","Tech Climbing Room","","","2026-04-29T03:33:18.042269+00:00","T-Static-09_25m White-Green","","false","","",""
"881","Tech room Static Rope TS-10 25m Yellow-White","static_ropes","Green","2028-12-30","8","1368","IN","","Tech Climbing Room","","","2026-04-29T03:33:18.042269+00:00","T-Static-10_25m / Yellow-White","","false","","",""
"882","Tech room Lead rope TL-03 60m / Green-Blue","dynamic_ropes","Green","2028-12-30","23","1368","IN","","Tech Climbing Room","","","2026-04-29T03:33:18.042269+00:00","T - Lead-03_01 60m / Green-Blue","","false","","",""
"886","Tech room Lead rope TL-02 60m / Yellow-Red","dynamic_ropes","Green","2028-12-30","19","1368","IN","","Tech Climbing Room","","","2026-04-29T03:33:18.042269+00:00","T - Lead-02_01-60m / Yellow-Red","","false","","",""
"887","Tech room Lead rope TL-07 60m / Red-Black","dynamic_ropes","Green","2028-12-30","24","1368","IN","","Tech Climbing Room","","","2026-04-29T03:33:18.042269+00:00","T - Lead-07_01 60m / Red-Black","","false","","",""
"888","Tech room Lead rope TL-08 60m / Blue-Red","dynamic_ropes","Green","2029-12-31","32","1368","IN","","Tech Climbing Room","","","2026-04-29T03:33:18.042269+00:00","T - Lead-08_01 60m / Blue-Red","","false","","",""
"889","Tech room Lead rope TL-09 60m / Black-Yellow","dynamic_ropes","Green","2029-12-31","33","1368","OUT","","Tech Climbing Room","","","2026-04-29T03:33:18.042269+00:00","T - Lead-09_01 60m / Black-Yellow","","false","","",""
"890","High ropes HR06","dynamic_ropes","Yellow","2051-04-22","0","1368","IN","","High Ropes Shed","","","2026-04-29T03:33:18.042269+00:00","HR06","","false","","",""
"891","Climbing room 4mCR1 Slings #1","slings","Red","2028-11-28","8","2737","IN","","Climbing Room","","","2026-04-29T03:33:18.042269+00:00","4mCR1-01","","false","","",""
"892","Climbing room 4mCR1 Slings #2","slings","Red","2028-11-28","8","2737","IN","","Climbing Room","","","2026-04-29T03:33:18.042269+00:00","4mCR1-02","","false","","",""
"893","Climbing room 5mCR1 Slings #1","slings","Green","2034-10-30","24","2737","OUT","","Climbing Room","","","2026-04-29T03:33:18.042269+00:00","5mCR1-01","","false","","",""
"894","Climbing room 5mCR1 Slings #2","slings","Green","2034-10-30","24","2737","OUT","","Climbing Room","","","2026-04-29T03:33:18.042269+00:00","5mCR1-02","","false","","",""
"895","Climbing room 5mCR2 Slings #1","slings","Green","2034-10-30","17","2737","OUT","","Climbing Room","","","2026-04-29T03:33:18.042269+00:00","5mCR2-01","","false","","",""
"896","Climbing room 5mCR2 Slings #2","slings","Green","2034-10-30","17","2737","OUT","","Climbing Room","","","2026-04-29T03:33:18.042269+00:00","5mCR2-02","","false","","",""
"897","Climbing room 5mCR3 Slings #1","slings","Green","2034-10-30","17","2737","OUT","","Climbing Room","","","2026-04-29T03:33:18.042269+00:00","5mCR3-01","","false","","",""
"898","Climbing room 5mCR3 Slings #2","slings","Green","2034-10-30","17","2737","OUT","","Climbing Room","","","2026-04-29T03:33:18.042269+00:00","5mCR3-02","","false","","",""
"899","Climbing room Puke A-Slings (Anchor) #1","slings","Green","2034-10-30","28","2737","IN","","Climbing Room","","","2026-04-29T03:33:18.042269+00:00","6mCR1-01","","false","","",""
"900","Climbing room Puke A-Slings (Anchor) #2","slings","Green","2034-10-30","28","2737","IN","","Climbing Room","","","2026-04-29T03:33:18.042269+00:00","6mCR1-02","","false","","",""
"901","Climbing room Puke R-Slings (Redirect) #1","slings","Green","2028-11-28","23","2737","IN","","Climbing Room","","","2026-04-29T03:33:18.042269+00:00","4mCR2-01","","false","","",""
"902","Climbing room Puke R-Slings (Redirect) #2","slings","Green","2028-11-28","23","2737","IN","","Climbing Room","","","2026-04-29T03:33:18.042269+00:00","4mCR2-02","","false","","",""
"903","Tech room 120cm Sling-01 / Black","slings","Green","2026-12-31","11","1368","IN","","Tech Climbing Room","","","2026-04-29T03:33:18.042269+00:00","T-120-01 / Black","","false","","",""
"904","Tech room 120cm Sling-02 / White","slings","Green","2026-12-31","9","1368","IN","","Tech Climbing Room","","","2026-04-29T03:33:18.042269+00:00","T-120-02 / White","","false","","",""
"905","Tech room 120cm Sling-03 / Yellow","slings","Green","2026-12-31","7","1368","IN","","Tech Climbing Room","","","2026-04-29T03:33:18.042269+00:00","T-120-03 / Yellow","","false","","",""
"906","Tech room 120cm Sling-04 / Red","slings","Green","2026-12-31","2","1368","IN","","Tech Climbing Room","","","2026-04-29T03:33:18.042269+00:00","T-120-04 / Red","","false","","",""
"907","Tech room 120cm Sling-05 / Blue","slings","Green","2026-12-31","3","1368","IN","","Tech Climbing Room","","","2026-04-29T03:33:18.042269+00:00","T-120-05 / Blue","","false","","",""
"908","Tech room 120cm Sling-06 / Green","slings","Green","2026-12-31","7","1368","OUT","","Tech Climbing Room","","","2026-04-29T03:33:18.042269+00:00","T-120-06 / Green","","false","","",""
"909","Tech room 120cm Sling-07 / Black-White","slings","Green","2026-12-31","7","1368","IN","","Tech Climbing Room","","","2026-04-29T03:33:18.042269+00:00","T-120-07 / Black-White","","false","","",""
"884","Climbing room SS06 35m","static_ropes","Yellow","2026-08-01","9","1368","OUT","","Climbing Room","","","2026-04-29T03:33:18.042269+00:00","SS6","","false","","",""
"910","Tech room 120cm Sling-08 / Yellow-Red","slings","Green","2026-12-31","2","1368","IN","","Tech Climbing Room","","","2026-04-29T03:33:18.042269+00:00","T-120-08 / Yellow-Red","","false","","",""
"911","Tech room 120cm Sling-09 / Blue-Green","slings","Green","2026-12-31","10","1368","IN","","Tech Climbing Room","","","2026-04-29T03:33:18.042269+00:00","T-120-09 / Blue-Green","","false","","",""
"912","Tech room 120cm Sling-10 / White-Red","slings","Green","2026-12-31","11","1368","IN","","Tech Climbing Room","","","2026-04-29T03:33:18.042269+00:00","T-120-10 / White-Red","","false","","",""
"913","Tech room 120cm Sling-11 / Green-Black","slings","Red","2026-12-31","2","1368","IN","Missing in GearLog","Tech Climbing Room","","","2026-04-29T03:33:18.042269+00:00","T-120-11 / Green-Black","","false","","",""
"914","Tech room 120cm Sling-12 / Blue-Yellow","slings","Green","2026-12-31","8","1368","IN","","Tech Climbing Room","","","2026-04-29T03:33:18.042269+00:00","T-120-12 / Blue-Yellow","","false","","",""
"915","Tech room 120cm Sling-13 / Red-Black","slings","Green","2026-12-31","18","1368","IN","","Tech Climbing Room","","","2026-04-29T03:33:18.042269+00:00","T-120-13 / Red-Black","","false","","",""
"916","Tech room 120cm Sling-14 / Blue-Red","slings","Green","2026-12-31","18","1368","IN","","Tech Climbing Room","","","2026-04-29T03:33:18.042269+00:00","T-120-14 / Blue-Red","","false","","",""
"917","Tech room 120cm Sling-15 / White-Green","slings","Green","2026-12-31","10","1368","IN","","Tech Climbing Room","","","2026-04-29T03:33:18.042269+00:00","T-120-15 / White-Green","","false","","",""
"918","Tech room 120cm Sling-16 / Blue-Black","slings","Green","2026-12-31","2","1368","IN","","Tech Climbing Room","","","2026-04-29T03:33:18.042269+00:00","T-120-16 / Blue-Black","","false","","",""
"919","Tech room 120cm Sling-19 / White-Blue","slings","Green","2027-12-31","11","1368","IN","","Tech Climbing Room","","","2026-04-29T03:33:18.042269+00:00","T-120-19 / White-Blue","","false","","",""
"920","Tech room 120cm Sling-20 / Yellow-Black","slings","Green","2027-12-31","6","1368","IN","","Tech Climbing Room","","","2026-04-29T03:33:18.042269+00:00","T-120-20 / Yellow-Black","","false","","",""
"921","Tech room 120cm Sling-21 / Yellow-White","slings","Green","2027-12-31","10","1368","IN","","Tech Climbing Room","","","2026-04-29T03:33:18.042269+00:00","T-120-21 / Yellow-White","","false","","",""
"922","Tech room 120cm Sling-22 / Black-White-Yellow","slings","Green","2027-12-31","12","1368","IN","","Tech Climbing Room","","","2026-04-29T03:33:18.042269+00:00","T-120-22 / Black-White-Yellow","","false","","",""
"923","Tech room 120cm Sling-23 / Black-White-Red","slings","Green","2027-12-31","9","1368","IN","","Tech Climbing Room","","","2026-04-29T03:33:18.042269+00:00","T-120-23 / Black-White-Red","","false","","",""
"924","Tech room 120cm Sling-24 / Black-White-Blue","slings","Green","2027-12-31","5","1368","OUT","","Tech Climbing Room","","","2026-04-29T03:33:18.042269+00:00","T-120-24 / Black-White-Blue","","false","","",""
"925","Tech room 120cm Sling-25 / Black-White-Green","slings","Green","2027-12-31","22","1368","IN","","Tech Climbing Room","","","2026-04-29T03:33:18.042269+00:00","T-120-25 / Black-White-Green","","false","","",""
"926","Tech room 120cm Sling-26 / Yellow-Red-Black","slings","Green","2027-12-31","12","1368","IN","","Tech Climbing Room","","","2026-04-29T03:33:18.042269+00:00","T-120-26 / Yellow-Red-Black","","false","","",""
"927","Tech room 120cm Sling-27 / Yellow-Red-White","slings","Green","2027-12-31","8","1368","IN","","Tech Climbing Room","","","2026-04-29T03:33:18.042269+00:00","T-120-27 / Yellow-Red-White","","false","","",""
"928","Tech room 120cm Sling-28 / Yellow-Red-Blue","slings","Green","2027-12-31","12","1368","IN","","Tech Climbing Room","","","2026-04-29T03:33:18.042269+00:00","T-120-28 / Yellow-Red-Blue","","false","","",""
"929","Tech room 120cm Sling-29 / Yellow-Red-Green","slings","Green","2027-12-31","0","1368","IN","","Tech Climbing Room","","","2026-04-29T03:33:18.042269+00:00","T-120-29 / Yellow-Red-Green","","false","","",""
"930","Tech room 120cm Sling-30 / Blue-Green-Black","slings","Green","2027-12-31","0","1368","IN","","Tech Climbing Room","","","2026-04-29T03:33:18.042269+00:00","T-120-30 / Blue-Green-Black","","false","","",""
"931","Tech room 120cm Sling-31 / Blue-Green-White","slings","Green","2027-12-31","0","1368","IN","","Tech Climbing Room","","","2026-04-29T03:33:18.042269+00:00","T-120-31 / Blue-Green-White","","false","","",""
"932","Tech room 120cm Sling-32 / Blue-Green-Yellow","slings","Green","2027-12-31","0","1368","IN","","Tech Climbing Room","","","2026-04-29T03:33:18.042269+00:00","T-120-32 / Blue-Green-Yellow","","false","","",""
"933","Tech room 120cm Sling-33 / Blue-Green-Red","slings","Green","2027-12-31","0","1368","IN","","Tech Climbing Room","","","2026-04-29T03:33:18.042269+00:00","T-120-33 / Blue-Green-Red","","false","","",""
"934","Tech room 120cm Sling-34 / Black-Yellow-Blue","slings","Green","2027-12-31","0","1368","IN","","Tech Climbing Room","","","2026-04-29T03:33:18.042269+00:00","T-120-34 / Black-Yellow-Blue","","false","","",""
"935","Tech room 120cm Sling-35 / Black-Yellow-Green","slings","Green","2027-12-31","0","1368","IN","","Tech Climbing Room","","","2026-04-29T03:33:18.042269+00:00","T-120-35 / Black-Yellow-Green","","false","","",""
"936","Tech room 120cm Sling-36 / Black-Red-Blue","slings","Green","2027-12-31","0","1368","IN","","Tech Climbing Room","","","2026-04-29T03:33:18.042269+00:00","T-120-36 / Black-Red-Blue","","false","","",""
"3778","Renault NUA453 12 Seater White","vehicles","Green","","0","0","IN","","Yard","NFC3778","QR3778","2026-04-30T22:35:56.055099+00:00","NUA453","","false","","",""
"950","Tait TP9300 VHF Radio L17","comms","Green","2051-04-22","0","6843","IN","","Meeting Room","","","2026-04-29T03:33:18.042269+00:00","25823986","","false","","",""
"951","Tait TP9300 VHF Radio L18","comms","Green","2051-04-22","0","6843","IN","","Meeting Room","","","2026-04-29T03:33:18.042269+00:00","33063247","","false","","",""
"952","Tait TP9300 VHF Radio L20","comms","Green","2051-04-22","0","6843","IN","","Meeting Room","","","2026-04-29T03:33:18.042269+00:00","25823985","","false","","",""
"953","Tait TP9300 VHF Radio R21","comms","Green","2051-04-22","0","6843","IN","","Meeting Room","","","2026-04-29T03:33:18.042269+00:00","26254085","","false","","",""
"954","Tait TP9300 VHF Radio Ricky","comms","Green","2051-04-22","0","6843","IN","","Meeting Room","","","2026-04-29T03:33:18.042269+00:00","26187315","","false","","",""
"955","RescueMe PLB1-#14","plbs","Green","2032-07-01","0","2737","IN","","Meeting Room","","","2026-04-29T03:33:18.042269+00:00","0140314861R","","false","","",""
"956","RescueMe PLB1-#15","plbs","Green","2032-07-01","0","2737","IN","","Meeting Room","","","2026-04-29T03:33:18.042269+00:00","0140314867R","","false","","",""
"957","RescueMe PLB1-#16","plbs","Green","2032-07-01","0","2737","IN","","Meeting Room","","","2026-04-29T03:33:18.042269+00:00","0140314865R","","false","","",""
"959","Defibrillator","first_aid","Green","2030-08-01","0","1368","IN","","YDC Kitchen","","","2026-04-29T03:33:18.042269+00:00","G3X38G00225","","false","","",""
"964","Large Work shop Trailer (73PIA)","trailers","YellowRepair","2051-04-22","0","6843","IN","Out for repair","Yard","","","2026-04-29T03:33:18.042269+00:00","73PIA","","false","","",""
"961","BoxTrailer (H806N)","trailers","Green","2051-04-22","0","6843","IN","","Yard","","","2026-04-29T03:33:18.042269+00:00","H806N","","false","","",""
"960","Black Canoe Trailer (47PIA)","trailers","Green","2051-04-22","0","6843","IN","","Yard","","","2026-04-29T03:33:18.042269+00:00","47PIA","","false","","",""
"937","Tait Battery B1","comms","Green","2051-04-22","0","6843","IN","","Meeting Room","","","2026-04-29T03:33:18.042269+00:00","33056786","","false","","",""
"938","Tait Battery B2","comms","Green","2051-04-22","0","6843","IN","","Meeting Room","","","2026-04-29T03:33:18.042269+00:00","33026453","","false","","",""
"939","Tait Battery B3","comms","Green","2051-04-22","0","6843","IN","","Meeting Room","","","2026-04-29T03:33:18.042269+00:00","33057619","","false","","",""
"940","Tait Battery B4","comms","Green","2051-04-22","0","6843","IN","","Meeting Room","","","2026-04-29T03:33:18.042269+00:00","33057551","","false","","",""
"941","Tait Battery B6","comms","Green","2050-11-25","0","6843","IN","","Meeting Room","","","2026-04-29T03:33:18.042269+00:00","33197066","","false","","",""
"942","Tait Battery B7","comms","Green","2050-11-25","0","6843","IN","","Meeting Room","","","2026-04-29T03:33:18.042269+00:00","33197065","","false","","",""
"943","Tait Battery B8","comms","Green","2050-11-25","0","6843","IN","","Meeting Room","","","2026-04-29T03:33:18.042269+00:00","33197086","","false","","",""
"944","Tait Li-ion Battery B10","comms","Green","2051-03-14","0","6843","IN","","Meeting Room","","","2026-04-29T03:33:18.042269+00:00","33274250","","false","","",""
"945","Tait Li-ion Battery B11","comms","Green","2051-03-14","0","6843","IN","","Meeting Room","","","2026-04-29T03:33:18.042269+00:00","33274197","","false","","",""
"946","Tait Li-ion Battery B12","comms","Green","2051-03-14","0","6843","IN","","Meeting Room","","","2026-04-29T03:33:18.042269+00:00","33274188","","false","","",""
"947","Tait Li-ion Battery B13","comms","Green","2051-03-14","0","6843","IN","","Meeting Room","","","2026-04-29T03:33:18.042269+00:00","33274167","","false","","",""
"948","Tait Li-ion Battery B14","comms","Green","2051-03-14","0","6843","IN","","Meeting Room","","","2026-04-29T03:33:18.042269+00:00","33273574","","false","","",""
"958","High Rope Prussic","prusiks","Green","2051-04-22","0","2737","IN","","High Ropes Shed","","","2026-04-29T03:33:18.042269+00:00","","","false","","",""
"3779","Renault NUA454 12 Seater White","vehicles","Green","","0","0","IN","","Yard","NFC3779","QR3779","2026-04-30T22:36:16.936935+00:00","NUA454","","false","","",""
"969","Tech Avalanche Transceiver - 01 - Black","avalanche_beacons","Green","2035-12-30","0","2737","IN","","Tech Climbing Room","","","2026-04-29T03:33:18.042269+00:00","Tech AvyTr-01-Black","","false","","",""
"970","Tech Avalanche Transceiver - 02 - White","avalanche_beacons","Green","2035-12-30","0","2737","IN","","Tech Climbing Room","","","2026-04-29T03:33:18.042269+00:00","Tech AvyTr-02-White","","false","","",""
"971","Tech Avalanche Transceiver - 03 - Yellow","avalanche_beacons","Green","2035-12-30","2","2737","IN","","Tech Climbing Room","","","2026-04-29T03:33:18.042269+00:00","Tech AvyTr-03-Yellow","","false","","",""
"972","Tech Avalanche Transceiver - 04 - Red","avalanche_beacons","Green","2035-12-30","0","2737","IN","","Tech Climbing Room","","","2026-04-29T03:33:18.042269+00:00","Tech AvyTr-04-Red","","false","","",""
"973","Tech Avalanche Transceiver - 05 - Blue","avalanche_beacons","Green","2035-12-30","0","2737","IN","","Tech Climbing Room","","","2026-04-29T03:33:18.042269+00:00","Tech AvyTr-05-Blue","","false","","",""
"974","Tech Avalanche Transceiver - 06 - Green","avalanche_beacons","Green","2035-12-30","0","2737","IN","","Tech Climbing Room","","","2026-04-29T03:33:18.042269+00:00","Tech AvyTr-06-Green","","false","","",""
"975","Tech Avalanche Transceiver - 07 - Black/White","avalanche_beacons","Green","2035-12-30","0","2737","IN","","Tech Climbing Room","","","2026-04-29T03:33:18.042269+00:00","Tech AvyTr-07-Black/White","","false","","",""
"976","Tech Avalanche Transceiver - 08 - Yellow/Red","avalanche_beacons","Green","2035-12-30","0","2737","IN","","Tech Climbing Room","","","2026-04-29T03:33:18.042269+00:00","Tech AvyTr-08-Yellow/Red","","false","","",""
"977","Tech Avalanche Transceiver - 09 - Green/Blue","avalanche_beacons","Green","2035-12-30","0","2737","IN","","Tech Climbing Room","","","2026-04-29T03:33:18.042269+00:00","Tech AvyTr-09-Green/Blue","","false","","",""
"978","Tech Avalanche Transceiver - 10 - White/Red","avalanche_beacons","Green","2035-12-30","0","2737","IN","","Tech Climbing Room","","","2026-04-29T03:33:18.042269+00:00","Tech AvyTr-10-White/Red","","false","","",""
"979","Tech Avalanche Transceiver - 11 - Green/Black","avalanche_beacons","Green","2035-12-30","0","2737","IN","","Tech Climbing Room","","","2026-04-29T03:33:18.042269+00:00","Tech AvyTr-11-Green/Black","","false","","",""
"980","Tech Avalanche Transceiver - 12 - Blue/Yellow","avalanche_beacons","Green","2035-12-30","0","2737","IN","","Tech Climbing Room","","","2026-04-29T03:33:18.042269+00:00","Tech AvyTr-12-Blue/Yellow","","false","","",""
"981","Tech Avalanche Transceiver - 13 - Red/Black","avalanche_beacons","Green","2035-12-30","0","2737","IN","","Tech Climbing Room","","","2026-04-29T03:33:18.042269+00:00","Tech AvyTr-13-Red/Black","","false","","",""
"982","Tech Avalanche Transceiver - 14 - Blue/Red","avalanche_beacons","Green","2035-12-30","0","2737","IN","","Tech Climbing Room","","","2026-04-29T03:33:18.042269+00:00","Tech AvyTr-14-Blue/Red","","false","","",""
"983","Tech Avalanche Transceiver - 15 - White/Green","avalanche_beacons","Green","2035-12-30","0","2737","IN","","Tech Climbing Room","","","2026-04-29T03:33:18.042269+00:00","Tech AvyTr-15-White/Green","","false","","",""
"984","Tech Avalanche Transceiver - 16 - Blue/Black","avalanche_beacons","Green","2035-12-30","0","2737","IN","","Tech Climbing Room","","","2026-04-29T03:33:18.042269+00:00","Tech AvyTr-16-Blue/Black","","false","","",""
"985","Tech Avalanche Transceiver - 17 - Green/Red","avalanche_beacons","Green","2035-12-30","0","2737","IN","","Tech Climbing Room","","","2026-04-29T03:33:18.042269+00:00","Tech AvyTr-17-Green/Red","","false","","",""
"986","Tech Avalanche Transceiver - 18 - Yellow/Green","avalanche_beacons","Green","2035-12-30","0","2737","IN","","Tech Climbing Room","","","2026-04-29T03:33:18.042269+00:00","Tech AvyTr-18-Yellow/Green","","false","","",""
"987","Tech Avalanche Transceiver - 19 - White/Blue","avalanche_beacons","Green","2035-12-30","0","2737","IN","","Tech Climbing Room","","","2026-04-29T03:33:18.042269+00:00","Tech AvyTr-19-White/Blue","","false","","",""
"988","Tech Avalanche Transceiver - 20 - Yellow/Black","avalanche_beacons","Green","2035-12-30","0","2737","IN","","Tech Climbing Room","","","2026-04-29T03:33:18.042269+00:00","Tech AvyTr-20-Yellow/Black","","false","","",""
"989","Tech Avalanche Transceiver - 21 - Yellow/White","avalanche_beacons","Green","2035-12-30","0","2737","IN","","Tech Climbing Room","","","2026-04-29T03:33:18.042269+00:00","Tech AvyTr-21-Yellow/White","","false","","",""
"990","Tech Avalanche Transceiver - 22 - Black/White/Yellow","avalanche_beacons","Green","2035-12-30","0","2737","IN","","Tech Climbing Room","","","2026-04-29T03:33:18.042269+00:00","Tech AvyTr-22-Black/White/Yellow","","false","","",""
"991","Tech Avalanche Transceiver - 23 - Black/White/Red","avalanche_beacons","Green","2035-12-30","0","2737","IN","","Tech Climbing Room","","","2026-04-29T03:33:18.042269+00:00","Tech AvyTr-23-Black/White/Red","","false","","",""
"992","Tech Avalanche Transceiver - 24 - Black/White/Blue","avalanche_beacons","Green","2035-12-30","0","2737","IN","","Tech Climbing Room","","","2026-04-29T03:33:18.042269+00:00","Tech AvyTr-24-Black/White/Blue","","false","","",""
"993","Tech Avalanche Transceiver - 25 - Black/White/Green","avalanche_beacons","Green","2035-12-30","0","2737","IN","","Tech Climbing Room","","","2026-04-29T03:33:18.042269+00:00","Tech AvyTr-25-Black/White/Green","","false","","",""
"994","Tech Avalanche Transceiver - 26 - Yellow/Red/Black","avalanche_beacons","Green","2035-12-30","0","2737","IN","","Tech Climbing Room","","","2026-04-29T03:33:18.042269+00:00","Tech AvyTr-26-Yellow/Red/Black","","false","","",""
"995","Tech Avalanche Transceiver - 27 - Yellow/Red/White","avalanche_beacons","Green","2035-12-30","0","2737","IN","","Tech Climbing Room","","","2026-04-29T03:33:18.042269+00:00","Tech AvyTr-27-Yellow/Red/White","","false","","",""
"996","Tech Avalanche Transceiver - 28 - Yellow/Red/Blue","avalanche_beacons","Green","2035-12-30","0","2737","IN","","Tech Climbing Room","","","2026-04-29T03:33:18.042269+00:00","Tech AvyTr-28-Yellow/Red/Blue","","false","","",""
"997","Tech Avalanche Transceiver - 29 - Yellow/Red/Green","avalanche_beacons","Green","2035-12-30","0","2737","IN","","Tech Climbing Room","","","2026-04-29T03:33:18.042269+00:00","Tech AvyTr-29-Yellow/Red/Green","","false","","",""
"998","Tech Avalanche Transceiver - 30 - Blue/Green/Black","avalanche_beacons","Green","2035-12-30","0","2737","IN","","Tech Climbing Room","","","2026-04-29T03:33:18.042269+00:00","Tech AvyTr-30-Blue/Green/Black","","false","","",""
"999","Tech Crampon - 10 / White-Red","crampons","Green","2047-12-26","0","6843","IN","","Tech Climbing Room","","","2026-04-29T03:33:18.042269+00:00","Tech Crampon - 10 / White-Red","","false","","",""
"1000","Tech Crampon - 11 / Green-Black","crampons","Green","2047-12-26","0","6843","IN","","Tech Climbing Room","","","2026-04-29T03:33:18.042269+00:00","Tech Crampon - 11 / Green-Black","","false","","",""
"1001","Tech Crampon - 12 / Blue-Yellow","crampons","Green","2047-12-26","0","6843","IN","","Tech Climbing Room","","","2026-04-29T03:33:18.042269+00:00","Tech Crampon - 12 / Blue-Yellow","","false","","",""
"1002","Tech Crampon - 13 / Red-Black","crampons","Green","2047-12-26","0","6843","IN","","Tech Climbing Room","","","2026-04-29T03:33:18.042269+00:00","Tech Crampon - 13 / Red-Black","","false","","",""
"1003","Tech Crampon - 14 / Blue-Red","crampons","Green","2047-12-26","0","6843","IN","","Tech Climbing Room","","","2026-04-29T03:33:18.042269+00:00","Tech Crampon - 14 / Blue-Red","","false","","",""
"1004","Tech Crampon - 15 / White-Green","crampons","Green","2047-12-26","0","6843","IN","","Tech Climbing Room","","","2026-04-29T03:33:18.042269+00:00","Tech Crampon - 15 / White-Green","","false","","",""
"1005","Tech Crampon - 16 / Blue-Black","crampons","Green","2047-12-26","0","6843","IN","","Tech Climbing Room","","","2026-04-29T03:33:18.042269+00:00","Tech Crampon - 16 / Blue-Black","","false","","",""
"1006","Tech Crampon - 17 / Green-Red","crampons","Green","2047-12-26","0","6843","IN","","Tech Climbing Room","","","2026-04-29T03:33:18.042269+00:00","Tech Crampon - 17 / Green-Red","","false","","",""
"1007","Tech Crampon - 18 / Yellow-Green","crampons","Green","2047-12-26","0","6843","IN","","Tech Climbing Room","","","2026-04-29T03:33:18.042269+00:00","Tech Crampon - 18 / Yellow-Green","","false","","",""
"1008","Tech Crampon - 19 / White-Blue","crampons","Green","2047-12-26","0","6843","IN","","Tech Climbing Room","","","2026-04-29T03:33:18.042269+00:00","Tech Crampon - 19 / White-Blue","","false","","",""
"1009","Tech Crampon - 20 / Yellow-Black","crampons","Green","2047-12-26","0","6843","IN","","Tech Climbing Room","","","2026-04-29T03:33:18.042269+00:00","Tech Crampon - 20 / Yellow-Black","","false","","",""
"1010","Tech Crampon - 21 / Yellow-White","crampons","Green","2047-12-26","0","6843","IN","","Tech Climbing Room","","","2026-04-29T03:33:18.042269+00:00","Tech Crampon - 21 / Yellow-White","","false","","",""
"966","Pinto Trailer (698Q4)","trailers","Green","2051-04-22","0","6843","IN","","Yard","","","2026-04-29T03:33:18.042269+00:00","698Q4","","false","","",""
"967","Small Work shop Trailer (81BKS)","trailers","Green","2051-04-22","0","6843","IN","","Yard","","","2026-04-29T03:33:18.042269+00:00","81BKS","","false","","",""
"1011","Tech Crampon - 22 / Black-White-Yellow","crampons","Green","2047-12-26","0","6843","IN","","Tech Climbing Room","","","2026-04-29T03:33:18.042269+00:00","Tech Crampon - 22 / Black-White-Yellow","","false","","",""
"1012","Tech Crampon - 23 / Black-White-Red","crampons","Green","2047-12-26","0","6843","IN","","Tech Climbing Room","","","2026-04-29T03:33:18.042269+00:00","Tech Crampon - 23 / Black-White-Red","","false","","",""
"1013","Tech Crampon - 24 / Black-White-Blue","crampons","Green","2047-12-26","0","6843","IN","","Tech Climbing Room","","","2026-04-29T03:33:18.042269+00:00","Tech Crampon - 24 / Black-White-Blue","","false","","",""
"1014","Tech Crampon - 25 / Black-White-Green","crampons","Green","2047-12-26","0","6843","IN","","Tech Climbing Room","","","2026-04-29T03:33:18.042269+00:00","Tech Crampon - 25 / Black-White-Green","","false","","",""
"1015","Tech Crampon - 26 / Yellow-Red-Black","crampons","Green","2047-12-26","0","6843","IN","","Tech Climbing Room","","","2026-04-29T03:33:18.042269+00:00","Tech Crampon - 26 / Yellow-Red-Black","","false","","",""
"1016","Tech Crampon - 27 / Yellow-Red-White","crampons","Green","2047-12-26","0","6843","IN","","Tech Climbing Room","","","2026-04-29T03:33:18.042269+00:00","Tech Crampon - 27 / Yellow-Red-White","","false","","",""
"1017","Tech Crampon - 28 / Yellow-Red-Blue","crampons","Green","2047-12-26","0","6843","IN","","Tech Climbing Room","","","2026-04-29T03:33:18.042269+00:00","Tech Crampon - 28 / Yellow-Red-Blue","","false","","",""
"1018","Tech Crampon - 29 / Yellow-Red-Green","crampons","Green","2047-12-26","0","6843","IN","","Tech Climbing Room","","","2026-04-29T03:33:18.042269+00:00","Tech Crampon - 29 / Yellow-Red-Green","","false","","",""
"1019","Tech Crampon - 01 / Black","crampons","Green","2047-12-26","5","6843","IN","","Tech Climbing Room","","","2026-04-29T03:33:18.042269+00:00","Tech Crampon - 01 / Black","","false","","",""
"1020","Tech Crampon - 02 / White","crampons","Green","2047-12-26","8","6843","OUT","","Tech Climbing Room","","","2026-04-29T03:33:18.042269+00:00","Tech Crampon - 02 / White","","false","","",""
"1021","Tech Crampon - 03 / Yellow","crampons","Green","2047-12-26","6","6843","IN","","Tech Climbing Room","","","2026-04-29T03:33:18.042269+00:00","Tech Crampon - 03 / Yellow","","false","","",""
"1022","Tech Crampon - 04 / Red","crampons","Green","2047-12-26","3","6843","IN","","Tech Climbing Room","","","2026-04-29T03:33:18.042269+00:00","Tech Crampon - 04 / Red","","false","","",""
"1023","Tech Crampon - 05 / Blue","crampons","Green","2047-12-26","3","6843","IN","","Tech Climbing Room","","","2026-04-29T03:33:18.042269+00:00","Tech Crampon - 05 / Blue","","false","","",""
"1024","Tech Crampon - 06 / Green","crampons","Green","2047-12-26","2","6843","IN","","Tech Climbing Room","","","2026-04-29T03:33:18.042269+00:00","Tech Crampon - 06 / Green","","false","","",""
"1025","Tech Crampon - 07 / Black-White","crampons","Green","2047-12-26","7","6843","IN","","Tech Climbing Room","","","2026-04-29T03:33:18.042269+00:00","Tech Crampon - 07 / Black-White","","false","","",""
"1026","Tech Crampon - 08 / Yellow-Red","crampons","Green","2047-12-26","6","6843","IN","","Tech Climbing Room","","","2026-04-29T03:33:18.042269+00:00","Tech Crampon - 08 / Yellow-Red","","false","","",""
"1027","Tech Crampon - 09 / Blue-Green","crampons","Green","2047-12-26","7","6843","IN","","Tech Climbing Room","","","2026-04-29T03:33:18.042269+00:00","Tech Crampon - 09 / Blue-Green","","false","","",""
"1028","Tech Crampon - 30 / Blue-Green-Black","crampons","Green","2047-12-26","2","6843","IN","","Tech Climbing Room","","","2026-04-29T03:33:18.042269+00:00","Tech Crampon - 30 / Blue-Green-Black","","false","","",""
"1029","Snow Probe -14 / Blue-Red","avalanche_probes","Green","2048-12-25","0","6843","IN","","Tech Climbing Room","","","2026-04-29T03:33:18.042269+00:00","Snow Probe -14 / Blue-Red","","false","","",""
"1030","Snow Probe -16 / Blue-Black","avalanche_probes","Green","2048-12-25","0","6843","IN","","Tech Climbing Room","","","2026-04-29T03:33:18.042269+00:00","Snow Probe -16 / Blue-Black","","false","","",""
"1031","Snow Probe -22 / Black-White-Yellow","avalanche_probes","Green","2047-12-26","4","6843","IN","","Tech Climbing Room","","","2026-04-29T03:33:18.042269+00:00","Snow Probe -22 / Black-White-Yellow","","false","","",""
"1032","Snow Probe -23 / Black-White-Red","avalanche_probes","Green","2047-12-26","8","6843","IN","","Tech Climbing Room","","","2026-04-29T03:33:18.042269+00:00","Snow Probe -23 / Black-White-Red","","false","","",""
"1033","Snow Probe -24 / Black-White-Blue","avalanche_probes","Green","2047-12-26","5","6843","IN","","Tech Climbing Room","","","2026-04-29T03:33:18.042269+00:00","Snow Probe -24 / Black-White-Blue","","false","","",""
"1034","Snow Probe -25 / Black-White-Green","avalanche_probes","Green","2047-12-26","3","6843","IN","","Tech Climbing Room","","","2026-04-29T03:33:18.042269+00:00","Snow Probe -25 / Black-White-Green","","false","","",""
"1035","Snow Probe -26 / Yellow-Red-Black","avalanche_probes","Green","2047-12-26","9","6843","IN","","Tech Climbing Room","","","2026-04-29T03:33:18.042269+00:00","Snow Probe -26 / Yellow-Red-Black","","false","","",""
"1036","Snow Probe -27 / Yellow-Red-White","avalanche_probes","Green","2047-12-26","7","6843","IN","","Tech Climbing Room","","","2026-04-29T03:33:18.042269+00:00","Snow Probe -27 / Yellow-Red-White","","false","","",""
"1037","Snow Probe -29 / Yellow-Red-Green","avalanche_probes","Green","2047-12-26","5","6843","IN","","Tech Climbing Room","","","2026-04-29T03:33:18.042269+00:00","Snow Probe -29 / Yellow-Red-Green","","false","","",""
"1038","Snow Probe -30 / Blue-Green-Black","avalanche_probes","Green","2047-12-26","8","6843","IN","","Tech Climbing Room","","","2026-04-29T03:33:18.042269+00:00","Snow Probe -30 / Blue-Green-Black","","false","","",""
"1039","Snow Probe -01/ Black","avalanche_probes","Green","2048-12-25","3","6843","IN","","Tech Climbing Room","","","2026-04-29T03:33:18.042269+00:00","Snow Probe -01/ Black","","false","","",""
"1040","Snow Probe -02 / White","avalanche_probes","Green","2048-12-25","2","6843","IN","","Tech Climbing Room","","","2026-04-29T03:33:18.042269+00:00","Snow Probe -02 / White","","false","","",""
"1041","Snow Probe -03 / Yellow","avalanche_probes","Green","2048-12-25","0","6843","IN","","Tech Climbing Room","","","2026-04-29T03:33:18.042269+00:00","Snow Probe -03 / Yellow","","false","","",""
"1042","Snow Probe -04 / Red","avalanche_probes","Green","2048-12-25","2","6843","IN","","Tech Climbing Room","","","2026-04-29T03:33:18.042269+00:00","Snow Probe -04 / Red","","false","","",""
"1043","Snow Probe -05 / Blue","avalanche_probes","Green","2047-12-26","2","6843","IN","","Tech Climbing Room","","","2026-04-29T03:33:18.042269+00:00","Snow Probe -05 / Blue","","false","","",""
"1044","Snow Probe -06 / Green","avalanche_probes","Green","2048-12-25","3","6843","IN","","Tech Climbing Room","","","2026-04-29T03:33:18.042269+00:00","Snow Probe -06 / Green","","false","","",""
"1045","Snow Probe -07 / Black-White","avalanche_probes","Green","2048-12-25","2","6843","IN","","Tech Climbing Room","","","2026-04-29T03:33:18.042269+00:00","Snow Probe -07 / Black-White","","false","","",""
"1046","Snow Probe -09 / Green-Blue","avalanche_probes","Green","2048-12-25","0","6843","IN","","Tech Climbing Room","","","2026-04-29T03:33:18.042269+00:00","Snow Probe -09 / Green-Blue","","false","","",""
"1047","Snow Probe -10 / White-Red","avalanche_probes","Green","2048-12-25","0","6843","IN","","Tech Climbing Room","","","2026-04-29T03:33:18.042269+00:00","Snow Probe -10 / White-Red","","false","","",""
"1048","Snow Probe -11 / Green-Black","avalanche_probes","Green","2048-12-25","0","6843","IN","","Tech Climbing Room","","","2026-04-29T03:33:18.042269+00:00","Snow Probe -11 / Green-Black","","false","","",""
"1049","Snow Probe -12 / Blue-Yellow","avalanche_probes","Green","2048-12-25","0","6843","IN","","Tech Climbing Room","","","2026-04-29T03:33:18.042269+00:00","Snow Probe -12 / Blue-Yellow","","false","","",""
"1050","Snow Probe -13 / Red-Black","avalanche_probes","Green","2048-12-25","0","6843","IN","","Tech Climbing Room","","","2026-04-29T03:33:18.042269+00:00","Snow Probe -13 / Red-Black","","false","","",""
"1051","Tech Snow Shovel - 01 / Black","snow_shovels","Green","2044-12-25","0","6843","IN","","Tech Climbing Room","","","2026-04-29T03:33:18.042269+00:00","Tech Snow Shovel - 01 / Black","","false","","",""
"1052","Tech Snow Shovel - 02 / White","snow_shovels","Green","2044-12-25","2","6843","IN","","Tech Climbing Room","","","2026-04-29T03:33:18.042269+00:00","Tech Snow Shovel - 02 / White","","false","","",""
"1053","Tech Snow Shovel - 03 / Yellow","snow_shovels","Green","2044-12-25","2","6843","IN","","Tech Climbing Room","","","2026-04-29T03:33:18.042269+00:00","Tech Snow Shovel - 03 / Yellow","","false","","",""
"1054","Tech Snow Shovel - 09 / Blue-Green","snow_shovels","Green","2044-12-25","0","6843","IN","","Tech Climbing Room","","","2026-04-29T03:33:18.042269+00:00","Tech Snow Shovel - 09 / Blue-Green","","false","","",""
"1055","Tech Snow Shovel - 10 / White-Red","snow_shovels","Green","2044-12-25","0","6843","IN","","Tech Climbing Room","","","2026-04-29T03:33:18.042269+00:00","Tech Snow Shovel - 10 / White-Red","","false","","",""
"1056","Tech Snow Shovel - 11 / Green-Black","snow_shovels","Green","2044-12-25","0","6843","IN","","Tech Climbing Room","","","2026-04-29T03:33:18.042269+00:00","Tech Snow Shovel - 11 / Green-Black","","false","","",""
"1057","Tech Snow Shovel - 04 / Red","snow_shovels","Green","2044-12-25","3","6843","IN","","Tech Climbing Room","","","2026-04-29T03:33:18.042269+00:00","Tech Snow Shovel - 04 / Red","","false","","",""
"1058","Tech Snow Shovel - 05 / Blue","snow_shovels","Green","2044-12-25","4","6843","IN","","Tech Climbing Room","","","2026-04-29T03:33:18.042269+00:00","Tech Snow Shovel - 05 / Blue","","false","","",""
"1059","Tech Snow Shovel - 06 / Green","snow_shovels","Green","2044-12-25","0","6843","IN","","Tech Climbing Room","","","2026-04-29T03:33:18.042269+00:00","Tech Snow Shovel - 06 / Green","","false","","",""
"1060","Tech Snow Shovel - 07 / Black-White","snow_shovels","Green","2044-12-25","0","6843","IN","","Tech Climbing Room","","","2026-04-29T03:33:18.042269+00:00","Tech Snow Shovel - 07 / Black-White","","false","","",""
"1061","Tech Snow Shovel - 08 / Yellow-Red","snow_shovels","Green","2044-12-25","0","6843","IN","","Tech Climbing Room","","","2026-04-29T03:33:18.042269+00:00","Tech Snow Shovel - 08 / Yellow-Red","","false","","",""
"1062","Tech Snow Shovel - 12 / Blue-Yellow","snow_shovels","Green","2044-12-25","2","6843","IN","","Tech Climbing Room","","","2026-04-29T03:33:18.042269+00:00","Tech Snow Shovel - 12 / Blue-Yellow","","false","","",""
"1063","Tech Snow Shovel - 13 / Red-Black","snow_shovels","Green","2044-12-25","6","6843","IN","","Tech Climbing Room","","","2026-04-29T03:33:18.042269+00:00","Tech Snow Shovel - 13 / Red-Black","","false","","",""
"1064","Tech Snow Shovel - 14 / Blue-Red","snow_shovels","Green","2044-12-25","2","6843","IN","","Tech Climbing Room","","","2026-04-29T03:33:18.042269+00:00","Tech Snow Shovel - 14 / Blue-Red","","false","","",""
"1065","Tech Snow Shovel - 15 / White-Green","snow_shovels","Green","2044-12-25","9","6843","IN","","Tech Climbing Room","","","2026-04-29T03:33:18.042269+00:00","Tech Snow Shovel - 15 / White-Green","","false","","",""
"1066","Tech Snow Shovel - 16 / Blue-Black","snow_shovels","Green","2044-12-25","6","6843","IN","","Tech Climbing Room","","","2026-04-29T03:33:18.042269+00:00","Tech Snow Shovel - 16 / Blue-Black","","false","","",""
"1067","Tech Snow Shovel - 17 / Green-Red","snow_shovels","Green","2044-12-25","3","6843","IN","","Tech Climbing Room","","","2026-04-29T03:33:18.042269+00:00","Tech Snow Shovel - 17 / Green-Red","","false","","",""
"1068","Tech Snow Shovel - 18 / Yellow-Green","snow_shovels","Green","2044-12-25","5","6843","IN","","Tech Climbing Room","","","2026-04-29T03:33:18.042269+00:00","Tech Snow Shovel - 18 / Yellow-Green","","false","","",""
"1069","Tech Snow Shovel - 19 / White-Blue","snow_shovels","Green","2044-12-25","8","6843","IN","","Tech Climbing Room","","","2026-04-29T03:33:18.042269+00:00","Tech Snow Shovel - 19 / White-Blue","","false","","",""
"1070","Tech Snow Shovel - 20 / Yellow-Black","snow_shovels","Green","2044-12-25","7","6843","IN","","Tech Climbing Room","","","2026-04-29T03:33:18.042269+00:00","Tech Snow Shovel - 20 / Yellow-Black","","false","","",""
"1071","Tech Snow Shovel - 21 / Yellow-White","snow_shovels","Green","2044-12-25","10","6843","IN","","Tech Climbing Room","","","2026-04-29T03:33:18.042269+00:00","Tech Snow Shovel - 21 / Yellow-White","","false","","",""
"1072","Tech Snow Shovel - 22 / Black-White-Yellow","snow_shovels","Green","2044-12-25","5","6843","IN","","Tech Climbing Room","","","2026-04-29T03:33:18.042269+00:00","Tech Snow Shovel - 22 / Black-White-Yellow","","false","","",""
"3780","Renault RPP786 12 Seater White","vehicles","Green","","0","0","IN","","Yard","NFC3780","QR3780","2026-04-30T22:36:55.375837+00:00","RPP786","","false","","",""
"1091","Tech white water spray top Large-01","dry_tops","Green","2050-02-13","6","6843","IN","","Tech Shipping Container","","","2026-04-29T03:33:18.042269+00:00","Tech-Large-01","L","false","","",""
"1092","Tech white water spray top Large-02","dry_tops","Green","2050-02-13","1","6843","OUT","","Tech Shipping Container","","","2026-04-29T03:33:18.042269+00:00","Tech-Large-02","L","false","","",""
"1093","Tech white water spray top Large-03","dry_tops","Green","2050-02-13","6","6843","OUT","","Tech Shipping Container","","","2026-04-29T03:33:18.042269+00:00","Tech-Large-03","L","false","","",""
"1094","Tech white water spray top Large-04","dry_tops","Green","2049-02-12","2","6843","IN","","Tech Shipping Container","","","2026-04-29T03:33:18.042269+00:00","Tech-Large-04","L","false","","",""
"1095","Tech white water spray top Large-05","dry_tops","Green","2049-02-12","5","6843","IN","","Tech Shipping Container","","","2026-04-29T03:33:18.042269+00:00","Tech-Large-05","L","false","","",""
"1096","Tech white water spray top Large-06","dry_tops","Green","2049-02-12","3","6843","OUT","","Tech Shipping Container","","","2026-04-29T03:33:18.042269+00:00","Tech-Large-06","L","false","","",""
"1097","Tech white water spray top Large-07","dry_tops","Green","2049-02-12","2","6843","IN","","Tech Shipping Container","","","2026-04-29T03:33:18.042269+00:00","Tech-Large-07","L","false","","",""
"1098","Tech white water spray top Large-08","dry_tops","Green","2049-02-12","0","6843","IN","","Tech Shipping Container","","","2026-04-29T03:33:18.042269+00:00","Tech-Large-08","L","false","","",""
"1099","Tech white water spray top Large-09","dry_tops","Green","2049-02-12","0","6843","IN","","Tech Shipping Container","","","2026-04-29T03:33:18.042269+00:00","Tech-Large-09","L","false","","",""
"1100","Tech white water spray top medium-01","dry_tops","Green","2050-02-13","0","6843","IN","","Tech Shipping Container","","","2026-04-29T03:33:18.042269+00:00","Tech-Medium-01","M","false","","",""
"1101","Tech white water spray top medium-02","dry_tops","Green","2050-02-13","6","6843","IN","","Tech Shipping Container","","","2026-04-29T03:33:18.042269+00:00","Tech-Medium-02","M","false","","",""
"1102","Tech white water spray top medium-03","dry_tops","Green","2050-02-13","2","6843","IN","","Tech Shipping Container","","","2026-04-29T03:33:18.042269+00:00","Tech-Medium-03","M","false","","",""
"1103","Tech white water spray top medium-04","dry_tops","Green","2049-02-12","4","6843","IN","","Tech Shipping Container","","","2026-04-29T03:33:18.042269+00:00","Tech-Medium-04","M","false","","",""
"1104","Tech white water spray top medium-05","dry_tops","Green","2049-02-12","0","6843","IN","","Tech Shipping Container","","","2026-04-29T03:33:18.042269+00:00","Tech-Medium-05","M","false","","",""
"1105","Tech white water spray top medium-06","dry_tops","Green","2049-02-12","0","6843","IN","","Tech Shipping Container","","","2026-04-29T03:33:18.042269+00:00","Tech-Medium-06","M","false","","",""
"1106","Tech white water spray top medium-07","dry_tops","Green","2049-02-12","2","6843","IN","","Tech Shipping Container","","","2026-04-29T03:33:18.042269+00:00","Tech-Medium-07","M","false","","",""
"1107","Tech white water spray top medium-10","dry_tops","Green","2049-02-12","2","6843","IN","","Tech Shipping Container","","","2026-04-29T03:33:18.042269+00:00","Tech-Medium-10","M","false","","",""
"1108","Tech white water spray top medium-11","dry_tops","Green","2049-02-12","0","6843","IN","","Tech Shipping Container","","","2026-04-29T03:33:18.042269+00:00","Tech-Medium-11","M","false","","",""
"1109","Tech white water spray top medium-12","dry_tops","Green","2049-02-12","3","6843","IN","","Tech Shipping Container","","","2026-04-29T03:33:18.042269+00:00","Tech-Medium-12","M","false","","",""
"1110","Tech white water spray top small-01","dry_tops","Green","2050-02-13","0","6843","IN","","Tech Shipping Container","","","2026-04-29T03:33:18.042269+00:00","Tech-Small-01","S","false","","",""
"1076","Big Swing","hr_gear_other","Green","2051-04-22","0","2737","IN","","High Ropes Shed","","","2026-04-29T03:33:18.042269+00:00","","","false","","",""
"1077","Cargo Net","hr_gear_other","Green","2051-04-22","0","2737","IN","","High Ropes Shed","","","2026-04-29T03:33:18.042269+00:00","","","false","","",""
"1078","Central Abseil","hr_gear_other","Green","2051-04-22","0","2737","IN","","High Ropes Shed","","","2026-04-29T03:33:18.042269+00:00","","","false","","",""
"1079","Chicken Walk","hr_gear_other","Green","2051-04-22","0","2737","IN","","High Ropes Shed","","","2026-04-29T03:33:18.042269+00:00","","","false","","",""
"1080","Climbing Wall","hr_gear_other","Green","2051-04-22","0","2737","IN","","High Ropes Shed","","","2026-04-29T03:33:18.042269+00:00","","","false","","",""
"1081","Flea Jump (Chasm)","hr_gear_other","Green","2051-04-22","0","2737","IN","","High Ropes Shed","","","2026-04-29T03:33:18.042269+00:00","","","false","","",""
"1082","Giants Ladder (Double Troika)","hr_gear_other","Green","2051-04-22","0","2737","IN","","High Ropes Shed","","","2026-04-29T03:33:18.042269+00:00","","","false","","",""
"1083","High Beam","hr_gear_other","Green","2051-04-22","0","2737","IN","","High Ropes Shed","","","2026-04-29T03:33:18.042269+00:00","","","false","","",""
"1084","Jeebee","hr_gear_other","Green","2051-04-22","0","2737","IN","","High Ropes Shed","","","2026-04-29T03:33:18.042269+00:00","","","false","","",""
"1085","Multivine","hr_gear_other","Green","2051-04-22","0","2737","IN","","High Ropes Shed","","","2026-04-29T03:33:18.042269+00:00","","","false","","",""
"1086","Posties Walk","hr_gear_other","Green","2051-04-22","0","2737","IN","","High Ropes Shed","","","2026-04-29T03:33:18.042269+00:00","","","false","","",""
"1087","Southern Crossing","hr_gear_other","Green","2051-04-22","0","2737","IN","","High Ropes Shed","","","2026-04-29T03:33:18.042269+00:00","","","false","","",""
"1089","Swinging Log","hr_gear_other","Green","2051-04-22","0","2737","IN","","High Ropes Shed","","","2026-04-29T03:33:18.042269+00:00","","","false","","",""
"1090","Trapeze (Pamper Pole)","hr_gear_other","Green","2051-04-22","0","2737","IN","","High Ropes Shed","","","2026-04-29T03:33:18.042269+00:00","","","false","","",""
"1075","Climbing room student shovel yellow","snow_shovels","Green","2051-01-27","0","6843","IN","","Climbing Room","","","2026-04-29T03:33:18.042269+00:00","CR SS Yellow","","false","","","4"
"1111","Tech white water spray top small-02","dry_tops","Green","2050-02-13","6","6843","OUT","","Tech Shipping Container","","","2026-04-29T03:33:18.042269+00:00","Tech-Small-02","S","false","","",""
"1112","Tech white water spray top small-03","dry_tops","Green","2049-02-12","2","6843","IN","","Tech Shipping Container","","","2026-04-29T03:33:18.042269+00:00","Tech-Small-03","S","false","","",""
"1113","Tech white water spray top small-04","dry_tops","Green","2049-02-12","6","6843","IN","","Tech Shipping Container","","","2026-04-29T03:33:18.042269+00:00","Tech-Small-04","S","false","","",""
"1114","Tech white water spray top small-05","dry_tops","Green","2049-02-12","0","6843","IN","","Tech Shipping Container","","","2026-04-29T03:33:18.042269+00:00","Tech-Small-05","S","false","","",""
"1115","Tech white water spray top small-06","dry_tops","Green","2049-02-12","0","6843","IN","","Tech Shipping Container","","","2026-04-29T03:33:18.042269+00:00","Tech-Small-06","S","false","","",""
"1116","Tech white water spray top small-07","dry_tops","Green","2049-02-12","0","6843","IN","","Tech Shipping Container","","","2026-04-29T03:33:18.042269+00:00","Tech-Small-07","S","false","","",""
"1117","Tech white water spray top small-08","dry_tops","Green","2049-02-12","0","6843","IN","","Tech Shipping Container","","","2026-04-29T03:33:18.042269+00:00","Tech-Small-08","S","false","","",""
"1118","Tech white water spray top XLarge-01","dry_tops","Green","2049-02-12","4","6843","IN","","Tech Shipping Container","","","2026-04-29T03:33:18.042269+00:00","Tech-XLarge-01","XLarge","false","","",""
"1119","Tech white water spray top XLarge-02","dry_tops","Green","2049-02-12","0","6843","IN","","Tech Shipping Container","","","2026-04-29T03:33:18.042269+00:00","Tech-XLarge-02","XLarge","false","","",""
"1120","Tech white water spray top XLarge-03","dry_tops","Green","2050-02-13","2","6843","IN","","Tech Shipping Container","","","2026-04-29T03:33:18.042269+00:00","Tech-XLarge-03","XLarge","false","","",""
"1121","Tech white water spray top medium-08","dry_tops","Green","2049-02-12","1","6843","OUT","","Tech Shipping Container","","","2026-04-29T03:33:18.042269+00:00","Tech-Medium-08","M","false","","",""
"1122","Tech white water spray top medium-09","dry_tops","Green","2049-02-12","2","6843","IN","","Tech Shipping Container","","","2026-04-29T03:33:18.042269+00:00","Tech-Medium-09","M","false","","",""
"1123","Tech White Water Helmet TL-01","helmets_tech_rafting","Green","2029-04-28","4","1368","IN","","Tech Shipping Container","","","2026-04-29T03:33:18.042269+00:00","Tech-ww-helmet-Large-01","L","false","","",""
"1124","Tech White Water Helmet TL-02","helmets_tech_rafting","Green","2029-04-28","0","1368","IN","","Tech Shipping Container","","","2026-04-29T03:33:18.042269+00:00","Tech-ww-helmet-Large-02","L","false","","",""
"1125","Tech White Water Helmet TL-03","helmets_tech_rafting","Green","2029-04-28","0","1368","IN","","Tech Shipping Container","","","2026-04-29T03:33:18.042269+00:00","Tech-ww-helmet-Large-03","L","false","","",""
"1126","Tech White Water Helmet TL-04","helmets_tech_rafting","Green","2029-04-28","3","1368","OUT","","Tech Shipping Container","","","2026-04-29T03:33:18.042269+00:00","Tech-ww-helmet-Large-04","L","false","","",""
"1127","Tech White Water Helmet TL-06","helmets_tech_rafting","Green","2029-04-28","2","1368","IN","","Tech Shipping Container","","","2026-04-29T03:33:18.042269+00:00","Tech-ww-helmet-Large-06","L","false","","",""
"1128","Tech White Water Helmet TL-07","helmets_tech_rafting","Green","2029-04-28","0","1368","IN","","Tech Shipping Container","","","2026-04-29T03:33:18.042269+00:00","Tech-ww-helmet-Large-07","L","false","","",""
"1129","Tech White Water Helmet TL-08","helmets_tech_rafting","Green","2029-04-28","1","1368","OUT","","Tech Shipping Container","","","2026-04-29T03:33:18.042269+00:00","Tech-ww-helmet-Large-08","L","false","","",""
"1130","Tech White Water Helmet TL-09","helmets_tech_rafting","Green","2029-04-28","1","1368","OUT","","Tech Shipping Container","","","2026-04-29T03:33:18.042269+00:00","Tech-ww-helmet-Large-09","L","false","","",""
"1131","Tech White Water Helmet TM-01","helmets_tech_rafting","Green","2029-04-28","2","1368","IN","","Tech Shipping Container","","","2026-04-29T03:33:18.042269+00:00","Tech-ww-helmet-Medium-01","M","false","","",""
"1132","Tech White Water Helmet TM-02","helmets_tech_rafting","Green","2029-04-28","2","1368","IN","","Tech Shipping Container","","","2026-04-29T03:33:18.042269+00:00","Tech-ww-helmet-Medium-02","M","false","","",""
"1133","Tech White Water Helmet TM-03","helmets_tech_rafting","Green","2029-04-28","5","1368","IN","","Tech Shipping Container","","","2026-04-29T03:33:18.042269+00:00","Tech-ww-helmet-Medium-03","M","false","","",""
"1134","Tech White Water Helmet TM-04","helmets_tech_rafting","Green","2029-04-28","7","1368","IN","","Tech Shipping Container","","","2026-04-29T03:33:18.042269+00:00","Tech-ww-helmet-Medium-04","M","false","","",""
"1135","Tech White Water Helmet TM-05","helmets_tech_rafting","Red","2029-04-28","0","1368","IN","","Tech Shipping Container","","","2026-04-29T03:33:18.042269+00:00","Tech-ww-helmet-Medium-05","M","false","","",""
"1136","Tech White Water Helmet TM-06","helmets_tech_rafting","Green","2029-04-28","0","1368","IN","","Tech Shipping Container","","","2026-04-29T03:33:18.042269+00:00","Tech-ww-helmet-Medium-06","M","false","","",""
"1137","Tech White Water Helmet TM-07","helmets_tech_rafting","Green","2029-04-28","6","1368","IN","","Tech Shipping Container","","","2026-04-29T03:33:18.042269+00:00","Tech-ww-helmet-Medium-07","M","false","","",""
"1138","Tech White Water Helmet TM-08","helmets_tech_rafting","Green","2029-04-28","1","1368","OUT","","Tech Shipping Container","","","2026-04-29T03:33:18.042269+00:00","Tech-ww-helmet-Medium-08","M","false","","",""
"1139","Tech White Water Helmet TM-09","helmets_tech_rafting","Green","2029-04-28","4","1368","IN","","Tech Shipping Container","","","2026-04-29T03:33:18.042269+00:00","Tech-ww-helmet-Medium-09","M","false","","",""
"1140","Tech White Water Helmet TM-10","helmets_tech_rafting","Green","2029-04-28","4","1368","IN","","Tech Shipping Container","","","2026-04-29T03:33:18.042269+00:00","Tech-ww-helmet-Medium-10","M","false","","",""
"1141","Tech White Water Helmet TS-01","helmets_tech_rafting","Green","2029-04-28","7","1368","OUT","","Tech Shipping Container","","","2026-04-29T03:33:18.042269+00:00","Tech-ww-helmet-Small-01","S","false","","",""
"1142","Tech White Water Helmet TS-02","helmets_tech_rafting","Green","2029-04-28","6","1368","IN","","Tech Shipping Container","","","2026-04-29T03:33:18.042269+00:00","Tech-ww-helmet-Small-02","S","false","","",""
"1143","Tech White Water Helmet TS-03","helmets_tech_rafting","Green","2029-04-28","2","1368","IN","","Tech Shipping Container","","","2026-04-29T03:33:18.042269+00:00","Tech-ww-helmet-Small-03","S","false","","",""
"1144","Tech White Water Helmet TS-04","helmets_tech_rafting","Green","2029-04-28","4","1368","IN","","Tech Shipping Container","","","2026-04-29T03:33:18.042269+00:00","Tech-ww-helmet-Small-04","S","false","","",""
"1145","Tech White Water Paddle-01 / Black","kayak_paddles","Green","2050-02-07","2","6843","IN","","Tech Shipping Container","","","2026-04-29T03:33:18.042269+00:00","Tech-WW-Paddle-01 / Black","","false","","",""
"1146","Tech White Water Paddle-02 / White","kayak_paddles","Green","2050-02-07","0","6843","IN","","Tech Shipping Container","","","2026-04-29T03:33:18.042269+00:00","Tech-WW-Paddle-02 / White","","false","","",""
"1147","Tech White Water Paddle-03 / Yellow","kayak_paddles","Green","2050-02-07","0","6843","IN","","Tech Shipping Container","","","2026-04-29T03:33:18.042269+00:00","Tech-WW-Paddle-03 / Yellow","","false","","",""
"1148","Tech White Water Paddle-04 / Red","kayak_paddles","Green","2046-12-26","2","6843","IN","","Tech Shipping Container","","","2026-04-29T03:33:18.042269+00:00","Tech-WW-Paddle-04 / Red","","false","","",""
"1149","Tech White Water Paddle-05 / Blue","kayak_paddles","Green","2046-12-26","1","6843","OUT","","Tech Shipping Container","","","2026-04-29T03:33:18.042269+00:00","Tech-WW-Paddle-05 / Blue","","false","","",""
"1150","Tech White Water Paddle-06 / Green","kayak_paddles","Green","2046-12-26","3","6843","OUT","","Tech Shipping Container","","","2026-04-29T03:33:18.042269+00:00","Tech-WW-Paddle-06 / Green","","false","","",""
"1151","Tech White Water Paddle-07 / Black-White","kayak_paddles","Green","2046-12-26","0","6843","IN","","Tech Shipping Container","","","2026-04-29T03:33:18.042269+00:00","Tech-WW-Paddle-07 / Black-White","","false","","",""
"1152","Tech White Water Paddle-08 / Yellow-Red","kayak_paddles","Green","2046-12-26","3","6843","IN","","Tech Shipping Container","","","2026-04-29T03:33:18.042269+00:00","Tech-WW-Paddle-08 / Yellow-Red","","false","","",""
"1153","Tech White Water Paddle-09 / Blue-Green","kayak_paddles","Green","2046-12-26","8","6843","IN","","Tech Shipping Container","","","2026-04-29T03:33:18.042269+00:00","Tech-WW-Paddle-09 / Blue-Green","","false","","",""
"1154","Tech White Water Paddle-10 / White-Red","kayak_paddles","Green","2046-12-26","6","6843","IN","","Tech Shipping Container","","","2026-04-29T03:33:18.042269+00:00","Tech-WW-Paddle-10 / White-Red","","false","","",""
"1155","Tech White Water Paddle-11 / Green-Black","kayak_paddles","Green","2046-12-26","1","6843","OUT","","Tech Shipping Container","","","2026-04-29T03:33:18.042269+00:00","Tech-WW-Paddle-11 / Green-Black","","false","","",""
"1156","Tech White Water Paddle-12 / Blue-Yellow","kayak_paddles","Green","2049-12-26","0","6843","IN","","Tech Shipping Container","","","2026-04-29T03:33:18.042269+00:00","Tech-WW-Paddle-12 / Blue-Yellow","","false","","",""
"1157","Tech White Water Paddle-13 / Red-Black","kayak_paddles","Green","2046-12-26","0","6843","IN","","Tech Shipping Container","","","2026-04-29T03:33:18.042269+00:00","Tech-WW-Paddle-13 / Red-Black","","false","","",""
"1158","Tech White Water Paddle-14 / Blue-Red","kayak_paddles","Green","2046-12-26","6","6843","IN","","Tech Shipping Container","","","2026-04-29T03:33:18.042269+00:00","Tech-WW-Paddle-14 / Blue-Red","","false","","",""
"1159","Tech White Water Paddle-15 / White-Green","kayak_paddles","Green","2046-12-26","0","6843","IN","","Tech Shipping Container","","","2026-04-29T03:33:18.042269+00:00","Tech-WW-Paddle-15 / White-Green","","false","","",""
"1160","Tech White Water Paddle-16 / Blue-Black","kayak_paddles","Green","2046-12-26","2","6843","IN","","Tech Shipping Container","","","2026-04-29T03:33:18.042269+00:00","Tech-WW-Paddle-16 / Blue-Black","","false","","",""
"1161","Tech White Water Paddle-17 / Green-Red","kayak_paddles","Green","2046-12-26","0","6843","IN","","Tech Shipping Container","","","2026-04-29T03:33:18.042269+00:00","Tech-WW-Paddle-17 / Green-Red","","false","","",""
"1162","Tech White Water Paddle-19 / White-Blue","kayak_paddles","Green","2046-12-26","0","6843","IN","","Tech Shipping Container","","","2026-04-29T03:33:18.042269+00:00","Tech-WW-Paddle-19 / White-Blue","","false","","",""
"1163","Tech White Water Paddle-20 / Black-Yellow","kayak_paddles","Green","2046-12-26","1","6843","OUT","","Tech Shipping Container","","","2026-04-29T03:33:18.042269+00:00","Tech-WW-Paddle-20 / Black-Yellow","","false","","",""
"1164","Tech White Water Paddle-21 / White-Yellow","kayak_paddles","Green","2050-12-26","0","6843","IN","","Tech Shipping Container","","","2026-04-29T03:33:18.042269+00:00","Tech-WW-Paddle-21 / White-Yellow","","false","","",""
"1165","Tech White Water Paddle-22 / White-Yellow-Black","kayak_paddles","Green","2050-12-26","3","6843","OUT","","Tech Shipping Container","","","2026-04-29T03:33:18.042269+00:00","Tech-WW-Paddle-22 / White-Yellow-Black","","false","","",""
"1166","Tech White Water Paddle-23 / White-Red-Black","kayak_paddles","Green","2050-12-26","3","6843","IN","","Tech Shipping Container","","","2026-04-29T03:33:18.042269+00:00","Tech-WW-Paddle-23 / White-Red-Black","","false","","",""
"1167","Tech White Water Paddle-24 / White-Blue-Black","kayak_paddles","Green","2050-12-26","0","6843","IN","","Tech Shipping Container","","","2026-04-29T03:33:18.042269+00:00","Tech-WW-Paddle-24 / White-Blue-Black","","false","","",""
"1168","Tech White Water Paddle-25 / White-Green-Black","kayak_paddles","Green","2050-12-26","2","6843","IN","","Tech Shipping Container","","","2026-04-29T03:33:18.042269+00:00","Tech-WW-Paddle-25 / White-Green-Black","","false","","",""
"1169","Tech White Water Paddle-18 / Yellow-Green","kayak_paddles","Green","2046-12-26","4","6843","IN","","Tech Shipping Container","","","2026-04-29T03:33:18.042269+00:00","Tech-WW-Paddle-18 / Yellow-Green","","false","","",""
"1170","Tech Spray Skirt Medium-21","spray_skirts","Green","2043-12-26","1","6843","OUT","","Tech Shipping Container","","","2026-04-29T03:33:18.042269+00:00","T-Spray-Skirt-Medium-21","M","false","","",""
"1171","Tech Spray Skirt Small-09 / Blue-Green","spray_skirts","Green","2046-12-26","2","6843","IN","","Tech Shipping Container","","","2026-04-29T03:33:18.042269+00:00","T-Spray-Skirt-Small-09 / Blue-Green","S","false","","",""
"1172","Tech Spray Skirt Large-04 / Red","spray_skirts","Green","2047-12-26","0","6843","IN","","Tech Shipping Container","","","2026-04-29T03:33:18.042269+00:00","T-Spray-Skirt-Large-04 / Red","L","false","","",""
"1173","Tech Spray Skirt Large-05 / Blue","spray_skirts","Green","2047-12-26","0","6843","IN","","Tech Shipping Container","","","2026-04-29T03:33:18.042269+00:00","T-Spray-Skirt-Large-05 / Blue","L","false","","",""
"1174","Tech Spray Skirt Medium-09 / Blue-Green","spray_skirts","Green","2047-12-26","7","6843","IN","","Tech Shipping Container","","","2026-04-29T03:33:18.042269+00:00","T-Spray-Skirt-Medium-09 / Blue-Green","M","false","","",""
"1175","Tech Spray Skirt Medium-10 / White-Red","spray_skirts","Green","2047-12-26","0","6843","IN","","Tech Shipping Container","","","2026-04-29T03:33:18.042269+00:00","T-Spray-Skirt-Medium-10 / White-Red","M","false","","",""
"1176","Tech Spray Skirt Medium-11 / Black-Green","spray_skirts","Green","2047-12-26","4","6843","OUT","","Tech Shipping Container","","","2026-04-29T03:33:18.042269+00:00","T-Spray-Skirt-Medium-11 / Black-Green","M","false","","",""
"1177","Tech Spray Skirt Medium-12 / Blue-Yellow","spray_skirts","Green","2047-12-26","0","6843","IN","","Tech Shipping Container","","","2026-04-29T03:33:18.042269+00:00","T-Spray-Skirt-Medium-12 / Blue-Yellow","M","false","","",""
"1178","Tech Spray Skirt Medium-13 / Black-Red","spray_skirts","Green","2047-12-26","4","6843","IN","","Tech Shipping Container","","","2026-04-29T03:33:18.042269+00:00","T-Spray-Skirt-Medium-13 / Black-Red","M","false","","",""
"1179","Tech Spray Skirt Medium-14 / Blue-Red","spray_skirts","Green","2047-12-26","0","6843","IN","","Tech Shipping Container","","","2026-04-29T03:33:18.042269+00:00","T-Spray-Skirt-Medium-14 / Blue-Red","M","false","","",""
"1180","Tech Spray Skirt Medium-15 / White-Green","spray_skirts","Green","2047-12-26","0","6843","IN","","Tech Shipping Container","","","2026-04-29T03:33:18.042269+00:00","T-Spray-Skirt-Medium-15 / White-Green","M","false","","",""
"1181","Tech Spray Skirt Medium-16 / Blue-Black","spray_skirts","Green","2047-12-26","2","6843","IN","","Tech Shipping Container","","","2026-04-29T03:33:18.042269+00:00","T-Spray-Skirt-Medium-16 / Blue-Black","M","false","","",""
"1182","Tech Spray Skirt Medium-17 / Green-Red","spray_skirts","Green","2047-12-26","0","6843","IN","","Tech Shipping Container","","","2026-04-29T03:33:18.042269+00:00","T-Spray-Skirt-Medium-17 / Green-Red","M","false","","",""
"1183","Tech Spray Skirt Medium-18 / Yellow-Green","spray_skirts","Green","2047-12-26","0","6843","IN","","Tech Shipping Container","","","2026-04-29T03:33:18.042269+00:00","T-Spray-Skirt-Medium-18 / Yellow-Green","M","false","","",""
"1184","Tech Spray Skirt Small-05 / Blue","spray_skirts","Green","2047-12-26","2","6843","IN","","Tech Shipping Container","","","2026-04-29T03:33:18.042269+00:00","T-Spray-Skirt-Small-05 / Blue","S","false","","",""
"1185","Tech Spray Skirt Small-06 / Green","spray_skirts","Green","2047-12-26","6","6843","IN","","Tech Shipping Container","","","2026-04-29T03:33:18.042269+00:00","T-Spray-Skirt-Small-06 / Green","S","false","","",""
"1186","Tech Spray Skirt Small-07 / Black-White","spray_skirts","Green","2047-12-26","0","6843","IN","","Tech Shipping Container","","","2026-04-29T03:33:18.042269+00:00","T-Spray-Skirt-Small-07 / Black-White","S","false","","",""
"1187","Tech Spray Skirt Small-08 / Yellow-Red","spray_skirts","Green","2047-12-26","0","6843","IN","","Tech Shipping Container","","","2026-04-29T03:33:18.042269+00:00","T-Spray-Skirt-Small-08 / Yellow-Red","S","false","","",""
"1188","Tech Spray Skirt Large-01 / Black","spray_skirts","Green","2048-12-25","1","6843","OUT","","Tech Shipping Container","","","2026-04-29T03:33:18.042269+00:00","T-Spray-Skirt-Large-01 / Black","L","false","","",""
"1189","Tech Spray Skirt Large-02 / White","spray_skirts","Green","2048-12-25","2","6843","IN","","Tech Shipping Container","","","2026-04-29T03:33:18.042269+00:00","T-Spray-Skirt-Large-02 / White","L","false","","",""
"1190","Tech Spray Skirt Large-03 / Yellow","spray_skirts","Green","2048-12-25","0","6843","IN","","Tech Shipping Container","","","2026-04-29T03:33:18.042269+00:00","T-Spray-Skirt-Large-03 / Yellow","L","false","","",""
"1191","Tech Spray Skirt Medium-01 / Black","spray_skirts","Green","2050-02-23","0","6843","IN","","Tech Shipping Container","","","2026-04-29T03:33:18.042269+00:00","T-Spray-Skirt-Medium-01 / Black","M","false","","",""
"1192","Tech Spray Skirt Medium-02 / White","spray_skirts","Green","2050-02-23","0","6843","IN","","Tech Shipping Container","","","2026-04-29T03:33:18.042269+00:00","T-Spray-Skirt-Medium-02 / White","M","false","","",""
"1193","Tech Spray Skirt Medium-03 / Yellow","spray_skirts","Green","2050-02-23","0","6843","IN","","Tech Shipping Container","","","2026-04-29T03:33:18.042269+00:00","T-Spray-Skirt-Medium-03 / Yellow","M","false","","",""
"1194","Tech Spray Skirt Medium-04 / Red","spray_skirts","Green","2048-12-25","0","6843","IN","","Tech Shipping Container","","","2026-04-29T03:33:18.042269+00:00","T-Spray-Skirt-Medium-04 / Red","M","false","","",""
"1195","Tech Spray Skirt Medium-05 / Blue","spray_skirts","Green","2048-12-25","0","6843","IN","","Tech Shipping Container","","","2026-04-29T03:33:18.042269+00:00","T-Spray-Skirt-Medium-05 / Blue","M","false","","",""
"1196","Tech Spray Skirt Medium-06 / Green","spray_skirts","Green","2048-12-25","0","6843","IN","","Tech Shipping Container","","","2026-04-29T03:33:18.042269+00:00","T-Spray-Skirt-Medium-06 / Green","M","false","","",""
"1197","Tech Spray Skirt Medium-07 / Black-White","spray_skirts","Green","2048-12-25","0","6843","IN","","Tech Shipping Container","","","2026-04-29T03:33:18.042269+00:00","T-Spray-Skirt-Medium-07 / Black-White","M","false","","",""
"1198","Tech Spray Skirt Medium-08 / Yellow-Red","spray_skirts","Green","2048-12-25","1","6843","OUT","","Tech Shipping Container","","","2026-04-29T03:33:18.042269+00:00","T-Spray-Skirt-Medium-08 / Yellow-Red","M","false","","",""
"1199","Tech Spray Skirt Medium-19 White/Blue","spray_skirts","Green","2047-12-26","2","6843","IN","","Tech Shipping Container","","","2026-04-29T03:33:18.042269+00:00","T-Spray-Skirt-Medium-19 White/Blue","M","false","","",""
"1200","Tech Spray Skirt Medium-20 Yellow/Black","spray_skirts","Green","2047-12-26","2","6843","IN","","Tech Shipping Container","","","2026-04-29T03:33:18.042269+00:00","T-Spray-Skirt-Medium-20 Yellow/Black","M","false","","",""
"1201","Tech Spray Skirt Medium-22","spray_skirts","Green","2051-01-26","6","6843","IN","","Tech Shipping Container","","","2026-04-29T03:33:18.042269+00:00","T-Spray-Skirt-Medium-22","M","false","","",""
"1202","Tech Spray Skirt Medium-23","spray_skirts","Green","2051-01-26","0","6843","IN","","Tech Shipping Container","","","2026-04-29T03:33:18.042269+00:00","T-Spray-Skirt-Medium-23","M","false","","",""
"1203","Tech Spray Skirt Medium-24","spray_skirts","Green","2051-01-26","1","6843","OUT","","Tech Shipping Container","","","2026-04-29T03:33:18.042269+00:00","T-Spray-Skirt-Medium-24","M","false","","",""
"1204","Tech Spray Skirt Medium-25","spray_skirts","Green","2051-01-26","2","6843","IN","","Tech Shipping Container","","","2026-04-29T03:33:18.042269+00:00","T-Spray-Skirt-Medium-25","M","false","","",""
"1205","Tech Spray Skirt Small-01 / Black","spray_skirts","Green","2050-02-23","6","6843","IN","","Tech Shipping Container","","","2026-04-29T03:33:18.042269+00:00","T-Spray-Skirt-Small-01 / Black","S","false","","",""
"1206","Tech Spray Skirt Small-02 / White","spray_skirts","Green","2050-02-23","3","6843","OUT","","Tech Shipping Container","","","2026-04-29T03:33:18.042269+00:00","T-Spray-Skirt-Small-02 / White","S","false","","",""
"1207","Tech Spray Skirt Small-03 / Yellow","spray_skirts","Green","2048-12-25","2","6843","IN","","Tech Shipping Container","","","2026-04-29T03:33:18.042269+00:00","T-Spray-Skirt-Small-03 / Yellow","S","false","","",""
"1208","Tech Spray Skirt Small-04 / Red","spray_skirts","Green","2048-12-25","0","6843","IN","","Tech Shipping Container","","","2026-04-29T03:33:18.042269+00:00","T-Spray-Skirt-Small-04 / Red","S","false","","",""
"1209","Tech Spray Skirt Small-10 White/Red","spray_skirts","Green","2046-12-26","2","6843","IN","","Tech Shipping Container","","","2026-04-29T03:33:18.042269+00:00","T-Spray-Skirt-Small-10 / White/Red","S","false","","",""
"1210","Tech Spray Skirt Large-06 / Green","spray_skirts","Green","2046-12-26","1","6843","OUT","","Tech Shipping Container","","","2026-04-29T03:33:18.042269+00:00","T-Spray-Skirt-Large-06 / Green","L","false","","",""
"1211","Throw bag - 01","throwlines","Green","2036-02-15","4","2737","OUT","","Tech Shipping Container","","","2026-04-29T03:33:18.042269+00:00","TB-01","","false","","",""
"1212","Throw bag - 02","throwlines","Green","2036-02-15","2","2737","IN","","Tech Shipping Container","","","2026-04-29T03:33:18.042269+00:00","TB-02","","false","","",""
"1213","Throw bag - 03","throwlines","Green","2036-02-15","2","2737","IN","","Tech Shipping Container","","","2026-04-29T03:33:18.042269+00:00","TB-03","","false","","",""
"1214","Throw bag - 04","throwlines","Green","2036-02-15","2","2737","IN","","Tech Shipping Container","","","2026-04-29T03:33:18.042269+00:00","TB-04","","false","","",""
"1215","Throw bag - 05","throwlines","Green","2036-02-15","2","2737","IN","","Tech Shipping Container","","","2026-04-29T03:33:18.042269+00:00","TB-05","","false","","",""
"1216","Throw bag - 06","throwlines","Green","2036-02-15","2","2737","IN","","Tech Shipping Container","","","2026-04-29T03:33:18.042269+00:00","TB-06","","false","","",""
"1217","Throw bag - 07","throwlines","Green","2036-02-15","2","2737","IN","","Tech Shipping Container","","","2026-04-29T03:33:18.042269+00:00","TB-07","","false","","",""
"1218","Throw bag - 08","throwlines","Green","2036-02-15","2","2737","IN","","Tech Shipping Container","","","2026-04-29T03:33:18.042269+00:00","TB-08","","false","","",""
"1219","Throw bag - 09","throwlines","Green","2036-02-15","2","2737","IN","","Tech Shipping Container","","","2026-04-29T03:33:18.042269+00:00","TB-09","","false","","",""
"1220","Throw bag - 10","throwlines","Green","2030-12-30","2","2737","IN","","Tech Shipping Container","","","2026-04-29T03:33:18.042269+00:00","TB-10","","false","","",""
"1221","Throw bag - 11","throwlines","Green","2030-12-30","0","2737","IN","","Tech Shipping Container","","","2026-04-29T03:33:18.042269+00:00","TB-11","","false","","",""
"1222","Throw bag - 12","throwlines","Green","2030-12-30","2","2737","IN","","Tech Shipping Container","","","2026-04-29T03:33:18.042269+00:00","TB-12","","false","","",""
"1223","Throw bag - 13","throwlines","Green","2030-12-30","2","2737","IN","","Tech Shipping Container","","","2026-04-29T03:33:18.042269+00:00","TB-13","","false","","",""
"1224","Throw bag - 14","throwlines","Green","2030-12-30","2","2737","IN","","Tech Shipping Container","","","2026-04-29T03:33:18.042269+00:00","TB-14","","false","","",""
"1225","Throw bag - 15","throwlines","Green","2030-12-30","2","2737","IN","","Tech Shipping Container","","","2026-04-29T03:33:18.042269+00:00","TB-15","","false","","",""
"1226","Throw bag - 16","throwlines","Green","2030-12-30","2","2737","IN","","Tech Shipping Container","","","2026-04-29T03:33:18.042269+00:00","TB-16","","false","","",""
"3781","Renault RPP787 12 Seater White","vehicles","Green","","0","0","IN","","Yard","NFC3781","QR3781","2026-04-30T22:37:14.25783+00:00","RPP787","","false","","",""
"1233","01 - Tech White water Axiom 8 - Black","whitewater_kayaks","Green","2051-04-22","2","6843","IN","","Cage Yardside","","","2026-04-29T03:33:18.042269+00:00","White water boat - 01 - Black","S","false","","",""
"1228","Canyon Guide Bag C2","cat_dry_bags","Green","2051-02-17","0","2737","IN","","Climbing Room","","","2026-04-29T03:33:18.042269+00:00","C2","","false","","",""
"1234","02 - Tech White water Rewind Small – White","whitewater_kayaks","Green","2051-04-22","0","6843","IN","","Cage Yardside","","","2026-04-29T03:33:18.042269+00:00","White water boat - 02 - White","S","false","","",""
"1232","Spare Wetsuits","wetsuits","Green","2049-06-03","0","6843","IN","","Attic","","","2026-04-29T03:33:18.042269+00:00","","Mixed","true","1","1",""
"1230","11 5XL Wetsuits","wetsuits","Green","2049-06-03","0","6843","IN","","Wetsuit Shipping Container","","","2026-04-29T03:33:18.042269+00:00","","5XL","true","1","1",""
"870","Climbing room LS03 50m","static_ropes","Green","2029-02-01","4","1368","IN","","Climbing Room","","","2026-04-29T03:33:18.042269+00:00","LS3","","false","","",""
"1227","Canyon Guide Bag C1","cat_dry_bags","Green","2051-02-17","0","2737","IN","","Climbing Room","","","2026-04-29T03:33:18.042269+00:00","C1","","false","","",""
"1274","06/ 2XL Fleece Tops","fleece_tops","Green","","0","9999","IN","","Clothes Room","","","2026-04-29T03:33:18.042269+00:00","","2XL","true","5","10",""
"1273","05/ XL Fleece Tops","fleece_tops","Green","","0","9999","IN","","Clothes Room","","","2026-04-29T03:33:18.042269+00:00","","XL","true","10","25",""
"1272","04/ Large Fleece Tops","fleece_tops","Green","","0","9999","IN","","Clothes Room","","","2026-04-29T03:33:18.042269+00:00","","L","true","10","45",""
"1271","03/ Medium Fleece Tops","fleece_tops","Green","","0","9999","IN","","Clothes Room","","","2026-04-29T03:33:18.042269+00:00","","M","true","11","45",""
"1270","02/ Small Fleece Tops","fleece_tops","Green","","0","9999","IN","","Clothes Room","","","2026-04-29T03:33:18.042269+00:00","","S","true","15","45",""
"1287","Hiking boot 4 (EU37)","boots_hiking","Green","","0","9999","IN","","Clothes Room","","","2026-04-29T03:33:18.042269+00:00","","4 (EU 37)","true","2","2",""
"1265","04/ Large Fleece Bottoms","fleece_pants","Green","","0","9999","IN","","Clothes Room","","","2026-04-29T03:33:18.042269+00:00","","L","true","25","45",""
"1263","02/ Small Fleece Bottoms","fleece_pants","Green","","0","9999","IN","","Clothes Room","","","2026-04-29T03:33:18.042269+00:00","","S","true","37","45",""
"1294","Hiking Socks","socks","Green","","0","9999","IN","Pool stock: 14 of 50","Clothes Room","","","2026-04-29T03:33:18.042269+00:00","","","false","","",""
"1300","06/ 2XL Rain Jackets","rain_jackets","Green","","0","9999","IN","","Clothes Room","","","2026-04-29T03:33:18.042269+00:00","","2XL","true","18","18",""
"1262","01/ XS Fleece Bottoms","fleece_pants","Green","","0","9999","IN","","Clothes Room","","","2026-04-29T03:33:18.042269+00:00","","XS","true","30","40",""
"1284","Hiking boot 12 (EU46)","boots_hiking","Green","","0","9999","IN","","Clothes Room","","","2026-04-29T03:33:18.042269+00:00","","12 (EU 46)","true","5","5",""
"1259","01/ Small 65L Tramping Packs","backpacks","Green","","0","9999","IN","","Clothes Room","","","2026-04-29T03:33:18.042269+00:00","","S","true","31","45",""
"1261","03/ Large 65L Tramping Pack","backpacks","Green","","0","9999","IN","","Clothes Room","","","2026-04-29T03:33:18.042269+00:00","","L","true","28","30",""
"1260","02/ Medium 65L Tramping Packs","backpacks","Green","","0","9999","IN","","Clothes Room","","","2026-04-29T03:33:18.042269+00:00","","M","true","24","45",""
"1280","Sun Hats","hats","Green","","0","9999","IN","Pool stock: 25 of 30","Clothes Room","","","2026-04-29T03:33:18.042269+00:00","","","false","","",""
"1281","Warm Beanies","hats","Green","","0","9999","IN","Pool stock: 76 of 80","Clothes Room","","","2026-04-29T03:33:18.042269+00:00","","","false","","",""
"1279","Warm gloves for students","gloves","Green","","0","9999","IN","","Clothes Room","","","2026-04-29T03:33:18.042269+00:00","","","true","61","61",""
"1296","02/ Small Rain Jackets","rain_jackets","Green","","0","9999","IN","","Clothes Room","","","2026-04-29T03:33:18.042269+00:00","","S","true","19","45",""
"1298","04/ Large Rain Jackets","rain_jackets","Green","","0","9999","IN","","Clothes Room","","","2026-04-29T03:33:18.042269+00:00","","L","true","35","45",""
"1266","05/ XL Fleece Bottoms","fleece_pants","Green","","0","9999","IN","","Clothes Room","","","2026-04-29T03:33:18.042269+00:00","","XL","true","15","25",""
"1267","06/ 2XL Fleece Bottoms","fleece_pants","Green","","0","9999","IN","","Clothes Room","","","2026-04-29T03:33:18.042269+00:00","","2XL","true","13","13",""
"1264","03/ Medium Fleece Bottoms","fleece_pants","Green","","0","9999","IN","","Clothes Room","","","2026-04-29T03:33:18.042269+00:00","","M","true","25","45",""
"1278","10/ Large Short-Sleeved Fleece Tops","fleece_tops","Green","","0","9999","IN","","Clothes Room","","","2026-04-29T03:33:18.042269+00:00","","L","true","14","14",""
"1297","03/ Medium Rain Jackets","rain_jackets","Green","","0","9999","IN","","Clothes Room","","","2026-04-29T03:33:18.042269+00:00","","M","true","21","45",""
"1276","08/ Small Short-Sleeve Fleece Tops","fleece_tops","Green","","0","9999","IN","","Clothes Room","","","2026-04-29T03:33:18.042269+00:00","","S","true","8","8",""
"1299","05/ XL Rain Jacket","rain_jackets","Green","","0","9999","IN","","Clothes Room","","","2026-04-29T03:33:18.042269+00:00","","XL","true","26","26",""
"1275","07/ 3XL Fleece Tops","fleece_tops","Green","","0","9999","IN","","Clothes Room","","","2026-04-29T03:33:18.042269+00:00","","3XL","true","6","10",""
"1295","01/ XS Rain Jackets","rain_jackets","Green","","0","9999","IN","","Clothes Room","","","2026-04-29T03:33:18.042269+00:00","","S","true","30","35",""
"1277","09/ Medium Short-Sleeve Fleece Tops","fleece_tops","Green","","0","9999","IN","","Clothes Room","","","2026-04-29T03:33:18.042269+00:00","","M","true","17","17",""
"1301","07/ 3XL Rain Jackets","rain_jackets","Green","","0","9999","IN","","Clothes Room","","","2026-04-29T03:33:18.042269+00:00","","3XL","true","9","9",""
"1268","07/ 3XL Fleece Bottoms","fleece_pants","Green","","0","9999","IN","","Clothes Room","","","2026-04-29T03:33:18.042269+00:00","","3XL","true","3","10",""
"1250","25 - Tech White water Rewind Medium– Black/White/Green","whitewater_kayaks","Green","2051-02-24","6","6843","IN","","Cage Yardside","","","2026-04-29T03:33:18.042269+00:00","White water boat - 25 - Black/White/Green","M","false","","",""
"1251","31 - Tech White water Axiom 9 Large– Blue/Green/White","whitewater_kayaks","Green","2051-04-22","2","6843","IN","","Cage Yardside","","","2026-04-29T03:33:18.042269+00:00","White water boat - 31 - Blue/Green/White","L","false","","",""
"1252","32 - Tech White water RMP Max Large– Blue/Green/Yellow","whitewater_kayaks","Green","2051-04-22","1","6843","OUT","","Cage Yardside","","","2026-04-29T03:33:18.042269+00:00","White water boat - 32 - Blue/Green/Yellow","L","false","","",""
"1253","33 - Tech White water RMP Max Large– Blue/Green/Red","whitewater_kayaks","Green","2051-04-22","0","6843","IN","","Cage Yardside","","","2026-04-29T03:33:18.042269+00:00","White water boat - 33 - Blue/Green/Red","L","false","","",""
"1312","Mountain boots 9 (EU 44)","boots_mountain","Green","","0","9999","IN","","","","","2026-04-29T03:33:18.042269+00:00","","9 (EU 44)","true","1","1",""
"1313","Mountain boots 13 (EU 48)","boots_mountain","Green","","0","9999","IN","","","","","2026-04-29T03:33:18.042269+00:00","","13 (EU 48)","true","1","1",""
"1314","Mountain boots 4.5 (EU 37.5)","boots_mountain","Green","","0","9999","IN","","","","","2026-04-29T03:33:18.042269+00:00","","4.5 (EU 37.5)","true","3","3",""
"1308","07/ 3XL Rain Pants","rain_pants","Green","","0","9999","IN","","Clothes Room","","","2026-04-29T03:33:18.042269+00:00","","3XL","true","15","15",""
"1318","03 XS Wetsuits","wetsuits","Green","","0","9999","IN","","Wetsuit Shipping Container","","","2026-04-29T03:33:18.042269+00:00","","XS","true","9","15",""
"1302","01/ XS Rain Pants","rain_pants","Green","","0","9999","IN","","Clothes Room","","","2026-04-29T03:33:18.042269+00:00","","XS","true","35","35",""
"1322","07 XL Wetsuits","wetsuits","Green","","0","9999","IN","","Wetsuit Shipping Container","","","2026-04-29T03:33:18.042269+00:00","","XL","true","15","15",""
"1316","01 3XS Wetsuits","wetsuits","Green","","0","9999","IN","","Wetsuit Shipping Container","","","2026-04-29T03:33:18.042269+00:00","","3XS","true","10","10",""
"1319","04 Small Wetsuits","wetsuits","Green","","0","9999","IN","","Wetsuit Shipping Container","","","2026-04-29T03:33:18.042269+00:00","","S","true","25","25",""
"1307","06/ 2XL Rain Pants","rain_pants","Green","","0","9999","IN","","Clothes Room","","","2026-04-29T03:33:18.042269+00:00","","2XL","true","8","8",""
"1320","05 Medium Wetsuits","wetsuits","Green","","0","9999","IN","","Wetsuit Shipping Container","","","2026-04-29T03:33:18.042269+00:00","","M","true","25","25",""
"1317","02 2XS Wetsuits","wetsuits","Green","","0","9999","IN","","Wetsuit Shipping Container","","","2026-04-29T03:33:18.042269+00:00","","2XS","true","15","15",""
"1323","08 2XL Wetsuits","wetsuits","Green","","0","9999","IN","","Wetsuit Shipping Container","","","2026-04-29T03:33:18.042269+00:00","","2XL","true","10","10",""
"1321","06 Large Wetsuits","wetsuits","Green","","0","9999","IN","","Wetsuit Shipping Container","","","2026-04-29T03:33:18.042269+00:00","","L","true","25","25",""
"1324","09 3XL Wetsuits","wetsuits","Green","","0","9999","IN","","Wetsuit Shipping Container","","","2026-04-29T03:33:18.042269+00:00","","3XL","true","10","10",""
"1372","Locker 01 Bush Rope","cord_tape","Green","2036-04-25","0","2737","IN","Locker 1 standard kit","Locker 01","","","2026-04-29T03:33:18.042269+00:00","","","false","","",""
"1373","Locker 01 Sling 120cm-01","locker_slings","Green","2036-04-25","0","2737","IN","Locker 1 standard kit","Locker 01","","","2026-04-29T03:33:18.042269+00:00","","","false","","",""
"1374","Locker 01 Sling 120cm-02","locker_slings","Green","2036-04-25","0","2737","IN","Locker 1 standard kit","Locker 01","","","2026-04-29T03:33:18.042269+00:00","","","false","","",""
"1375","Locker 01 Carabiner Alloy-01","locker_carabiners","Green","2036-04-25","0","2737","IN","Locker 1 standard kit","Locker 01","","","2026-04-29T03:33:18.042269+00:00","","","false","","",""
"1376","Locker 01 Carabiner Alloy-02","locker_carabiners","Green","2036-04-25","0","2737","IN","Locker 1 standard kit","Locker 01","","","2026-04-29T03:33:18.042269+00:00","","","false","","",""
"1377","Locker 01 Carabiner Alloy-03","locker_carabiners","Green","2036-04-25","0","2737","IN","Locker 1 standard kit","Locker 01","","","2026-04-29T03:33:18.042269+00:00","","","false","","",""
"1378","Locker 01 Carabiner Alloy-04","locker_carabiners","Green","2036-04-25","0","2737","IN","Locker 1 standard kit","Locker 01","","","2026-04-29T03:33:18.042269+00:00","","","false","","",""
"1379","Locker 01 Carabiner Alloy-05","locker_carabiners","Green","2036-04-25","0","2737","IN","Locker 1 standard kit","Locker 01","","","2026-04-29T03:33:18.042269+00:00","","","false","","",""
"1380","Locker 01 Carabiner Alloy-06","locker_carabiners","Green","2036-04-25","0","2737","IN","Locker 1 standard kit","Locker 01","","","2026-04-29T03:33:18.042269+00:00","","","false","","",""
"1381","Locker 01 Carabiner Steel","locker_carabiners","Green","2036-04-25","0","2737","IN","Locker 1 standard kit","Locker 01","","","2026-04-29T03:33:18.042269+00:00","","","false","","",""
"1382","Locker 01 Prusik Loop","locker_prusiks","Green","2036-04-25","0","2737","IN","Locker 1 standard kit","Locker 01","","","2026-04-29T03:33:18.042269+00:00","","","false","","",""
"1383","Locker 01 Dry Bag","locker_dry_bags","Green","2051-04-22","0","6843","IN","Locker 1 standard kit","Locker 01","","","2026-04-29T03:33:18.042269+00:00","","","false","","",""
"1384","Locker 01 Radio Dry Bag","locker_dry_bags","Green","2051-04-22","0","6843","IN","Locker 1 standard kit","Locker 01","","","2026-04-29T03:33:18.042269+00:00","","","false","","",""
"1385","Locker 01 Emergency Shelter","locker_shelter","Green","2036-04-25","0","2737","IN","Locker 1 standard kit","Locker 01","","","2026-04-29T03:33:18.042269+00:00","","","false","","",""
"1386","Locker 01 Emergency Roll Mat","locker_misc","Green","2051-04-22","0","6843","IN","Locker 1 standard kit","Locker 01","","","2026-04-29T03:33:18.042269+00:00","","","false","","",""
"1387","Locker 01 Thermos-01","locker_misc","Green","2051-04-22","0","6843","IN","Locker 1 standard kit","Locker 01","","","2026-04-29T03:33:18.042269+00:00","","","false","","",""
"1388","Locker 01 Thermos-02","locker_misc","Green","2051-04-22","0","6843","IN","Locker 1 standard kit","Locker 01","","","2026-04-29T03:33:18.042269+00:00","","","false","","",""
"1389","Locker 01 Cups-01","locker_misc","Green","2051-04-22","0","6843","IN","Locker 1 standard kit","Locker 01","","","2026-04-29T03:33:18.042269+00:00","","","false","","",""
"1390","Locker 01 Cups-02","locker_misc","Green","2051-04-22","0","6843","IN","Locker 1 standard kit","Locker 01","","","2026-04-29T03:33:18.042269+00:00","","","false","","",""
"1391","Locker 01 Compass-01","locker_misc","Green","2051-04-22","0","6843","IN","Locker 1 standard kit","Locker 01","","","2026-04-29T03:33:18.042269+00:00","","","false","","",""
"1392","Locker 01 Compass-02","locker_misc","Green","2051-04-22","0","6843","IN","Locker 1 standard kit","Locker 01","","","2026-04-29T03:33:18.042269+00:00","","","false","","",""
"1393","Locker 01 Head Torch-01","locker_misc","Green","2051-04-22","0","6843","IN","Locker 1 standard kit","Locker 01","","","2026-04-29T03:33:18.042269+00:00","","","false","","",""
"1394","Locker 01 Head Torch-02","locker_misc","Green","2051-04-22","0","6843","IN","Locker 1 standard kit","Locker 01","","","2026-04-29T03:33:18.042269+00:00","","","false","","",""
"1395","Locker 01 Sunglasses-01","locker_misc","Green","2051-04-22","0","6843","IN","Locker 1 standard kit","Locker 01","","","2026-04-29T03:33:18.042269+00:00","","","false","","",""
"1396","Locker 01 Sunglasses-02","locker_misc","Green","2051-04-22","0","6843","IN","Locker 1 standard kit","Locker 01","","","2026-04-29T03:33:18.042269+00:00","","","false","","",""
"1397","Locker 01 Sunglasses-03","locker_misc","Green","2051-04-22","0","6843","IN","Locker 1 standard kit","Locker 01","","","2026-04-29T03:33:18.042269+00:00","","","false","","",""
"1398","Locker 01 Sunglasses-04","locker_misc","Green","2051-04-22","0","6843","IN","Locker 1 standard kit","Locker 01","","","2026-04-29T03:33:18.042269+00:00","","","false","","",""
"1399","Locker 01 Sunglasses-05","locker_misc","Green","2051-04-22","0","6843","IN","Locker 1 standard kit","Locker 01","","","2026-04-29T03:33:18.042269+00:00","","","false","","",""
"1400","Locker 01 Sunglasses-06","locker_misc","Green","2051-04-22","0","6843","IN","Locker 1 standard kit","Locker 01","","","2026-04-29T03:33:18.042269+00:00","","","false","","",""
"1401","Locker 01 Sunglasses-07","locker_misc","Green","2051-04-22","0","6843","IN","Locker 1 standard kit","Locker 01","","","2026-04-29T03:33:18.042269+00:00","","","false","","",""
"1402","Locker 01 Sunglasses-08","locker_misc","Green","2051-04-22","0","6843","IN","Locker 1 standard kit","Locker 01","","","2026-04-29T03:33:18.042269+00:00","","","false","","",""
"1403","Locker 01 Sunglasses-09","locker_misc","Green","2051-04-22","0","6843","IN","Locker 1 standard kit","Locker 01","","","2026-04-29T03:33:18.042269+00:00","","","false","","",""
"1404","Locker 01 Sunglasses-10","locker_misc","Green","2051-04-22","0","6843","IN","Locker 1 standard kit","Locker 01","","","2026-04-29T03:33:18.042269+00:00","","","false","","",""
"1405","Locker 01 Sunglasses-11","locker_misc","Green","2051-04-22","0","6843","IN","Locker 1 standard kit","Locker 01","","","2026-04-29T03:33:18.042269+00:00","","","false","","",""
"1406","Locker 01 Sunglasses-12","locker_misc","Green","2051-04-22","0","6843","IN","Locker 1 standard kit","Locker 01","","","2026-04-29T03:33:18.042269+00:00","","","false","","",""
"1407","Locker 01 Tent Pegs-01","locker_misc","Green","2051-04-22","0","6843","IN","Locker 1 standard kit","Locker 01","","","2026-04-29T03:33:18.042269+00:00","","","false","","",""
"1408","Locker 01 Tent Pegs-02","locker_misc","Green","2051-04-22","0","6843","IN","Locker 1 standard kit","Locker 01","","","2026-04-29T03:33:18.042269+00:00","","","false","","",""
"1409","Locker 01 Tent Pegs-03","locker_misc","Green","2051-04-22","0","6843","IN","Locker 1 standard kit","Locker 01","","","2026-04-29T03:33:18.042269+00:00","","","false","","",""
"1410","Locker 01 Tent Pegs-04","locker_misc","Green","2051-04-22","0","6843","IN","Locker 1 standard kit","Locker 01","","","2026-04-29T03:33:18.042269+00:00","","","false","","",""
"1411","Locker 01 Tent Pegs-05","locker_misc","Green","2051-04-22","0","6843","IN","Locker 1 standard kit","Locker 01","","","2026-04-29T03:33:18.042269+00:00","","","false","","",""
"1412","Locker 01 Tent Pegs-06","locker_misc","Green","2051-04-22","0","6843","IN","Locker 1 standard kit","Locker 01","","","2026-04-29T03:33:18.042269+00:00","","","false","","",""
"1413","Locker 01 Tent Pegs-07","locker_misc","Green","2051-04-22","0","6843","IN","Locker 1 standard kit","Locker 01","","","2026-04-29T03:33:18.042269+00:00","","","false","","",""
"1414","Locker 01 Tent Pegs-08","locker_misc","Green","2051-04-22","0","6843","IN","Locker 1 standard kit","Locker 01","","","2026-04-29T03:33:18.042269+00:00","","","false","","",""
"1415","Locker 01 Tent Pegs-09","locker_misc","Green","2051-04-22","0","6843","IN","Locker 1 standard kit","Locker 01","","","2026-04-29T03:33:18.042269+00:00","","","false","","",""
"1416","Locker 01 Tent Pegs-10","locker_misc","Green","2051-04-22","0","6843","IN","Locker 1 standard kit","Locker 01","","","2026-04-29T03:33:18.042269+00:00","","","false","","",""
"1417","Locker 01 Tent Pegs-11","locker_misc","Green","2051-04-22","0","6843","IN","Locker 1 standard kit","Locker 01","","","2026-04-29T03:33:18.042269+00:00","","","false","","",""
"1418","Locker 01 Tent Pegs-12","locker_misc","Green","2051-04-22","0","6843","IN","Locker 1 standard kit","Locker 01","","","2026-04-29T03:33:18.042269+00:00","","","false","","",""
"1419","Locker 01 Tent Pegs-13","locker_misc","Green","2051-04-22","0","6843","IN","Locker 1 standard kit","Locker 01","","","2026-04-29T03:33:18.042269+00:00","","","false","","",""
"1420","Locker 01 Tent Pegs-14","locker_misc","Green","2051-04-22","0","6843","IN","Locker 1 standard kit","Locker 01","","","2026-04-29T03:33:18.042269+00:00","","","false","","",""
"1421","Locker 01 Tent Pegs-15","locker_misc","Green","2051-04-22","0","6843","IN","Locker 1 standard kit","Locker 01","","","2026-04-29T03:33:18.042269+00:00","","","false","","",""
"1422","Locker 01 Tent Pegs-16","locker_misc","Green","2051-04-22","0","6843","IN","Locker 1 standard kit","Locker 01","","","2026-04-29T03:33:18.042269+00:00","","","false","","",""
"1423","Locker 01 Tent Pegs-17","locker_misc","Green","2051-04-22","0","6843","IN","Locker 1 standard kit","Locker 01","","","2026-04-29T03:33:18.042269+00:00","","","false","","",""
"1424","Locker 01 Tent Pegs-18","locker_misc","Green","2051-04-22","0","6843","IN","Locker 1 standard kit","Locker 01","","","2026-04-29T03:33:18.042269+00:00","","","false","","",""
"1425","Locker 01 Tent Pegs-19","locker_misc","Green","2051-04-22","0","6843","IN","Locker 1 standard kit","Locker 01","","","2026-04-29T03:33:18.042269+00:00","","","false","","",""
"1426","Locker 01 Tent Pegs-20","locker_misc","Green","2051-04-22","0","6843","IN","Locker 1 standard kit","Locker 01","","","2026-04-29T03:33:18.042269+00:00","","","false","","",""
"1427","Locker 01 Tent Pegs-21","locker_misc","Green","2051-04-22","0","6843","IN","Locker 1 standard kit","Locker 01","","","2026-04-29T03:33:18.042269+00:00","","","false","","",""
"1428","Locker 01 Tent Pegs-22","locker_misc","Green","2051-04-22","0","6843","IN","Locker 1 standard kit","Locker 01","","","2026-04-29T03:33:18.042269+00:00","","","false","","",""
"1429","Locker 01 Tent Pegs-23","locker_misc","Green","2051-04-22","0","6843","IN","Locker 1 standard kit","Locker 01","","","2026-04-29T03:33:18.042269+00:00","","","false","","",""
"1430","Locker 01 Tent Pegs-24","locker_misc","Green","2051-04-22","0","6843","IN","Locker 1 standard kit","Locker 01","","","2026-04-29T03:33:18.042269+00:00","","","false","","",""
"1431","Locker 01 Tent Pegs-25","locker_misc","Green","2051-04-22","0","6843","IN","Locker 1 standard kit","Locker 01","","","2026-04-29T03:33:18.042269+00:00","","","false","","",""
"1432","Locker 01 Tent Pegs-26","locker_misc","Green","2051-04-22","0","6843","IN","Locker 1 standard kit","Locker 01","","","2026-04-29T03:33:18.042269+00:00","","","false","","",""
"1433","Locker 01 Tent Pegs-27","locker_misc","Green","2051-04-22","0","6843","IN","Locker 1 standard kit","Locker 01","","","2026-04-29T03:33:18.042269+00:00","","","false","","",""
"1434","Locker 01 Tent Pegs-28","locker_misc","Green","2051-04-22","0","6843","IN","Locker 1 standard kit","Locker 01","","","2026-04-29T03:33:18.042269+00:00","","","false","","",""
"1435","Locker 01 Tent Pegs-29","locker_misc","Green","2051-04-22","0","6843","IN","Locker 1 standard kit","Locker 01","","","2026-04-29T03:33:18.042269+00:00","","","false","","",""
"1436","Locker 01 Tent Pegs-30","locker_misc","Green","2051-04-22","0","6843","IN","Locker 1 standard kit","Locker 01","","","2026-04-29T03:33:18.042269+00:00","","","false","","",""
"1437","Locker 01 Tent Pegs-31","locker_misc","Green","2051-04-22","0","6843","IN","Locker 1 standard kit","Locker 01","","","2026-04-29T03:33:18.042269+00:00","","","false","","",""
"1438","Locker 01 Tent Pegs-32","locker_misc","Green","2051-04-22","0","6843","IN","Locker 1 standard kit","Locker 01","","","2026-04-29T03:33:18.042269+00:00","","","false","","",""
"1439","Locker 01 Tent Pegs-33","locker_misc","Green","2051-04-22","0","6843","IN","Locker 1 standard kit","Locker 01","","","2026-04-29T03:33:18.042269+00:00","","","false","","",""
"1440","Locker 01 Tent Pegs-34","locker_misc","Green","2051-04-22","0","6843","IN","Locker 1 standard kit","Locker 01","","","2026-04-29T03:33:18.042269+00:00","","","false","","",""
"1441","Locker 01 Tent Pegs-35","locker_misc","Green","2051-04-22","0","6843","IN","Locker 1 standard kit","Locker 01","","","2026-04-29T03:33:18.042269+00:00","","","false","","",""
"1442","Locker 01 Tent Pegs-36","locker_misc","Green","2051-04-22","0","6843","IN","Locker 1 standard kit","Locker 01","","","2026-04-29T03:33:18.042269+00:00","","","false","","",""
"1443","Locker 01 Tent Pegs-37","locker_misc","Green","2051-04-22","0","6843","IN","Locker 1 standard kit","Locker 01","","","2026-04-29T03:33:18.042269+00:00","","","false","","",""
"1444","Locker 01 Tent Pegs-38","locker_misc","Green","2051-04-22","0","6843","IN","Locker 1 standard kit","Locker 01","","","2026-04-29T03:33:18.042269+00:00","","","false","","",""
"1445","Locker 01 Tent Pegs-39","locker_misc","Green","2051-04-22","0","6843","IN","Locker 1 standard kit","Locker 01","","","2026-04-29T03:33:18.042269+00:00","","","false","","",""
"1446","Locker 01 Tent Pegs-40","locker_misc","Green","2051-04-22","0","6843","IN","Locker 1 standard kit","Locker 01","","","2026-04-29T03:33:18.042269+00:00","","","false","","",""
"1447","Locker 01 Tent Peg Bag-01","locker_misc","Green","2051-04-22","0","6843","IN","Locker 1 standard kit","Locker 01","","","2026-04-29T03:33:18.042269+00:00","","","false","","",""
"1448","Locker 01 Tent Peg Bag-02","locker_misc","Green","2051-04-22","0","6843","IN","Locker 1 standard kit","Locker 01","","","2026-04-29T03:33:18.042269+00:00","","","false","","",""
"1449","Locker 01 Whistle-01","locker_misc","Green","2051-04-22","0","6843","IN","Locker 1 standard kit","Locker 01","","","2026-04-29T03:33:18.042269+00:00","","","false","","",""
"1450","Locker 01 Whistle-02","locker_misc","Green","2051-04-22","0","6843","IN","Locker 1 standard kit","Locker 01","","","2026-04-29T03:33:18.042269+00:00","","","false","","",""
"1451","Locker 01 Large Spoon-01","locker_misc","Green","2051-04-22","0","6843","IN","Locker 1 standard kit","Locker 01","","","2026-04-29T03:33:18.042269+00:00","","","false","","",""
"1452","Locker 01 Large Spoon-02","locker_misc","Green","2051-04-22","0","6843","IN","Locker 1 standard kit","Locker 01","","","2026-04-29T03:33:18.042269+00:00","","","false","","",""
"1453","Locker 01 Large Pot + Lid-01","locker_misc","Green","2051-04-22","0","6843","IN","Locker 1 standard kit","Locker 01","","","2026-04-29T03:33:18.042269+00:00","","","false","","",""
"1454","Locker 01 Large Pot + Lid-02","locker_misc","Green","2051-04-22","0","6843","IN","Locker 1 standard kit","Locker 01","","","2026-04-29T03:33:18.042269+00:00","","","false","","",""
"1455","Locker 01 Trangia + Base","locker_misc","Green","2051-04-22","0","6843","IN","Locker 1 standard kit","Locker 01","","","2026-04-29T03:33:18.042269+00:00","","","false","","",""
"1456","Locker 01 Small Pot","locker_misc","Green","2051-04-22","0","6843","IN","Locker 1 standard kit","Locker 01","","","2026-04-29T03:33:18.042269+00:00","","","false","","",""
"1457","Locker 01 Can Opener-01","locker_misc","Green","2051-04-22","0","6843","IN","Locker 1 standard kit","Locker 01","","","2026-04-29T03:33:18.042269+00:00","","","false","","",""
"1458","Locker 01 Can Opener-02","locker_misc","Green","2051-04-22","0","6843","IN","Locker 1 standard kit","Locker 01","","","2026-04-29T03:33:18.042269+00:00","","","false","","",""
"1459","Locker 01 Biolite Stove","locker_misc","Green","2051-04-22","0","6843","IN","Locker 1 standard kit","Locker 01","","","2026-04-29T03:33:18.042269+00:00","","","false","","",""
"1460","Locker 02 Bush Rope","cord_tape","Green","2036-04-25","0","2737","IN","Locker 2 standard kit","Locker 02","","","2026-04-29T03:33:18.042269+00:00","","","false","","",""
"1461","Locker 02 Sling 120cm-01","locker_slings","Green","2036-04-25","0","2737","IN","Locker 2 standard kit","Locker 02","","","2026-04-29T03:33:18.042269+00:00","","","false","","",""
"1462","Locker 02 Sling 120cm-02","locker_slings","Green","2036-04-25","0","2737","IN","Locker 2 standard kit","Locker 02","","","2026-04-29T03:33:18.042269+00:00","","","false","","",""
"1463","Locker 02 Carabiner Alloy-01","locker_carabiners","Green","2036-04-25","0","2737","IN","Locker 2 standard kit","Locker 02","","","2026-04-29T03:33:18.042269+00:00","","","false","","",""
"1464","Locker 02 Carabiner Alloy-02","locker_carabiners","Green","2036-04-25","0","2737","IN","Locker 2 standard kit","Locker 02","","","2026-04-29T03:33:18.042269+00:00","","","false","","",""
"1465","Locker 02 Carabiner Alloy-03","locker_carabiners","Green","2036-04-25","0","2737","IN","Locker 2 standard kit","Locker 02","","","2026-04-29T03:33:18.042269+00:00","","","false","","",""
"1466","Locker 02 Carabiner Alloy-04","locker_carabiners","Green","2036-04-25","0","2737","IN","Locker 2 standard kit","Locker 02","","","2026-04-29T03:33:18.042269+00:00","","","false","","",""
"1467","Locker 02 Carabiner Alloy-05","locker_carabiners","Green","2036-04-25","0","2737","IN","Locker 2 standard kit","Locker 02","","","2026-04-29T03:33:18.042269+00:00","","","false","","",""
"1468","Locker 02 Carabiner Alloy-06","locker_carabiners","Green","2036-04-25","0","2737","IN","Locker 2 standard kit","Locker 02","","","2026-04-29T03:33:18.042269+00:00","","","false","","",""
"1469","Locker 02 Carabiner Steel","locker_carabiners","Green","2036-04-25","0","2737","IN","Locker 2 standard kit","Locker 02","","","2026-04-29T03:33:18.042269+00:00","","","false","","",""
"1470","Locker 02 Prusik Loop","locker_prusiks","Green","2036-04-25","0","2737","IN","Locker 2 standard kit","Locker 02","","","2026-04-29T03:33:18.042269+00:00","","","false","","",""
"1471","Locker 02 Dry Bag","locker_dry_bags","Green","2051-04-22","0","6843","IN","Locker 2 standard kit","Locker 02","","","2026-04-29T03:33:18.042269+00:00","","","false","","",""
"1472","Locker 02 Radio Dry Bag","locker_dry_bags","Green","2051-04-22","0","6843","IN","Locker 2 standard kit","Locker 02","","","2026-04-29T03:33:18.042269+00:00","","","false","","",""
"1473","Locker 02 Emergency Shelter","locker_shelter","Green","2036-04-25","0","2737","IN","Locker 2 standard kit","Locker 02","","","2026-04-29T03:33:18.042269+00:00","","","false","","",""
"1474","Locker 02 Emergency Roll Mat","locker_misc","Green","2051-04-22","0","6843","IN","Locker 2 standard kit","Locker 02","","","2026-04-29T03:33:18.042269+00:00","","","false","","",""
"1475","Locker 02 Thermos-01","locker_misc","Green","2051-04-22","0","6843","IN","Locker 2 standard kit","Locker 02","","","2026-04-29T03:33:18.042269+00:00","","","false","","",""
"1476","Locker 02 Thermos-02","locker_misc","Green","2051-04-22","0","6843","IN","Locker 2 standard kit","Locker 02","","","2026-04-29T03:33:18.042269+00:00","","","false","","",""
"1477","Locker 02 Cups-01","locker_misc","Green","2051-04-22","0","6843","IN","Locker 2 standard kit","Locker 02","","","2026-04-29T03:33:18.042269+00:00","","","false","","",""
"1478","Locker 02 Cups-02","locker_misc","Green","2051-04-22","0","6843","IN","Locker 2 standard kit","Locker 02","","","2026-04-29T03:33:18.042269+00:00","","","false","","",""
"1479","Locker 02 Compass-01","locker_misc","Green","2051-04-22","0","6843","IN","Locker 2 standard kit","Locker 02","","","2026-04-29T03:33:18.042269+00:00","","","false","","",""
"1480","Locker 02 Compass-02","locker_misc","Green","2051-04-22","0","6843","IN","Locker 2 standard kit","Locker 02","","","2026-04-29T03:33:18.042269+00:00","","","false","","",""
"1481","Locker 02 Head Torch-01","locker_misc","Green","2051-04-22","0","6843","IN","Locker 2 standard kit","Locker 02","","","2026-04-29T03:33:18.042269+00:00","","","false","","",""
"1482","Locker 02 Head Torch-02","locker_misc","Green","2051-04-22","0","6843","IN","Locker 2 standard kit","Locker 02","","","2026-04-29T03:33:18.042269+00:00","","","false","","",""
"1483","Locker 02 Sunglasses-01","locker_misc","Green","2051-04-22","0","6843","IN","Locker 2 standard kit","Locker 02","","","2026-04-29T03:33:18.042269+00:00","","","false","","",""
"1484","Locker 02 Sunglasses-02","locker_misc","Green","2051-04-22","0","6843","IN","Locker 2 standard kit","Locker 02","","","2026-04-29T03:33:18.042269+00:00","","","false","","",""
"1485","Locker 02 Sunglasses-03","locker_misc","Green","2051-04-22","0","6843","IN","Locker 2 standard kit","Locker 02","","","2026-04-29T03:33:18.042269+00:00","","","false","","",""
"1486","Locker 02 Sunglasses-04","locker_misc","Green","2051-04-22","0","6843","IN","Locker 2 standard kit","Locker 02","","","2026-04-29T03:33:18.042269+00:00","","","false","","",""
"1487","Locker 02 Sunglasses-05","locker_misc","Green","2051-04-22","0","6843","IN","Locker 2 standard kit","Locker 02","","","2026-04-29T03:33:18.042269+00:00","","","false","","",""
"1488","Locker 02 Sunglasses-06","locker_misc","Green","2051-04-22","0","6843","IN","Locker 2 standard kit","Locker 02","","","2026-04-29T03:33:18.042269+00:00","","","false","","",""
"1489","Locker 02 Sunglasses-07","locker_misc","Green","2051-04-22","0","6843","IN","Locker 2 standard kit","Locker 02","","","2026-04-29T03:33:18.042269+00:00","","","false","","",""
"1490","Locker 02 Sunglasses-08","locker_misc","Green","2051-04-22","0","6843","IN","Locker 2 standard kit","Locker 02","","","2026-04-29T03:33:18.042269+00:00","","","false","","",""
"1491","Locker 02 Sunglasses-09","locker_misc","Green","2051-04-22","0","6843","IN","Locker 2 standard kit","Locker 02","","","2026-04-29T03:33:18.042269+00:00","","","false","","",""
"1492","Locker 02 Sunglasses-10","locker_misc","Green","2051-04-22","0","6843","IN","Locker 2 standard kit","Locker 02","","","2026-04-29T03:33:18.042269+00:00","","","false","","",""
"1493","Locker 02 Sunglasses-11","locker_misc","Green","2051-04-22","0","6843","IN","Locker 2 standard kit","Locker 02","","","2026-04-29T03:33:18.042269+00:00","","","false","","",""
"1494","Locker 02 Sunglasses-12","locker_misc","Green","2051-04-22","0","6843","IN","Locker 2 standard kit","Locker 02","","","2026-04-29T03:33:18.042269+00:00","","","false","","",""
"1495","Locker 02 Tent Pegs-01","locker_misc","Green","2051-04-22","0","6843","IN","Locker 2 standard kit","Locker 02","","","2026-04-29T03:33:18.042269+00:00","","","false","","",""
"1496","Locker 02 Tent Pegs-02","locker_misc","Green","2051-04-22","0","6843","IN","Locker 2 standard kit","Locker 02","","","2026-04-29T03:33:18.042269+00:00","","","false","","",""
"1497","Locker 02 Tent Pegs-03","locker_misc","Green","2051-04-22","0","6843","IN","Locker 2 standard kit","Locker 02","","","2026-04-29T03:33:18.042269+00:00","","","false","","",""
"1498","Locker 02 Tent Pegs-04","locker_misc","Green","2051-04-22","0","6843","IN","Locker 2 standard kit","Locker 02","","","2026-04-29T03:33:18.042269+00:00","","","false","","",""
"1499","Locker 02 Tent Pegs-05","locker_misc","Green","2051-04-22","0","6843","IN","Locker 2 standard kit","Locker 02","","","2026-04-29T03:33:18.042269+00:00","","","false","","",""
"1500","Locker 02 Tent Pegs-06","locker_misc","Green","2051-04-22","0","6843","IN","Locker 2 standard kit","Locker 02","","","2026-04-29T03:33:18.042269+00:00","","","false","","",""
"1501","Locker 02 Tent Pegs-07","locker_misc","Green","2051-04-22","0","6843","IN","Locker 2 standard kit","Locker 02","","","2026-04-29T03:33:18.042269+00:00","","","false","","",""
"1502","Locker 02 Tent Pegs-08","locker_misc","Green","2051-04-22","0","6843","IN","Locker 2 standard kit","Locker 02","","","2026-04-29T03:33:18.042269+00:00","","","false","","",""
"1503","Locker 02 Tent Pegs-09","locker_misc","Green","2051-04-22","0","6843","IN","Locker 2 standard kit","Locker 02","","","2026-04-29T03:33:18.042269+00:00","","","false","","",""
"1504","Locker 02 Tent Pegs-10","locker_misc","Green","2051-04-22","0","6843","IN","Locker 2 standard kit","Locker 02","","","2026-04-29T03:33:18.042269+00:00","","","false","","",""
"1505","Locker 02 Tent Pegs-11","locker_misc","Green","2051-04-22","0","6843","IN","Locker 2 standard kit","Locker 02","","","2026-04-29T03:33:18.042269+00:00","","","false","","",""
"1506","Locker 02 Tent Pegs-12","locker_misc","Green","2051-04-22","0","6843","IN","Locker 2 standard kit","Locker 02","","","2026-04-29T03:33:18.042269+00:00","","","false","","",""
"1507","Locker 02 Tent Pegs-13","locker_misc","Green","2051-04-22","0","6843","IN","Locker 2 standard kit","Locker 02","","","2026-04-29T03:33:18.042269+00:00","","","false","","",""
"1508","Locker 02 Tent Pegs-14","locker_misc","Green","2051-04-22","0","6843","IN","Locker 2 standard kit","Locker 02","","","2026-04-29T03:33:18.042269+00:00","","","false","","",""
"1509","Locker 02 Tent Pegs-15","locker_misc","Green","2051-04-22","0","6843","IN","Locker 2 standard kit","Locker 02","","","2026-04-29T03:33:18.042269+00:00","","","false","","",""
"1510","Locker 02 Tent Pegs-16","locker_misc","Green","2051-04-22","0","6843","IN","Locker 2 standard kit","Locker 02","","","2026-04-29T03:33:18.042269+00:00","","","false","","",""
"1511","Locker 02 Tent Pegs-17","locker_misc","Green","2051-04-22","0","6843","IN","Locker 2 standard kit","Locker 02","","","2026-04-29T03:33:18.042269+00:00","","","false","","",""
"1512","Locker 02 Tent Pegs-18","locker_misc","Green","2051-04-22","0","6843","IN","Locker 2 standard kit","Locker 02","","","2026-04-29T03:33:18.042269+00:00","","","false","","",""
"1513","Locker 02 Tent Pegs-19","locker_misc","Green","2051-04-22","0","6843","IN","Locker 2 standard kit","Locker 02","","","2026-04-29T03:33:18.042269+00:00","","","false","","",""
"1514","Locker 02 Tent Pegs-20","locker_misc","Green","2051-04-22","0","6843","IN","Locker 2 standard kit","Locker 02","","","2026-04-29T03:33:18.042269+00:00","","","false","","",""
"1515","Locker 02 Tent Pegs-21","locker_misc","Green","2051-04-22","0","6843","IN","Locker 2 standard kit","Locker 02","","","2026-04-29T03:33:18.042269+00:00","","","false","","",""
"1516","Locker 02 Tent Pegs-22","locker_misc","Green","2051-04-22","0","6843","IN","Locker 2 standard kit","Locker 02","","","2026-04-29T03:33:18.042269+00:00","","","false","","",""
"1517","Locker 02 Tent Pegs-23","locker_misc","Green","2051-04-22","0","6843","IN","Locker 2 standard kit","Locker 02","","","2026-04-29T03:33:18.042269+00:00","","","false","","",""
"1518","Locker 02 Tent Pegs-24","locker_misc","Green","2051-04-22","0","6843","IN","Locker 2 standard kit","Locker 02","","","2026-04-29T03:33:18.042269+00:00","","","false","","",""
"1519","Locker 02 Tent Pegs-25","locker_misc","Green","2051-04-22","0","6843","IN","Locker 2 standard kit","Locker 02","","","2026-04-29T03:33:18.042269+00:00","","","false","","",""
"1520","Locker 02 Tent Pegs-26","locker_misc","Green","2051-04-22","0","6843","IN","Locker 2 standard kit","Locker 02","","","2026-04-29T03:33:18.042269+00:00","","","false","","",""
"1521","Locker 02 Tent Pegs-27","locker_misc","Green","2051-04-22","0","6843","IN","Locker 2 standard kit","Locker 02","","","2026-04-29T03:33:18.042269+00:00","","","false","","",""
"1522","Locker 02 Tent Pegs-28","locker_misc","Green","2051-04-22","0","6843","IN","Locker 2 standard kit","Locker 02","","","2026-04-29T03:33:18.042269+00:00","","","false","","",""
"1523","Locker 02 Tent Pegs-29","locker_misc","Green","2051-04-22","0","6843","IN","Locker 2 standard kit","Locker 02","","","2026-04-29T03:33:18.042269+00:00","","","false","","",""
"1524","Locker 02 Tent Pegs-30","locker_misc","Green","2051-04-22","0","6843","IN","Locker 2 standard kit","Locker 02","","","2026-04-29T03:33:18.042269+00:00","","","false","","",""
"1525","Locker 02 Tent Pegs-31","locker_misc","Green","2051-04-22","0","6843","IN","Locker 2 standard kit","Locker 02","","","2026-04-29T03:33:18.042269+00:00","","","false","","",""
"1526","Locker 02 Tent Pegs-32","locker_misc","Green","2051-04-22","0","6843","IN","Locker 2 standard kit","Locker 02","","","2026-04-29T03:33:18.042269+00:00","","","false","","",""
"1527","Locker 02 Tent Pegs-33","locker_misc","Green","2051-04-22","0","6843","IN","Locker 2 standard kit","Locker 02","","","2026-04-29T03:33:18.042269+00:00","","","false","","",""
"1528","Locker 02 Tent Pegs-34","locker_misc","Green","2051-04-22","0","6843","IN","Locker 2 standard kit","Locker 02","","","2026-04-29T03:33:18.042269+00:00","","","false","","",""
"1529","Locker 02 Tent Pegs-35","locker_misc","Green","2051-04-22","0","6843","IN","Locker 2 standard kit","Locker 02","","","2026-04-29T03:33:18.042269+00:00","","","false","","",""
"1530","Locker 02 Tent Pegs-36","locker_misc","Green","2051-04-22","0","6843","IN","Locker 2 standard kit","Locker 02","","","2026-04-29T03:33:18.042269+00:00","","","false","","",""
"1531","Locker 02 Tent Pegs-37","locker_misc","Green","2051-04-22","0","6843","IN","Locker 2 standard kit","Locker 02","","","2026-04-29T03:33:18.042269+00:00","","","false","","",""
"1532","Locker 02 Tent Pegs-38","locker_misc","Green","2051-04-22","0","6843","IN","Locker 2 standard kit","Locker 02","","","2026-04-29T03:33:18.042269+00:00","","","false","","",""
"1533","Locker 02 Tent Pegs-39","locker_misc","Green","2051-04-22","0","6843","IN","Locker 2 standard kit","Locker 02","","","2026-04-29T03:33:18.042269+00:00","","","false","","",""
"1534","Locker 02 Tent Pegs-40","locker_misc","Green","2051-04-22","0","6843","IN","Locker 2 standard kit","Locker 02","","","2026-04-29T03:33:18.042269+00:00","","","false","","",""
"1535","Locker 02 Tent Peg Bag-01","locker_misc","Green","2051-04-22","0","6843","IN","Locker 2 standard kit","Locker 02","","","2026-04-29T03:33:18.042269+00:00","","","false","","",""
"1536","Locker 02 Tent Peg Bag-02","locker_misc","Green","2051-04-22","0","6843","IN","Locker 2 standard kit","Locker 02","","","2026-04-29T03:33:18.042269+00:00","","","false","","",""
"1537","Locker 02 Whistle-01","locker_misc","Green","2051-04-22","0","6843","IN","Locker 2 standard kit","Locker 02","","","2026-04-29T03:33:18.042269+00:00","","","false","","",""
"1538","Locker 02 Whistle-02","locker_misc","Green","2051-04-22","0","6843","IN","Locker 2 standard kit","Locker 02","","","2026-04-29T03:33:18.042269+00:00","","","false","","",""
"1539","Locker 02 Large Spoon-01","locker_misc","Green","2051-04-22","0","6843","IN","Locker 2 standard kit","Locker 02","","","2026-04-29T03:33:18.042269+00:00","","","false","","",""
"1540","Locker 02 Large Spoon-02","locker_misc","Green","2051-04-22","0","6843","IN","Locker 2 standard kit","Locker 02","","","2026-04-29T03:33:18.042269+00:00","","","false","","",""
"1541","Locker 02 Large Pot + Lid-01","locker_misc","Green","2051-04-22","0","6843","IN","Locker 2 standard kit","Locker 02","","","2026-04-29T03:33:18.042269+00:00","","","false","","",""
"1542","Locker 02 Large Pot + Lid-02","locker_misc","Green","2051-04-22","0","6843","IN","Locker 2 standard kit","Locker 02","","","2026-04-29T03:33:18.042269+00:00","","","false","","",""
"1543","Locker 02 Trangia + Base","locker_misc","Green","2051-04-22","0","6843","IN","Locker 2 standard kit","Locker 02","","","2026-04-29T03:33:18.042269+00:00","","","false","","",""
"1544","Locker 02 Small Pot","locker_misc","Green","2051-04-22","0","6843","IN","Locker 2 standard kit","Locker 02","","","2026-04-29T03:33:18.042269+00:00","","","false","","",""
"1545","Locker 02 Can Opener-01","locker_misc","Green","2051-04-22","0","6843","IN","Locker 2 standard kit","Locker 02","","","2026-04-29T03:33:18.042269+00:00","","","false","","",""
"1546","Locker 02 Can Opener-02","locker_misc","Green","2051-04-22","0","6843","IN","Locker 2 standard kit","Locker 02","","","2026-04-29T03:33:18.042269+00:00","","","false","","",""
"1547","Locker 02 Biolite Stove","locker_misc","Green","2051-04-22","0","6843","IN","Locker 2 standard kit","Locker 02","","","2026-04-29T03:33:18.042269+00:00","","","false","","",""
"1548","Locker 03 Bush Rope","cord_tape","Green","2036-04-25","0","2737","IN","Locker 3 standard kit","Locker 03","","","2026-04-29T03:33:18.042269+00:00","","","false","","",""
"1549","Locker 03 Sling 120cm-01","locker_slings","Green","2036-04-25","0","2737","IN","Locker 3 standard kit","Locker 03","","","2026-04-29T03:33:18.042269+00:00","","","false","","",""
"1550","Locker 03 Sling 120cm-02","locker_slings","Green","2036-04-25","0","2737","IN","Locker 3 standard kit","Locker 03","","","2026-04-29T03:33:18.042269+00:00","","","false","","",""
"1551","Locker 03 Carabiner Alloy-01","locker_carabiners","Green","2036-04-25","0","2737","IN","Locker 3 standard kit","Locker 03","","","2026-04-29T03:33:18.042269+00:00","","","false","","",""
"1552","Locker 03 Carabiner Alloy-02","locker_carabiners","Green","2036-04-25","0","2737","IN","Locker 3 standard kit","Locker 03","","","2026-04-29T03:33:18.042269+00:00","","","false","","",""
"1553","Locker 03 Carabiner Alloy-03","locker_carabiners","Green","2036-04-25","0","2737","IN","Locker 3 standard kit","Locker 03","","","2026-04-29T03:33:18.042269+00:00","","","false","","",""
"1554","Locker 03 Carabiner Alloy-04","locker_carabiners","Green","2036-04-25","0","2737","IN","Locker 3 standard kit","Locker 03","","","2026-04-29T03:33:18.042269+00:00","","","false","","",""
"1555","Locker 03 Carabiner Alloy-05","locker_carabiners","Green","2036-04-25","0","2737","IN","Locker 3 standard kit","Locker 03","","","2026-04-29T03:33:18.042269+00:00","","","false","","",""
"1556","Locker 03 Carabiner Alloy-06","locker_carabiners","Green","2036-04-25","0","2737","IN","Locker 3 standard kit","Locker 03","","","2026-04-29T03:33:18.042269+00:00","","","false","","",""
"1557","Locker 03 Carabiner Steel","locker_carabiners","Green","2036-04-25","0","2737","IN","Locker 3 standard kit","Locker 03","","","2026-04-29T03:33:18.042269+00:00","","","false","","",""
"1558","Locker 03 Prusik Loop","locker_prusiks","Green","2036-04-25","0","2737","IN","Locker 3 standard kit","Locker 03","","","2026-04-29T03:33:18.042269+00:00","","","false","","",""
"1559","Locker 03 Dry Bag","locker_dry_bags","Green","2051-04-22","0","6843","IN","Locker 3 standard kit","Locker 03","","","2026-04-29T03:33:18.042269+00:00","","","false","","",""
"1560","Locker 03 Radio Dry Bag","locker_dry_bags","Green","2051-04-22","0","6843","IN","Locker 3 standard kit","Locker 03","","","2026-04-29T03:33:18.042269+00:00","","","false","","",""
"1561","Locker 03 Emergency Shelter","locker_shelter","Green","2036-04-25","0","2737","IN","Locker 3 standard kit","Locker 03","","","2026-04-29T03:33:18.042269+00:00","","","false","","",""
"1562","Locker 03 Emergency Roll Mat","locker_misc","Green","2051-04-22","0","6843","IN","Locker 3 standard kit","Locker 03","","","2026-04-29T03:33:18.042269+00:00","","","false","","",""
"1563","Locker 03 Thermos-01","locker_misc","Green","2051-04-22","0","6843","IN","Locker 3 standard kit","Locker 03","","","2026-04-29T03:33:18.042269+00:00","","","false","","",""
"1564","Locker 03 Thermos-02","locker_misc","Green","2051-04-22","0","6843","IN","Locker 3 standard kit","Locker 03","","","2026-04-29T03:33:18.042269+00:00","","","false","","",""
"1565","Locker 03 Cups-01","locker_misc","Green","2051-04-22","0","6843","IN","Locker 3 standard kit","Locker 03","","","2026-04-29T03:33:18.042269+00:00","","","false","","",""
"1566","Locker 03 Cups-02","locker_misc","Green","2051-04-22","0","6843","IN","Locker 3 standard kit","Locker 03","","","2026-04-29T03:33:18.042269+00:00","","","false","","",""
"1567","Locker 03 Compass-01","locker_misc","Green","2051-04-22","0","6843","IN","Locker 3 standard kit","Locker 03","","","2026-04-29T03:33:18.042269+00:00","","","false","","",""
"1568","Locker 03 Compass-02","locker_misc","Green","2051-04-22","0","6843","IN","Locker 3 standard kit","Locker 03","","","2026-04-29T03:33:18.042269+00:00","","","false","","",""
"1569","Locker 03 Head Torch-01","locker_misc","Green","2051-04-22","0","6843","IN","Locker 3 standard kit","Locker 03","","","2026-04-29T03:33:18.042269+00:00","","","false","","",""
"1570","Locker 03 Head Torch-02","locker_misc","Green","2051-04-22","0","6843","IN","Locker 3 standard kit","Locker 03","","","2026-04-29T03:33:18.042269+00:00","","","false","","",""
"1571","Locker 03 Sunglasses-01","locker_misc","Green","2051-04-22","0","6843","IN","Locker 3 standard kit","Locker 03","","","2026-04-29T03:33:18.042269+00:00","","","false","","",""
"1572","Locker 03 Sunglasses-02","locker_misc","Green","2051-04-22","0","6843","IN","Locker 3 standard kit","Locker 03","","","2026-04-29T03:33:18.042269+00:00","","","false","","",""
"1573","Locker 03 Sunglasses-03","locker_misc","Green","2051-04-22","0","6843","IN","Locker 3 standard kit","Locker 03","","","2026-04-29T03:33:18.042269+00:00","","","false","","",""
"1574","Locker 03 Sunglasses-04","locker_misc","Green","2051-04-22","0","6843","IN","Locker 3 standard kit","Locker 03","","","2026-04-29T03:33:18.042269+00:00","","","false","","",""
"1575","Locker 03 Sunglasses-05","locker_misc","Green","2051-04-22","0","6843","IN","Locker 3 standard kit","Locker 03","","","2026-04-29T03:33:18.042269+00:00","","","false","","",""
"1576","Locker 03 Sunglasses-06","locker_misc","Green","2051-04-22","0","6843","IN","Locker 3 standard kit","Locker 03","","","2026-04-29T03:33:18.042269+00:00","","","false","","",""
"1577","Locker 03 Sunglasses-07","locker_misc","Green","2051-04-22","0","6843","IN","Locker 3 standard kit","Locker 03","","","2026-04-29T03:33:18.042269+00:00","","","false","","",""
"1578","Locker 03 Sunglasses-08","locker_misc","Green","2051-04-22","0","6843","IN","Locker 3 standard kit","Locker 03","","","2026-04-29T03:33:18.042269+00:00","","","false","","",""
"1579","Locker 03 Sunglasses-09","locker_misc","Green","2051-04-22","0","6843","IN","Locker 3 standard kit","Locker 03","","","2026-04-29T03:33:18.042269+00:00","","","false","","",""
"1580","Locker 03 Sunglasses-10","locker_misc","Green","2051-04-22","0","6843","IN","Locker 3 standard kit","Locker 03","","","2026-04-29T03:33:18.042269+00:00","","","false","","",""
"1581","Locker 03 Sunglasses-11","locker_misc","Green","2051-04-22","0","6843","IN","Locker 3 standard kit","Locker 03","","","2026-04-29T03:33:18.042269+00:00","","","false","","",""
"1582","Locker 03 Sunglasses-12","locker_misc","Green","2051-04-22","0","6843","IN","Locker 3 standard kit","Locker 03","","","2026-04-29T03:33:18.042269+00:00","","","false","","",""
"1583","Locker 03 Tent Pegs-01","locker_misc","Green","2051-04-22","0","6843","IN","Locker 3 standard kit","Locker 03","","","2026-04-29T03:33:18.042269+00:00","","","false","","",""
"1584","Locker 03 Tent Pegs-02","locker_misc","Green","2051-04-22","0","6843","IN","Locker 3 standard kit","Locker 03","","","2026-04-29T03:33:18.042269+00:00","","","false","","",""
"1585","Locker 03 Tent Pegs-03","locker_misc","Green","2051-04-22","0","6843","IN","Locker 3 standard kit","Locker 03","","","2026-04-29T03:33:18.042269+00:00","","","false","","",""
"1586","Locker 03 Tent Pegs-04","locker_misc","Green","2051-04-22","0","6843","IN","Locker 3 standard kit","Locker 03","","","2026-04-29T03:33:18.042269+00:00","","","false","","",""
"1587","Locker 03 Tent Pegs-05","locker_misc","Green","2051-04-22","0","6843","IN","Locker 3 standard kit","Locker 03","","","2026-04-29T03:33:18.042269+00:00","","","false","","",""
"1588","Locker 03 Tent Pegs-06","locker_misc","Green","2051-04-22","0","6843","IN","Locker 3 standard kit","Locker 03","","","2026-04-29T03:33:18.042269+00:00","","","false","","",""
"1589","Locker 03 Tent Pegs-07","locker_misc","Green","2051-04-22","0","6843","IN","Locker 3 standard kit","Locker 03","","","2026-04-29T03:33:18.042269+00:00","","","false","","",""
"1590","Locker 03 Tent Pegs-08","locker_misc","Green","2051-04-22","0","6843","IN","Locker 3 standard kit","Locker 03","","","2026-04-29T03:33:18.042269+00:00","","","false","","",""
"1591","Locker 03 Tent Pegs-09","locker_misc","Green","2051-04-22","0","6843","IN","Locker 3 standard kit","Locker 03","","","2026-04-29T03:33:18.042269+00:00","","","false","","",""
"1592","Locker 03 Tent Pegs-10","locker_misc","Green","2051-04-22","0","6843","IN","Locker 3 standard kit","Locker 03","","","2026-04-29T03:33:18.042269+00:00","","","false","","",""
"1593","Locker 03 Tent Pegs-11","locker_misc","Green","2051-04-22","0","6843","IN","Locker 3 standard kit","Locker 03","","","2026-04-29T03:33:18.042269+00:00","","","false","","",""
"1594","Locker 03 Tent Pegs-12","locker_misc","Green","2051-04-22","0","6843","IN","Locker 3 standard kit","Locker 03","","","2026-04-29T03:33:18.042269+00:00","","","false","","",""
"1595","Locker 03 Tent Pegs-13","locker_misc","Green","2051-04-22","0","6843","IN","Locker 3 standard kit","Locker 03","","","2026-04-29T03:33:18.042269+00:00","","","false","","",""
"1596","Locker 03 Tent Pegs-14","locker_misc","Green","2051-04-22","0","6843","IN","Locker 3 standard kit","Locker 03","","","2026-04-29T03:33:18.042269+00:00","","","false","","",""
"1597","Locker 03 Tent Pegs-15","locker_misc","Green","2051-04-22","0","6843","IN","Locker 3 standard kit","Locker 03","","","2026-04-29T03:33:18.042269+00:00","","","false","","",""
"1598","Locker 03 Tent Pegs-16","locker_misc","Green","2051-04-22","0","6843","IN","Locker 3 standard kit","Locker 03","","","2026-04-29T03:33:18.042269+00:00","","","false","","",""
"1599","Locker 03 Tent Pegs-17","locker_misc","Green","2051-04-22","0","6843","IN","Locker 3 standard kit","Locker 03","","","2026-04-29T03:33:18.042269+00:00","","","false","","",""
"1600","Locker 03 Tent Pegs-18","locker_misc","Green","2051-04-22","0","6843","IN","Locker 3 standard kit","Locker 03","","","2026-04-29T03:33:18.042269+00:00","","","false","","",""
"1601","Locker 03 Tent Pegs-19","locker_misc","Green","2051-04-22","0","6843","IN","Locker 3 standard kit","Locker 03","","","2026-04-29T03:33:18.042269+00:00","","","false","","",""
"1602","Locker 03 Tent Pegs-20","locker_misc","Green","2051-04-22","0","6843","IN","Locker 3 standard kit","Locker 03","","","2026-04-29T03:33:18.042269+00:00","","","false","","",""
"1603","Locker 03 Tent Pegs-21","locker_misc","Green","2051-04-22","0","6843","IN","Locker 3 standard kit","Locker 03","","","2026-04-29T03:33:18.042269+00:00","","","false","","",""
"1604","Locker 03 Tent Pegs-22","locker_misc","Green","2051-04-22","0","6843","IN","Locker 3 standard kit","Locker 03","","","2026-04-29T03:33:18.042269+00:00","","","false","","",""
"1605","Locker 03 Tent Pegs-23","locker_misc","Green","2051-04-22","0","6843","IN","Locker 3 standard kit","Locker 03","","","2026-04-29T03:33:18.042269+00:00","","","false","","",""
"1606","Locker 03 Tent Pegs-24","locker_misc","Green","2051-04-22","0","6843","IN","Locker 3 standard kit","Locker 03","","","2026-04-29T03:33:18.042269+00:00","","","false","","",""
"1607","Locker 03 Tent Pegs-25","locker_misc","Green","2051-04-22","0","6843","IN","Locker 3 standard kit","Locker 03","","","2026-04-29T03:33:18.042269+00:00","","","false","","",""
"1608","Locker 03 Tent Pegs-26","locker_misc","Green","2051-04-22","0","6843","IN","Locker 3 standard kit","Locker 03","","","2026-04-29T03:33:18.042269+00:00","","","false","","",""
"1609","Locker 03 Tent Pegs-27","locker_misc","Green","2051-04-22","0","6843","IN","Locker 3 standard kit","Locker 03","","","2026-04-29T03:33:18.042269+00:00","","","false","","",""
"1610","Locker 03 Tent Pegs-28","locker_misc","Green","2051-04-22","0","6843","IN","Locker 3 standard kit","Locker 03","","","2026-04-29T03:33:18.042269+00:00","","","false","","",""
"1611","Locker 03 Tent Pegs-29","locker_misc","Green","2051-04-22","0","6843","IN","Locker 3 standard kit","Locker 03","","","2026-04-29T03:33:18.042269+00:00","","","false","","",""
"1612","Locker 03 Tent Pegs-30","locker_misc","Green","2051-04-22","0","6843","IN","Locker 3 standard kit","Locker 03","","","2026-04-29T03:33:18.042269+00:00","","","false","","",""
"1613","Locker 03 Tent Pegs-31","locker_misc","Green","2051-04-22","0","6843","IN","Locker 3 standard kit","Locker 03","","","2026-04-29T03:33:18.042269+00:00","","","false","","",""
"1614","Locker 03 Tent Pegs-32","locker_misc","Green","2051-04-22","0","6843","IN","Locker 3 standard kit","Locker 03","","","2026-04-29T03:33:18.042269+00:00","","","false","","",""
"1615","Locker 03 Tent Pegs-33","locker_misc","Green","2051-04-22","0","6843","IN","Locker 3 standard kit","Locker 03","","","2026-04-29T03:33:18.042269+00:00","","","false","","",""
"1616","Locker 03 Tent Pegs-34","locker_misc","Green","2051-04-22","0","6843","IN","Locker 3 standard kit","Locker 03","","","2026-04-29T03:33:18.042269+00:00","","","false","","",""
"1617","Locker 03 Tent Pegs-35","locker_misc","Green","2051-04-22","0","6843","IN","Locker 3 standard kit","Locker 03","","","2026-04-29T03:33:18.042269+00:00","","","false","","",""
"1618","Locker 03 Tent Pegs-36","locker_misc","Green","2051-04-22","0","6843","IN","Locker 3 standard kit","Locker 03","","","2026-04-29T03:33:18.042269+00:00","","","false","","",""
"1619","Locker 03 Tent Pegs-37","locker_misc","Green","2051-04-22","0","6843","IN","Locker 3 standard kit","Locker 03","","","2026-04-29T03:33:18.042269+00:00","","","false","","",""
"1620","Locker 03 Tent Pegs-38","locker_misc","Green","2051-04-22","0","6843","IN","Locker 3 standard kit","Locker 03","","","2026-04-29T03:33:18.042269+00:00","","","false","","",""
"1621","Locker 03 Tent Pegs-39","locker_misc","Green","2051-04-22","0","6843","IN","Locker 3 standard kit","Locker 03","","","2026-04-29T03:33:18.042269+00:00","","","false","","",""
"1622","Locker 03 Tent Pegs-40","locker_misc","Green","2051-04-22","0","6843","IN","Locker 3 standard kit","Locker 03","","","2026-04-29T03:33:18.042269+00:00","","","false","","",""
"1623","Locker 03 Tent Peg Bag-01","locker_misc","Green","2051-04-22","0","6843","IN","Locker 3 standard kit","Locker 03","","","2026-04-29T03:33:18.042269+00:00","","","false","","",""
"1624","Locker 03 Tent Peg Bag-02","locker_misc","Green","2051-04-22","0","6843","IN","Locker 3 standard kit","Locker 03","","","2026-04-29T03:33:18.042269+00:00","","","false","","",""
"1625","Locker 03 Whistle-01","locker_misc","Green","2051-04-22","0","6843","IN","Locker 3 standard kit","Locker 03","","","2026-04-29T03:33:18.042269+00:00","","","false","","",""
"1626","Locker 03 Whistle-02","locker_misc","Green","2051-04-22","0","6843","IN","Locker 3 standard kit","Locker 03","","","2026-04-29T03:33:18.042269+00:00","","","false","","",""
"1627","Locker 03 Large Spoon-01","locker_misc","Green","2051-04-22","0","6843","IN","Locker 3 standard kit","Locker 03","","","2026-04-29T03:33:18.042269+00:00","","","false","","",""
"1628","Locker 03 Large Spoon-02","locker_misc","Green","2051-04-22","0","6843","IN","Locker 3 standard kit","Locker 03","","","2026-04-29T03:33:18.042269+00:00","","","false","","",""
"1629","Locker 03 Large Pot + Lid-01","locker_misc","Green","2051-04-22","0","6843","IN","Locker 3 standard kit","Locker 03","","","2026-04-29T03:33:18.042269+00:00","","","false","","",""
"1630","Locker 03 Large Pot + Lid-02","locker_misc","Green","2051-04-22","0","6843","IN","Locker 3 standard kit","Locker 03","","","2026-04-29T03:33:18.042269+00:00","","","false","","",""
"1631","Locker 03 Trangia + Base","locker_misc","Green","2051-04-22","0","6843","IN","Locker 3 standard kit","Locker 03","","","2026-04-29T03:33:18.042269+00:00","","","false","","",""
"1632","Locker 03 Small Pot","locker_misc","Green","2051-04-22","0","6843","IN","Locker 3 standard kit","Locker 03","","","2026-04-29T03:33:18.042269+00:00","","","false","","",""
"1633","Locker 03 Can Opener-01","locker_misc","Green","2051-04-22","0","6843","IN","Locker 3 standard kit","Locker 03","","","2026-04-29T03:33:18.042269+00:00","","","false","","",""
"1634","Locker 03 Can Opener-02","locker_misc","Green","2051-04-22","0","6843","IN","Locker 3 standard kit","Locker 03","","","2026-04-29T03:33:18.042269+00:00","","","false","","",""
"1635","Locker 03 Biolite Stove","locker_misc","Green","2051-04-22","0","6843","IN","Locker 3 standard kit","Locker 03","","","2026-04-29T03:33:18.042269+00:00","","","false","","",""
"1636","Locker 04 Bush Rope","cord_tape","Green","2036-04-25","0","2737","IN","Locker 4 standard kit","Locker 04","","","2026-04-29T03:33:18.042269+00:00","","","false","","",""
"1637","Locker 04 Sling 120cm-01","locker_slings","Green","2036-04-25","0","2737","IN","Locker 4 standard kit","Locker 04","","","2026-04-29T03:33:18.042269+00:00","","","false","","",""
"1638","Locker 04 Sling 120cm-02","locker_slings","Green","2036-04-25","0","2737","IN","Locker 4 standard kit","Locker 04","","","2026-04-29T03:33:18.042269+00:00","","","false","","",""
"1639","Locker 04 Carabiner Alloy-01","locker_carabiners","Green","2036-04-25","0","2737","IN","Locker 4 standard kit","Locker 04","","","2026-04-29T03:33:18.042269+00:00","","","false","","",""
"1640","Locker 04 Carabiner Alloy-02","locker_carabiners","Green","2036-04-25","0","2737","IN","Locker 4 standard kit","Locker 04","","","2026-04-29T03:33:18.042269+00:00","","","false","","",""
"1641","Locker 04 Carabiner Alloy-03","locker_carabiners","Green","2036-04-25","0","2737","IN","Locker 4 standard kit","Locker 04","","","2026-04-29T03:33:18.042269+00:00","","","false","","",""
"1642","Locker 04 Carabiner Alloy-04","locker_carabiners","Green","2036-04-25","0","2737","IN","Locker 4 standard kit","Locker 04","","","2026-04-29T03:33:18.042269+00:00","","","false","","",""
"1643","Locker 04 Carabiner Alloy-05","locker_carabiners","Green","2036-04-25","0","2737","IN","Locker 4 standard kit","Locker 04","","","2026-04-29T03:33:18.042269+00:00","","","false","","",""
"1644","Locker 04 Carabiner Alloy-06","locker_carabiners","Green","2036-04-25","0","2737","IN","Locker 4 standard kit","Locker 04","","","2026-04-29T03:33:18.042269+00:00","","","false","","",""
"1645","Locker 04 Carabiner Steel","locker_carabiners","Green","2036-04-25","0","2737","IN","Locker 4 standard kit","Locker 04","","","2026-04-29T03:33:18.042269+00:00","","","false","","",""
"1646","Locker 04 Prusik Loop","locker_prusiks","Green","2036-04-25","0","2737","IN","Locker 4 standard kit","Locker 04","","","2026-04-29T03:33:18.042269+00:00","","","false","","",""
"1647","Locker 04 Dry Bag","locker_dry_bags","Green","2051-04-22","0","6843","IN","Locker 4 standard kit","Locker 04","","","2026-04-29T03:33:18.042269+00:00","","","false","","",""
"1648","Locker 04 Radio Dry Bag","locker_dry_bags","Green","2051-04-22","0","6843","IN","Locker 4 standard kit","Locker 04","","","2026-04-29T03:33:18.042269+00:00","","","false","","",""
"1649","Locker 04 Emergency Shelter","locker_shelter","Green","2036-04-25","0","2737","IN","Locker 4 standard kit","Locker 04","","","2026-04-29T03:33:18.042269+00:00","","","false","","",""
"1650","Locker 04 Emergency Roll Mat","locker_misc","Green","2051-04-22","0","6843","IN","Locker 4 standard kit","Locker 04","","","2026-04-29T03:33:18.042269+00:00","","","false","","",""
"1651","Locker 04 Thermos-01","locker_misc","Green","2051-04-22","0","6843","IN","Locker 4 standard kit","Locker 04","","","2026-04-29T03:33:18.042269+00:00","","","false","","",""
"1652","Locker 04 Thermos-02","locker_misc","Green","2051-04-22","0","6843","IN","Locker 4 standard kit","Locker 04","","","2026-04-29T03:33:18.042269+00:00","","","false","","",""
"1653","Locker 04 Cups-01","locker_misc","Green","2051-04-22","0","6843","IN","Locker 4 standard kit","Locker 04","","","2026-04-29T03:33:18.042269+00:00","","","false","","",""
"1654","Locker 04 Cups-02","locker_misc","Green","2051-04-22","0","6843","IN","Locker 4 standard kit","Locker 04","","","2026-04-29T03:33:18.042269+00:00","","","false","","",""
"1655","Locker 04 Compass-01","locker_misc","Green","2051-04-22","0","6843","IN","Locker 4 standard kit","Locker 04","","","2026-04-29T03:33:18.042269+00:00","","","false","","",""
"1656","Locker 04 Compass-02","locker_misc","Green","2051-04-22","0","6843","IN","Locker 4 standard kit","Locker 04","","","2026-04-29T03:33:18.042269+00:00","","","false","","",""
"1657","Locker 04 Head Torch-01","locker_misc","Green","2051-04-22","0","6843","IN","Locker 4 standard kit","Locker 04","","","2026-04-29T03:33:18.042269+00:00","","","false","","",""
"1658","Locker 04 Head Torch-02","locker_misc","Green","2051-04-22","0","6843","IN","Locker 4 standard kit","Locker 04","","","2026-04-29T03:33:18.042269+00:00","","","false","","",""
"1659","Locker 04 Sunglasses-01","locker_misc","Green","2051-04-22","0","6843","IN","Locker 4 standard kit","Locker 04","","","2026-04-29T03:33:18.042269+00:00","","","false","","",""
"1660","Locker 04 Sunglasses-02","locker_misc","Green","2051-04-22","0","6843","IN","Locker 4 standard kit","Locker 04","","","2026-04-29T03:33:18.042269+00:00","","","false","","",""
"1661","Locker 04 Sunglasses-03","locker_misc","Green","2051-04-22","0","6843","IN","Locker 4 standard kit","Locker 04","","","2026-04-29T03:33:18.042269+00:00","","","false","","",""
"1662","Locker 04 Sunglasses-04","locker_misc","Green","2051-04-22","0","6843","IN","Locker 4 standard kit","Locker 04","","","2026-04-29T03:33:18.042269+00:00","","","false","","",""
"1663","Locker 04 Sunglasses-05","locker_misc","Green","2051-04-22","0","6843","IN","Locker 4 standard kit","Locker 04","","","2026-04-29T03:33:18.042269+00:00","","","false","","",""
"1664","Locker 04 Sunglasses-06","locker_misc","Green","2051-04-22","0","6843","IN","Locker 4 standard kit","Locker 04","","","2026-04-29T03:33:18.042269+00:00","","","false","","",""
"1665","Locker 04 Sunglasses-07","locker_misc","Green","2051-04-22","0","6843","IN","Locker 4 standard kit","Locker 04","","","2026-04-29T03:33:18.042269+00:00","","","false","","",""
"1666","Locker 04 Sunglasses-08","locker_misc","Green","2051-04-22","0","6843","IN","Locker 4 standard kit","Locker 04","","","2026-04-29T03:33:18.042269+00:00","","","false","","",""
"1667","Locker 04 Sunglasses-09","locker_misc","Green","2051-04-22","0","6843","IN","Locker 4 standard kit","Locker 04","","","2026-04-29T03:33:18.042269+00:00","","","false","","",""
"1668","Locker 04 Sunglasses-10","locker_misc","Green","2051-04-22","0","6843","IN","Locker 4 standard kit","Locker 04","","","2026-04-29T03:33:18.042269+00:00","","","false","","",""
"1669","Locker 04 Sunglasses-11","locker_misc","Green","2051-04-22","0","6843","IN","Locker 4 standard kit","Locker 04","","","2026-04-29T03:33:18.042269+00:00","","","false","","",""
"1670","Locker 04 Sunglasses-12","locker_misc","Green","2051-04-22","0","6843","IN","Locker 4 standard kit","Locker 04","","","2026-04-29T03:33:18.042269+00:00","","","false","","",""
"1671","Locker 04 Tent Pegs-01","locker_misc","Green","2051-04-22","0","6843","IN","Locker 4 standard kit","Locker 04","","","2026-04-29T03:33:18.042269+00:00","","","false","","",""
"1672","Locker 04 Tent Pegs-02","locker_misc","Green","2051-04-22","0","6843","IN","Locker 4 standard kit","Locker 04","","","2026-04-29T03:33:18.042269+00:00","","","false","","",""
"1673","Locker 04 Tent Pegs-03","locker_misc","Green","2051-04-22","0","6843","IN","Locker 4 standard kit","Locker 04","","","2026-04-29T03:33:18.042269+00:00","","","false","","",""
"1674","Locker 04 Tent Pegs-04","locker_misc","Green","2051-04-22","0","6843","IN","Locker 4 standard kit","Locker 04","","","2026-04-29T03:33:18.042269+00:00","","","false","","",""
"1675","Locker 04 Tent Pegs-05","locker_misc","Green","2051-04-22","0","6843","IN","Locker 4 standard kit","Locker 04","","","2026-04-29T03:33:18.042269+00:00","","","false","","",""
"1676","Locker 04 Tent Pegs-06","locker_misc","Green","2051-04-22","0","6843","IN","Locker 4 standard kit","Locker 04","","","2026-04-29T03:33:18.042269+00:00","","","false","","",""
"1677","Locker 04 Tent Pegs-07","locker_misc","Green","2051-04-22","0","6843","IN","Locker 4 standard kit","Locker 04","","","2026-04-29T03:33:18.042269+00:00","","","false","","",""
"1678","Locker 04 Tent Pegs-08","locker_misc","Green","2051-04-22","0","6843","IN","Locker 4 standard kit","Locker 04","","","2026-04-29T03:33:18.042269+00:00","","","false","","",""
"1679","Locker 04 Tent Pegs-09","locker_misc","Green","2051-04-22","0","6843","IN","Locker 4 standard kit","Locker 04","","","2026-04-29T03:33:18.042269+00:00","","","false","","",""
"1680","Locker 04 Tent Pegs-10","locker_misc","Green","2051-04-22","0","6843","IN","Locker 4 standard kit","Locker 04","","","2026-04-29T03:33:18.042269+00:00","","","false","","",""
"1681","Locker 04 Tent Pegs-11","locker_misc","Green","2051-04-22","0","6843","IN","Locker 4 standard kit","Locker 04","","","2026-04-29T03:33:18.042269+00:00","","","false","","",""
"1682","Locker 04 Tent Pegs-12","locker_misc","Green","2051-04-22","0","6843","IN","Locker 4 standard kit","Locker 04","","","2026-04-29T03:33:18.042269+00:00","","","false","","",""
"1683","Locker 04 Tent Pegs-13","locker_misc","Green","2051-04-22","0","6843","IN","Locker 4 standard kit","Locker 04","","","2026-04-29T03:33:18.042269+00:00","","","false","","",""
"1684","Locker 04 Tent Pegs-14","locker_misc","Green","2051-04-22","0","6843","IN","Locker 4 standard kit","Locker 04","","","2026-04-29T03:33:18.042269+00:00","","","false","","",""
"1685","Locker 04 Tent Pegs-15","locker_misc","Green","2051-04-22","0","6843","IN","Locker 4 standard kit","Locker 04","","","2026-04-29T03:33:18.042269+00:00","","","false","","",""
"1686","Locker 04 Tent Pegs-16","locker_misc","Green","2051-04-22","0","6843","IN","Locker 4 standard kit","Locker 04","","","2026-04-29T03:33:18.042269+00:00","","","false","","",""
"1687","Locker 04 Tent Pegs-17","locker_misc","Green","2051-04-22","0","6843","IN","Locker 4 standard kit","Locker 04","","","2026-04-29T03:33:18.042269+00:00","","","false","","",""
"1688","Locker 04 Tent Pegs-18","locker_misc","Green","2051-04-22","0","6843","IN","Locker 4 standard kit","Locker 04","","","2026-04-29T03:33:18.042269+00:00","","","false","","",""
"1689","Locker 04 Tent Pegs-19","locker_misc","Green","2051-04-22","0","6843","IN","Locker 4 standard kit","Locker 04","","","2026-04-29T03:33:18.042269+00:00","","","false","","",""
"1690","Locker 04 Tent Pegs-20","locker_misc","Green","2051-04-22","0","6843","IN","Locker 4 standard kit","Locker 04","","","2026-04-29T03:33:18.042269+00:00","","","false","","",""
"1691","Locker 04 Tent Pegs-21","locker_misc","Green","2051-04-22","0","6843","IN","Locker 4 standard kit","Locker 04","","","2026-04-29T03:33:18.042269+00:00","","","false","","",""
"1692","Locker 04 Tent Pegs-22","locker_misc","Green","2051-04-22","0","6843","IN","Locker 4 standard kit","Locker 04","","","2026-04-29T03:33:18.042269+00:00","","","false","","",""
"1693","Locker 04 Tent Pegs-23","locker_misc","Green","2051-04-22","0","6843","IN","Locker 4 standard kit","Locker 04","","","2026-04-29T03:33:18.042269+00:00","","","false","","",""
"1694","Locker 04 Tent Pegs-24","locker_misc","Green","2051-04-22","0","6843","IN","Locker 4 standard kit","Locker 04","","","2026-04-29T03:33:18.042269+00:00","","","false","","",""
"1695","Locker 04 Tent Pegs-25","locker_misc","Green","2051-04-22","0","6843","IN","Locker 4 standard kit","Locker 04","","","2026-04-29T03:33:18.042269+00:00","","","false","","",""
"1696","Locker 04 Tent Pegs-26","locker_misc","Green","2051-04-22","0","6843","IN","Locker 4 standard kit","Locker 04","","","2026-04-29T03:33:19.577831+00:00","","","false","","",""
"1697","Locker 04 Tent Pegs-27","locker_misc","Green","2051-04-22","0","6843","IN","Locker 4 standard kit","Locker 04","","","2026-04-29T03:33:19.577831+00:00","","","false","","",""
"1698","Locker 04 Tent Pegs-28","locker_misc","Green","2051-04-22","0","6843","IN","Locker 4 standard kit","Locker 04","","","2026-04-29T03:33:19.577831+00:00","","","false","","",""
"1699","Locker 04 Tent Pegs-29","locker_misc","Green","2051-04-22","0","6843","IN","Locker 4 standard kit","Locker 04","","","2026-04-29T03:33:19.577831+00:00","","","false","","",""
"1700","Locker 04 Tent Pegs-30","locker_misc","Green","2051-04-22","0","6843","IN","Locker 4 standard kit","Locker 04","","","2026-04-29T03:33:19.577831+00:00","","","false","","",""
"1701","Locker 04 Tent Pegs-31","locker_misc","Green","2051-04-22","0","6843","IN","Locker 4 standard kit","Locker 04","","","2026-04-29T03:33:19.577831+00:00","","","false","","",""
"1702","Locker 04 Tent Pegs-32","locker_misc","Green","2051-04-22","0","6843","IN","Locker 4 standard kit","Locker 04","","","2026-04-29T03:33:19.577831+00:00","","","false","","",""
"1703","Locker 04 Tent Pegs-33","locker_misc","Green","2051-04-22","0","6843","IN","Locker 4 standard kit","Locker 04","","","2026-04-29T03:33:19.577831+00:00","","","false","","",""
"1704","Locker 04 Tent Pegs-34","locker_misc","Green","2051-04-22","0","6843","IN","Locker 4 standard kit","Locker 04","","","2026-04-29T03:33:19.577831+00:00","","","false","","",""
"1705","Locker 04 Tent Pegs-35","locker_misc","Green","2051-04-22","0","6843","IN","Locker 4 standard kit","Locker 04","","","2026-04-29T03:33:19.577831+00:00","","","false","","",""
"1706","Locker 04 Tent Pegs-36","locker_misc","Green","2051-04-22","0","6843","IN","Locker 4 standard kit","Locker 04","","","2026-04-29T03:33:19.577831+00:00","","","false","","",""
"1707","Locker 04 Tent Pegs-37","locker_misc","Green","2051-04-22","0","6843","IN","Locker 4 standard kit","Locker 04","","","2026-04-29T03:33:19.577831+00:00","","","false","","",""
"1708","Locker 04 Tent Pegs-38","locker_misc","Green","2051-04-22","0","6843","IN","Locker 4 standard kit","Locker 04","","","2026-04-29T03:33:19.577831+00:00","","","false","","",""
"1709","Locker 04 Tent Pegs-39","locker_misc","Green","2051-04-22","0","6843","IN","Locker 4 standard kit","Locker 04","","","2026-04-29T03:33:19.577831+00:00","","","false","","",""
"1710","Locker 04 Tent Pegs-40","locker_misc","Green","2051-04-22","0","6843","IN","Locker 4 standard kit","Locker 04","","","2026-04-29T03:33:19.577831+00:00","","","false","","",""
"1711","Locker 04 Tent Peg Bag-01","locker_misc","Green","2051-04-22","0","6843","IN","Locker 4 standard kit","Locker 04","","","2026-04-29T03:33:19.577831+00:00","","","false","","",""
"1712","Locker 04 Tent Peg Bag-02","locker_misc","Green","2051-04-22","0","6843","IN","Locker 4 standard kit","Locker 04","","","2026-04-29T03:33:19.577831+00:00","","","false","","",""
"1713","Locker 04 Whistle-01","locker_misc","Green","2051-04-22","0","6843","IN","Locker 4 standard kit","Locker 04","","","2026-04-29T03:33:19.577831+00:00","","","false","","",""
"1714","Locker 04 Whistle-02","locker_misc","Green","2051-04-22","0","6843","IN","Locker 4 standard kit","Locker 04","","","2026-04-29T03:33:19.577831+00:00","","","false","","",""
"1715","Locker 04 Large Spoon-01","locker_misc","Green","2051-04-22","0","6843","IN","Locker 4 standard kit","Locker 04","","","2026-04-29T03:33:19.577831+00:00","","","false","","",""
"1716","Locker 04 Large Spoon-02","locker_misc","Green","2051-04-22","0","6843","IN","Locker 4 standard kit","Locker 04","","","2026-04-29T03:33:19.577831+00:00","","","false","","",""
"1717","Locker 04 Large Pot + Lid-01","locker_misc","Green","2051-04-22","0","6843","IN","Locker 4 standard kit","Locker 04","","","2026-04-29T03:33:19.577831+00:00","","","false","","",""
"1718","Locker 04 Large Pot + Lid-02","locker_misc","Green","2051-04-22","0","6843","IN","Locker 4 standard kit","Locker 04","","","2026-04-29T03:33:19.577831+00:00","","","false","","",""
"1719","Locker 04 Trangia + Base","locker_misc","Green","2051-04-22","0","6843","IN","Locker 4 standard kit","Locker 04","","","2026-04-29T03:33:19.577831+00:00","","","false","","",""
"1720","Locker 04 Small Pot","locker_misc","Green","2051-04-22","0","6843","IN","Locker 4 standard kit","Locker 04","","","2026-04-29T03:33:19.577831+00:00","","","false","","",""
"1721","Locker 04 Can Opener-01","locker_misc","Green","2051-04-22","0","6843","IN","Locker 4 standard kit","Locker 04","","","2026-04-29T03:33:19.577831+00:00","","","false","","",""
"1722","Locker 04 Can Opener-02","locker_misc","Green","2051-04-22","0","6843","IN","Locker 4 standard kit","Locker 04","","","2026-04-29T03:33:19.577831+00:00","","","false","","",""
"1723","Locker 04 Biolite Stove","locker_misc","Green","2051-04-22","0","6843","IN","Locker 4 standard kit","Locker 04","","","2026-04-29T03:33:19.577831+00:00","","","false","","",""
"1724","Locker 05 Bush Rope","cord_tape","Green","2036-04-25","0","2737","IN","Locker 5 standard kit","Locker 05","","","2026-04-29T03:33:19.577831+00:00","","","false","","",""
"1725","Locker 05 Sling 120cm-01","locker_slings","Green","2036-04-25","0","2737","IN","Locker 5 standard kit","Locker 05","","","2026-04-29T03:33:19.577831+00:00","","","false","","",""
"1726","Locker 05 Sling 120cm-02","locker_slings","Green","2036-04-25","0","2737","IN","Locker 5 standard kit","Locker 05","","","2026-04-29T03:33:19.577831+00:00","","","false","","",""
"1727","Locker 05 Carabiner Alloy-01","locker_carabiners","Green","2036-04-25","0","2737","IN","Locker 5 standard kit","Locker 05","","","2026-04-29T03:33:19.577831+00:00","","","false","","",""
"1728","Locker 05 Carabiner Alloy-02","locker_carabiners","Green","2036-04-25","0","2737","IN","Locker 5 standard kit","Locker 05","","","2026-04-29T03:33:19.577831+00:00","","","false","","",""
"1729","Locker 05 Carabiner Alloy-03","locker_carabiners","Green","2036-04-25","0","2737","IN","Locker 5 standard kit","Locker 05","","","2026-04-29T03:33:19.577831+00:00","","","false","","",""
"1730","Locker 05 Carabiner Alloy-04","locker_carabiners","Green","2036-04-25","0","2737","IN","Locker 5 standard kit","Locker 05","","","2026-04-29T03:33:19.577831+00:00","","","false","","",""
"1731","Locker 05 Carabiner Alloy-05","locker_carabiners","Green","2036-04-25","0","2737","IN","Locker 5 standard kit","Locker 05","","","2026-04-29T03:33:19.577831+00:00","","","false","","",""
"1732","Locker 05 Carabiner Alloy-06","locker_carabiners","Green","2036-04-25","0","2737","IN","Locker 5 standard kit","Locker 05","","","2026-04-29T03:33:19.577831+00:00","","","false","","",""
"1733","Locker 05 Carabiner Steel","locker_carabiners","Green","2036-04-25","0","2737","IN","Locker 5 standard kit","Locker 05","","","2026-04-29T03:33:19.577831+00:00","","","false","","",""
"1734","Locker 05 Prusik Loop","locker_prusiks","Green","2036-04-25","0","2737","IN","Locker 5 standard kit","Locker 05","","","2026-04-29T03:33:19.577831+00:00","","","false","","",""
"1735","Locker 05 Dry Bag","locker_dry_bags","Green","2051-04-22","0","6843","IN","Locker 5 standard kit","Locker 05","","","2026-04-29T03:33:19.577831+00:00","","","false","","",""
"1736","Locker 05 Radio Dry Bag","locker_dry_bags","Green","2051-04-22","0","6843","IN","Locker 5 standard kit","Locker 05","","","2026-04-29T03:33:19.577831+00:00","","","false","","",""
"1737","Locker 05 Emergency Shelter","locker_shelter","Green","2036-04-25","0","2737","IN","Locker 5 standard kit","Locker 05","","","2026-04-29T03:33:19.577831+00:00","","","false","","",""
"1738","Locker 05 Emergency Roll Mat","locker_misc","Green","2051-04-22","0","6843","IN","Locker 5 standard kit","Locker 05","","","2026-04-29T03:33:19.577831+00:00","","","false","","",""
"1739","Locker 05 Thermos-01","locker_misc","Green","2051-04-22","0","6843","IN","Locker 5 standard kit","Locker 05","","","2026-04-29T03:33:19.577831+00:00","","","false","","",""
"1740","Locker 05 Thermos-02","locker_misc","Green","2051-04-22","0","6843","IN","Locker 5 standard kit","Locker 05","","","2026-04-29T03:33:19.577831+00:00","","","false","","",""
"1741","Locker 05 Cups-01","locker_misc","Green","2051-04-22","0","6843","IN","Locker 5 standard kit","Locker 05","","","2026-04-29T03:33:19.577831+00:00","","","false","","",""
"1742","Locker 05 Cups-02","locker_misc","Green","2051-04-22","0","6843","IN","Locker 5 standard kit","Locker 05","","","2026-04-29T03:33:19.577831+00:00","","","false","","",""
"1743","Locker 05 Compass-01","locker_misc","Green","2051-04-22","0","6843","IN","Locker 5 standard kit","Locker 05","","","2026-04-29T03:33:19.577831+00:00","","","false","","",""
"1744","Locker 05 Compass-02","locker_misc","Green","2051-04-22","0","6843","IN","Locker 5 standard kit","Locker 05","","","2026-04-29T03:33:19.577831+00:00","","","false","","",""
"1745","Locker 05 Head Torch-01","locker_misc","Green","2051-04-22","0","6843","IN","Locker 5 standard kit","Locker 05","","","2026-04-29T03:33:19.577831+00:00","","","false","","",""
"1746","Locker 05 Head Torch-02","locker_misc","Green","2051-04-22","0","6843","IN","Locker 5 standard kit","Locker 05","","","2026-04-29T03:33:19.577831+00:00","","","false","","",""
"1747","Locker 05 Sunglasses-01","locker_misc","Green","2051-04-22","0","6843","IN","Locker 5 standard kit","Locker 05","","","2026-04-29T03:33:19.577831+00:00","","","false","","",""
"1748","Locker 05 Sunglasses-02","locker_misc","Green","2051-04-22","0","6843","IN","Locker 5 standard kit","Locker 05","","","2026-04-29T03:33:19.577831+00:00","","","false","","",""
"1749","Locker 05 Sunglasses-03","locker_misc","Green","2051-04-22","0","6843","IN","Locker 5 standard kit","Locker 05","","","2026-04-29T03:33:19.577831+00:00","","","false","","",""
"1750","Locker 05 Sunglasses-04","locker_misc","Green","2051-04-22","0","6843","IN","Locker 5 standard kit","Locker 05","","","2026-04-29T03:33:19.577831+00:00","","","false","","",""
"1751","Locker 05 Sunglasses-05","locker_misc","Green","2051-04-22","0","6843","IN","Locker 5 standard kit","Locker 05","","","2026-04-29T03:33:19.577831+00:00","","","false","","",""
"1752","Locker 05 Sunglasses-06","locker_misc","Green","2051-04-22","0","6843","IN","Locker 5 standard kit","Locker 05","","","2026-04-29T03:33:19.577831+00:00","","","false","","",""
"1753","Locker 05 Sunglasses-07","locker_misc","Green","2051-04-22","0","6843","IN","Locker 5 standard kit","Locker 05","","","2026-04-29T03:33:19.577831+00:00","","","false","","",""
"1754","Locker 05 Sunglasses-08","locker_misc","Green","2051-04-22","0","6843","IN","Locker 5 standard kit","Locker 05","","","2026-04-29T03:33:19.577831+00:00","","","false","","",""
"1755","Locker 05 Sunglasses-09","locker_misc","Green","2051-04-22","0","6843","IN","Locker 5 standard kit","Locker 05","","","2026-04-29T03:33:19.577831+00:00","","","false","","",""
"1756","Locker 05 Sunglasses-10","locker_misc","Green","2051-04-22","0","6843","IN","Locker 5 standard kit","Locker 05","","","2026-04-29T03:33:19.577831+00:00","","","false","","",""
"1757","Locker 05 Sunglasses-11","locker_misc","Green","2051-04-22","0","6843","IN","Locker 5 standard kit","Locker 05","","","2026-04-29T03:33:19.577831+00:00","","","false","","",""
"1758","Locker 05 Sunglasses-12","locker_misc","Green","2051-04-22","0","6843","IN","Locker 5 standard kit","Locker 05","","","2026-04-29T03:33:19.577831+00:00","","","false","","",""
"1759","Locker 05 Tent Pegs-01","locker_misc","Green","2051-04-22","0","6843","IN","Locker 5 standard kit","Locker 05","","","2026-04-29T03:33:19.577831+00:00","","","false","","",""
"1760","Locker 05 Tent Pegs-02","locker_misc","Green","2051-04-22","0","6843","IN","Locker 5 standard kit","Locker 05","","","2026-04-29T03:33:19.577831+00:00","","","false","","",""
"1761","Locker 05 Tent Pegs-03","locker_misc","Green","2051-04-22","0","6843","IN","Locker 5 standard kit","Locker 05","","","2026-04-29T03:33:19.577831+00:00","","","false","","",""
"1762","Locker 05 Tent Pegs-04","locker_misc","Green","2051-04-22","0","6843","IN","Locker 5 standard kit","Locker 05","","","2026-04-29T03:33:19.577831+00:00","","","false","","",""
"1763","Locker 05 Tent Pegs-05","locker_misc","Green","2051-04-22","0","6843","IN","Locker 5 standard kit","Locker 05","","","2026-04-29T03:33:19.577831+00:00","","","false","","",""
"1764","Locker 05 Tent Pegs-06","locker_misc","Green","2051-04-22","0","6843","IN","Locker 5 standard kit","Locker 05","","","2026-04-29T03:33:19.577831+00:00","","","false","","",""
"1765","Locker 05 Tent Pegs-07","locker_misc","Green","2051-04-22","0","6843","IN","Locker 5 standard kit","Locker 05","","","2026-04-29T03:33:19.577831+00:00","","","false","","",""
"1766","Locker 05 Tent Pegs-08","locker_misc","Green","2051-04-22","0","6843","IN","Locker 5 standard kit","Locker 05","","","2026-04-29T03:33:19.577831+00:00","","","false","","",""
"1767","Locker 05 Tent Pegs-09","locker_misc","Green","2051-04-22","0","6843","IN","Locker 5 standard kit","Locker 05","","","2026-04-29T03:33:19.577831+00:00","","","false","","",""
"1768","Locker 05 Tent Pegs-10","locker_misc","Green","2051-04-22","0","6843","IN","Locker 5 standard kit","Locker 05","","","2026-04-29T03:33:19.577831+00:00","","","false","","",""
"1769","Locker 05 Tent Pegs-11","locker_misc","Green","2051-04-22","0","6843","IN","Locker 5 standard kit","Locker 05","","","2026-04-29T03:33:19.577831+00:00","","","false","","",""
"1770","Locker 05 Tent Pegs-12","locker_misc","Green","2051-04-22","0","6843","IN","Locker 5 standard kit","Locker 05","","","2026-04-29T03:33:19.577831+00:00","","","false","","",""
"1771","Locker 05 Tent Pegs-13","locker_misc","Green","2051-04-22","0","6843","IN","Locker 5 standard kit","Locker 05","","","2026-04-29T03:33:19.577831+00:00","","","false","","",""
"1772","Locker 05 Tent Pegs-14","locker_misc","Green","2051-04-22","0","6843","IN","Locker 5 standard kit","Locker 05","","","2026-04-29T03:33:19.577831+00:00","","","false","","",""
"1773","Locker 05 Tent Pegs-15","locker_misc","Green","2051-04-22","0","6843","IN","Locker 5 standard kit","Locker 05","","","2026-04-29T03:33:19.577831+00:00","","","false","","",""
"1774","Locker 05 Tent Pegs-16","locker_misc","Green","2051-04-22","0","6843","IN","Locker 5 standard kit","Locker 05","","","2026-04-29T03:33:19.577831+00:00","","","false","","",""
"1775","Locker 05 Tent Pegs-17","locker_misc","Green","2051-04-22","0","6843","IN","Locker 5 standard kit","Locker 05","","","2026-04-29T03:33:19.577831+00:00","","","false","","",""
"1776","Locker 05 Tent Pegs-18","locker_misc","Green","2051-04-22","0","6843","IN","Locker 5 standard kit","Locker 05","","","2026-04-29T03:33:19.577831+00:00","","","false","","",""
"1777","Locker 05 Tent Pegs-19","locker_misc","Green","2051-04-22","0","6843","IN","Locker 5 standard kit","Locker 05","","","2026-04-29T03:33:19.577831+00:00","","","false","","",""
"1778","Locker 05 Tent Pegs-20","locker_misc","Green","2051-04-22","0","6843","IN","Locker 5 standard kit","Locker 05","","","2026-04-29T03:33:19.577831+00:00","","","false","","",""
"1779","Locker 05 Tent Pegs-21","locker_misc","Green","2051-04-22","0","6843","IN","Locker 5 standard kit","Locker 05","","","2026-04-29T03:33:19.577831+00:00","","","false","","",""
"1780","Locker 05 Tent Pegs-22","locker_misc","Green","2051-04-22","0","6843","IN","Locker 5 standard kit","Locker 05","","","2026-04-29T03:33:19.577831+00:00","","","false","","",""
"1781","Locker 05 Tent Pegs-23","locker_misc","Green","2051-04-22","0","6843","IN","Locker 5 standard kit","Locker 05","","","2026-04-29T03:33:19.577831+00:00","","","false","","",""
"1782","Locker 05 Tent Pegs-24","locker_misc","Green","2051-04-22","0","6843","IN","Locker 5 standard kit","Locker 05","","","2026-04-29T03:33:19.577831+00:00","","","false","","",""
"1783","Locker 05 Tent Pegs-25","locker_misc","Green","2051-04-22","0","6843","IN","Locker 5 standard kit","Locker 05","","","2026-04-29T03:33:19.577831+00:00","","","false","","",""
"1784","Locker 05 Tent Pegs-26","locker_misc","Green","2051-04-22","0","6843","IN","Locker 5 standard kit","Locker 05","","","2026-04-29T03:33:19.577831+00:00","","","false","","",""
"1785","Locker 05 Tent Pegs-27","locker_misc","Green","2051-04-22","0","6843","IN","Locker 5 standard kit","Locker 05","","","2026-04-29T03:33:19.577831+00:00","","","false","","",""
"1786","Locker 05 Tent Pegs-28","locker_misc","Green","2051-04-22","0","6843","IN","Locker 5 standard kit","Locker 05","","","2026-04-29T03:33:19.577831+00:00","","","false","","",""
"1787","Locker 05 Tent Pegs-29","locker_misc","Green","2051-04-22","0","6843","IN","Locker 5 standard kit","Locker 05","","","2026-04-29T03:33:19.577831+00:00","","","false","","",""
"1788","Locker 05 Tent Pegs-30","locker_misc","Green","2051-04-22","0","6843","IN","Locker 5 standard kit","Locker 05","","","2026-04-29T03:33:19.577831+00:00","","","false","","",""
"1789","Locker 05 Tent Pegs-31","locker_misc","Green","2051-04-22","0","6843","IN","Locker 5 standard kit","Locker 05","","","2026-04-29T03:33:19.577831+00:00","","","false","","",""
"1790","Locker 05 Tent Pegs-32","locker_misc","Green","2051-04-22","0","6843","IN","Locker 5 standard kit","Locker 05","","","2026-04-29T03:33:19.577831+00:00","","","false","","",""
"1791","Locker 05 Tent Pegs-33","locker_misc","Green","2051-04-22","0","6843","IN","Locker 5 standard kit","Locker 05","","","2026-04-29T03:33:19.577831+00:00","","","false","","",""
"1792","Locker 05 Tent Pegs-34","locker_misc","Green","2051-04-22","0","6843","IN","Locker 5 standard kit","Locker 05","","","2026-04-29T03:33:19.577831+00:00","","","false","","",""
"1793","Locker 05 Tent Pegs-35","locker_misc","Green","2051-04-22","0","6843","IN","Locker 5 standard kit","Locker 05","","","2026-04-29T03:33:19.577831+00:00","","","false","","",""
"1794","Locker 05 Tent Pegs-36","locker_misc","Green","2051-04-22","0","6843","IN","Locker 5 standard kit","Locker 05","","","2026-04-29T03:33:19.577831+00:00","","","false","","",""
"1795","Locker 05 Tent Pegs-37","locker_misc","Green","2051-04-22","0","6843","IN","Locker 5 standard kit","Locker 05","","","2026-04-29T03:33:19.577831+00:00","","","false","","",""
"1796","Locker 05 Tent Pegs-38","locker_misc","Green","2051-04-22","0","6843","IN","Locker 5 standard kit","Locker 05","","","2026-04-29T03:33:19.577831+00:00","","","false","","",""
"1797","Locker 05 Tent Pegs-39","locker_misc","Green","2051-04-22","0","6843","IN","Locker 5 standard kit","Locker 05","","","2026-04-29T03:33:19.577831+00:00","","","false","","",""
"1798","Locker 05 Tent Pegs-40","locker_misc","Green","2051-04-22","0","6843","IN","Locker 5 standard kit","Locker 05","","","2026-04-29T03:33:19.577831+00:00","","","false","","",""
"1799","Locker 05 Tent Peg Bag-01","locker_misc","Green","2051-04-22","0","6843","IN","Locker 5 standard kit","Locker 05","","","2026-04-29T03:33:19.577831+00:00","","","false","","",""
"1800","Locker 05 Tent Peg Bag-02","locker_misc","Green","2051-04-22","0","6843","IN","Locker 5 standard kit","Locker 05","","","2026-04-29T03:33:19.577831+00:00","","","false","","",""
"1801","Locker 05 Whistle-01","locker_misc","Green","2051-04-22","0","6843","IN","Locker 5 standard kit","Locker 05","","","2026-04-29T03:33:19.577831+00:00","","","false","","",""
"1802","Locker 05 Whistle-02","locker_misc","Green","2051-04-22","0","6843","IN","Locker 5 standard kit","Locker 05","","","2026-04-29T03:33:19.577831+00:00","","","false","","",""
"1803","Locker 05 Large Spoon-01","locker_misc","Green","2051-04-22","0","6843","IN","Locker 5 standard kit","Locker 05","","","2026-04-29T03:33:19.577831+00:00","","","false","","",""
"1804","Locker 05 Large Spoon-02","locker_misc","Green","2051-04-22","0","6843","IN","Locker 5 standard kit","Locker 05","","","2026-04-29T03:33:19.577831+00:00","","","false","","",""
"1805","Locker 05 Large Pot + Lid-01","locker_misc","Green","2051-04-22","0","6843","IN","Locker 5 standard kit","Locker 05","","","2026-04-29T03:33:19.577831+00:00","","","false","","",""
"1806","Locker 05 Large Pot + Lid-02","locker_misc","Green","2051-04-22","0","6843","IN","Locker 5 standard kit","Locker 05","","","2026-04-29T03:33:19.577831+00:00","","","false","","",""
"1807","Locker 05 Trangia + Base","locker_misc","Green","2051-04-22","0","6843","IN","Locker 5 standard kit","Locker 05","","","2026-04-29T03:33:19.577831+00:00","","","false","","",""
"1808","Locker 05 Small Pot","locker_misc","Green","2051-04-22","0","6843","IN","Locker 5 standard kit","Locker 05","","","2026-04-29T03:33:19.577831+00:00","","","false","","",""
"1809","Locker 05 Can Opener-01","locker_misc","Green","2051-04-22","0","6843","IN","Locker 5 standard kit","Locker 05","","","2026-04-29T03:33:19.577831+00:00","","","false","","",""
"1810","Locker 05 Can Opener-02","locker_misc","Green","2051-04-22","0","6843","IN","Locker 5 standard kit","Locker 05","","","2026-04-29T03:33:19.577831+00:00","","","false","","",""
"1811","Locker 05 Biolite Stove","locker_misc","Green","2051-04-22","0","6843","IN","Locker 5 standard kit","Locker 05","","","2026-04-29T03:33:19.577831+00:00","","","false","","",""
"1812","Locker 06 Bush Rope","cord_tape","Green","2036-04-25","0","2737","IN","Locker 6 standard kit","Locker 06","","","2026-04-29T03:33:19.577831+00:00","","","false","","",""
"1813","Locker 06 Sling 120cm-01","locker_slings","Green","2036-04-25","0","2737","IN","Locker 6 standard kit","Locker 06","","","2026-04-29T03:33:19.577831+00:00","","","false","","",""
"1814","Locker 06 Sling 120cm-02","locker_slings","Green","2036-04-25","0","2737","IN","Locker 6 standard kit","Locker 06","","","2026-04-29T03:33:19.577831+00:00","","","false","","",""
"1815","Locker 06 Carabiner Alloy-01","locker_carabiners","Green","2036-04-25","0","2737","IN","Locker 6 standard kit","Locker 06","","","2026-04-29T03:33:19.577831+00:00","","","false","","",""
"1816","Locker 06 Carabiner Alloy-02","locker_carabiners","Green","2036-04-25","0","2737","IN","Locker 6 standard kit","Locker 06","","","2026-04-29T03:33:19.577831+00:00","","","false","","",""
"1817","Locker 06 Carabiner Alloy-03","locker_carabiners","Green","2036-04-25","0","2737","IN","Locker 6 standard kit","Locker 06","","","2026-04-29T03:33:19.577831+00:00","","","false","","",""
"1818","Locker 06 Carabiner Alloy-04","locker_carabiners","Green","2036-04-25","0","2737","IN","Locker 6 standard kit","Locker 06","","","2026-04-29T03:33:19.577831+00:00","","","false","","",""
"1819","Locker 06 Carabiner Alloy-05","locker_carabiners","Green","2036-04-25","0","2737","IN","Locker 6 standard kit","Locker 06","","","2026-04-29T03:33:19.577831+00:00","","","false","","",""
"1820","Locker 06 Carabiner Alloy-06","locker_carabiners","Green","2036-04-25","0","2737","IN","Locker 6 standard kit","Locker 06","","","2026-04-29T03:33:19.577831+00:00","","","false","","",""
"1821","Locker 06 Carabiner Steel","locker_carabiners","Green","2036-04-25","0","2737","IN","Locker 6 standard kit","Locker 06","","","2026-04-29T03:33:19.577831+00:00","","","false","","",""
"1822","Locker 06 Prusik Loop","locker_prusiks","Green","2036-04-25","0","2737","IN","Locker 6 standard kit","Locker 06","","","2026-04-29T03:33:19.577831+00:00","","","false","","",""
"1823","Locker 06 Dry Bag","locker_dry_bags","Green","2051-04-22","0","6843","IN","Locker 6 standard kit","Locker 06","","","2026-04-29T03:33:19.577831+00:00","","","false","","",""
"1824","Locker 06 Radio Dry Bag","locker_dry_bags","Green","2051-04-22","0","6843","IN","Locker 6 standard kit","Locker 06","","","2026-04-29T03:33:19.577831+00:00","","","false","","",""
"1825","Locker 06 Emergency Shelter","locker_shelter","Green","2036-04-25","0","2737","IN","Locker 6 standard kit","Locker 06","","","2026-04-29T03:33:19.577831+00:00","","","false","","",""
"1826","Locker 06 Emergency Roll Mat","locker_misc","Green","2051-04-22","0","6843","IN","Locker 6 standard kit","Locker 06","","","2026-04-29T03:33:19.577831+00:00","","","false","","",""
"1827","Locker 06 Thermos-01","locker_misc","Green","2051-04-22","0","6843","IN","Locker 6 standard kit","Locker 06","","","2026-04-29T03:33:19.577831+00:00","","","false","","",""
"1828","Locker 06 Thermos-02","locker_misc","Green","2051-04-22","0","6843","IN","Locker 6 standard kit","Locker 06","","","2026-04-29T03:33:19.577831+00:00","","","false","","",""
"1829","Locker 06 Cups-01","locker_misc","Green","2051-04-22","0","6843","IN","Locker 6 standard kit","Locker 06","","","2026-04-29T03:33:19.577831+00:00","","","false","","",""
"1830","Locker 06 Cups-02","locker_misc","Green","2051-04-22","0","6843","IN","Locker 6 standard kit","Locker 06","","","2026-04-29T03:33:19.577831+00:00","","","false","","",""
"1831","Locker 06 Compass-01","locker_misc","Green","2051-04-22","0","6843","IN","Locker 6 standard kit","Locker 06","","","2026-04-29T03:33:19.577831+00:00","","","false","","",""
"1832","Locker 06 Compass-02","locker_misc","Green","2051-04-22","0","6843","IN","Locker 6 standard kit","Locker 06","","","2026-04-29T03:33:19.577831+00:00","","","false","","",""
"1833","Locker 06 Head Torch-01","locker_misc","Green","2051-04-22","0","6843","IN","Locker 6 standard kit","Locker 06","","","2026-04-29T03:33:19.577831+00:00","","","false","","",""
"1834","Locker 06 Head Torch-02","locker_misc","Green","2051-04-22","0","6843","IN","Locker 6 standard kit","Locker 06","","","2026-04-29T03:33:19.577831+00:00","","","false","","",""
"1835","Locker 06 Sunglasses-01","locker_misc","Green","2051-04-22","0","6843","IN","Locker 6 standard kit","Locker 06","","","2026-04-29T03:33:19.577831+00:00","","","false","","",""
"1836","Locker 06 Sunglasses-02","locker_misc","Green","2051-04-22","0","6843","IN","Locker 6 standard kit","Locker 06","","","2026-04-29T03:33:19.577831+00:00","","","false","","",""
"1837","Locker 06 Sunglasses-03","locker_misc","Green","2051-04-22","0","6843","IN","Locker 6 standard kit","Locker 06","","","2026-04-29T03:33:19.577831+00:00","","","false","","",""
"1838","Locker 06 Sunglasses-04","locker_misc","Green","2051-04-22","0","6843","IN","Locker 6 standard kit","Locker 06","","","2026-04-29T03:33:19.577831+00:00","","","false","","",""
"1839","Locker 06 Sunglasses-05","locker_misc","Green","2051-04-22","0","6843","IN","Locker 6 standard kit","Locker 06","","","2026-04-29T03:33:19.577831+00:00","","","false","","",""
"1840","Locker 06 Sunglasses-06","locker_misc","Green","2051-04-22","0","6843","IN","Locker 6 standard kit","Locker 06","","","2026-04-29T03:33:19.577831+00:00","","","false","","",""
"1841","Locker 06 Sunglasses-07","locker_misc","Green","2051-04-22","0","6843","IN","Locker 6 standard kit","Locker 06","","","2026-04-29T03:33:19.577831+00:00","","","false","","",""
"1842","Locker 06 Sunglasses-08","locker_misc","Green","2051-04-22","0","6843","IN","Locker 6 standard kit","Locker 06","","","2026-04-29T03:33:19.577831+00:00","","","false","","",""
"1843","Locker 06 Sunglasses-09","locker_misc","Green","2051-04-22","0","6843","IN","Locker 6 standard kit","Locker 06","","","2026-04-29T03:33:19.577831+00:00","","","false","","",""
"1844","Locker 06 Sunglasses-10","locker_misc","Green","2051-04-22","0","6843","IN","Locker 6 standard kit","Locker 06","","","2026-04-29T03:33:19.577831+00:00","","","false","","",""
"1845","Locker 06 Sunglasses-11","locker_misc","Green","2051-04-22","0","6843","IN","Locker 6 standard kit","Locker 06","","","2026-04-29T03:33:19.577831+00:00","","","false","","",""
"1846","Locker 06 Sunglasses-12","locker_misc","Green","2051-04-22","0","6843","IN","Locker 6 standard kit","Locker 06","","","2026-04-29T03:33:19.577831+00:00","","","false","","",""
"1847","Locker 06 Tent Pegs-01","locker_misc","Green","2051-04-22","0","6843","IN","Locker 6 standard kit","Locker 06","","","2026-04-29T03:33:19.577831+00:00","","","false","","",""
"1848","Locker 06 Tent Pegs-02","locker_misc","Green","2051-04-22","0","6843","IN","Locker 6 standard kit","Locker 06","","","2026-04-29T03:33:19.577831+00:00","","","false","","",""
"1849","Locker 06 Tent Pegs-03","locker_misc","Green","2051-04-22","0","6843","IN","Locker 6 standard kit","Locker 06","","","2026-04-29T03:33:19.577831+00:00","","","false","","",""
"1850","Locker 06 Tent Pegs-04","locker_misc","Green","2051-04-22","0","6843","IN","Locker 6 standard kit","Locker 06","","","2026-04-29T03:33:19.577831+00:00","","","false","","",""
"1851","Locker 06 Tent Pegs-05","locker_misc","Green","2051-04-22","0","6843","IN","Locker 6 standard kit","Locker 06","","","2026-04-29T03:33:19.577831+00:00","","","false","","",""
"1852","Locker 06 Tent Pegs-06","locker_misc","Green","2051-04-22","0","6843","IN","Locker 6 standard kit","Locker 06","","","2026-04-29T03:33:19.577831+00:00","","","false","","",""
"1853","Locker 06 Tent Pegs-07","locker_misc","Green","2051-04-22","0","6843","IN","Locker 6 standard kit","Locker 06","","","2026-04-29T03:33:19.577831+00:00","","","false","","",""
"1854","Locker 06 Tent Pegs-08","locker_misc","Green","2051-04-22","0","6843","IN","Locker 6 standard kit","Locker 06","","","2026-04-29T03:33:19.577831+00:00","","","false","","",""
"1855","Locker 06 Tent Pegs-09","locker_misc","Green","2051-04-22","0","6843","IN","Locker 6 standard kit","Locker 06","","","2026-04-29T03:33:19.577831+00:00","","","false","","",""
"1856","Locker 06 Tent Pegs-10","locker_misc","Green","2051-04-22","0","6843","IN","Locker 6 standard kit","Locker 06","","","2026-04-29T03:33:19.577831+00:00","","","false","","",""
"1857","Locker 06 Tent Pegs-11","locker_misc","Green","2051-04-22","0","6843","IN","Locker 6 standard kit","Locker 06","","","2026-04-29T03:33:19.577831+00:00","","","false","","",""
"1858","Locker 06 Tent Pegs-12","locker_misc","Green","2051-04-22","0","6843","IN","Locker 6 standard kit","Locker 06","","","2026-04-29T03:33:19.577831+00:00","","","false","","",""
"1859","Locker 06 Tent Pegs-13","locker_misc","Green","2051-04-22","0","6843","IN","Locker 6 standard kit","Locker 06","","","2026-04-29T03:33:19.577831+00:00","","","false","","",""
"1860","Locker 06 Tent Pegs-14","locker_misc","Green","2051-04-22","0","6843","IN","Locker 6 standard kit","Locker 06","","","2026-04-29T03:33:19.577831+00:00","","","false","","",""
"1861","Locker 06 Tent Pegs-15","locker_misc","Green","2051-04-22","0","6843","IN","Locker 6 standard kit","Locker 06","","","2026-04-29T03:33:19.577831+00:00","","","false","","",""
"1862","Locker 06 Tent Pegs-16","locker_misc","Green","2051-04-22","0","6843","IN","Locker 6 standard kit","Locker 06","","","2026-04-29T03:33:19.577831+00:00","","","false","","",""
"1863","Locker 06 Tent Pegs-17","locker_misc","Green","2051-04-22","0","6843","IN","Locker 6 standard kit","Locker 06","","","2026-04-29T03:33:19.577831+00:00","","","false","","",""
"1864","Locker 06 Tent Pegs-18","locker_misc","Green","2051-04-22","0","6843","IN","Locker 6 standard kit","Locker 06","","","2026-04-29T03:33:19.577831+00:00","","","false","","",""
"1865","Locker 06 Tent Pegs-19","locker_misc","Green","2051-04-22","0","6843","IN","Locker 6 standard kit","Locker 06","","","2026-04-29T03:33:19.577831+00:00","","","false","","",""
"1866","Locker 06 Tent Pegs-20","locker_misc","Green","2051-04-22","0","6843","IN","Locker 6 standard kit","Locker 06","","","2026-04-29T03:33:19.577831+00:00","","","false","","",""
"1867","Locker 06 Tent Pegs-21","locker_misc","Green","2051-04-22","0","6843","IN","Locker 6 standard kit","Locker 06","","","2026-04-29T03:33:19.577831+00:00","","","false","","",""
"1868","Locker 06 Tent Pegs-22","locker_misc","Green","2051-04-22","0","6843","IN","Locker 6 standard kit","Locker 06","","","2026-04-29T03:33:19.577831+00:00","","","false","","",""
"1869","Locker 06 Tent Pegs-23","locker_misc","Green","2051-04-22","0","6843","IN","Locker 6 standard kit","Locker 06","","","2026-04-29T03:33:19.577831+00:00","","","false","","",""
"1870","Locker 06 Tent Pegs-24","locker_misc","Green","2051-04-22","0","6843","IN","Locker 6 standard kit","Locker 06","","","2026-04-29T03:33:19.577831+00:00","","","false","","",""
"1871","Locker 06 Tent Pegs-25","locker_misc","Green","2051-04-22","0","6843","IN","Locker 6 standard kit","Locker 06","","","2026-04-29T03:33:19.577831+00:00","","","false","","",""
"1872","Locker 06 Tent Pegs-26","locker_misc","Green","2051-04-22","0","6843","IN","Locker 6 standard kit","Locker 06","","","2026-04-29T03:33:19.577831+00:00","","","false","","",""
"1873","Locker 06 Tent Pegs-27","locker_misc","Green","2051-04-22","0","6843","IN","Locker 6 standard kit","Locker 06","","","2026-04-29T03:33:19.577831+00:00","","","false","","",""
"1874","Locker 06 Tent Pegs-28","locker_misc","Green","2051-04-22","0","6843","IN","Locker 6 standard kit","Locker 06","","","2026-04-29T03:33:19.577831+00:00","","","false","","",""
"1875","Locker 06 Tent Pegs-29","locker_misc","Green","2051-04-22","0","6843","IN","Locker 6 standard kit","Locker 06","","","2026-04-29T03:33:19.577831+00:00","","","false","","",""
"1876","Locker 06 Tent Pegs-30","locker_misc","Green","2051-04-22","0","6843","IN","Locker 6 standard kit","Locker 06","","","2026-04-29T03:33:19.577831+00:00","","","false","","",""
"1877","Locker 06 Tent Pegs-31","locker_misc","Green","2051-04-22","0","6843","IN","Locker 6 standard kit","Locker 06","","","2026-04-29T03:33:19.577831+00:00","","","false","","",""
"1878","Locker 06 Tent Pegs-32","locker_misc","Green","2051-04-22","0","6843","IN","Locker 6 standard kit","Locker 06","","","2026-04-29T03:33:19.577831+00:00","","","false","","",""
"1879","Locker 06 Tent Pegs-33","locker_misc","Green","2051-04-22","0","6843","IN","Locker 6 standard kit","Locker 06","","","2026-04-29T03:33:19.577831+00:00","","","false","","",""
"1880","Locker 06 Tent Pegs-34","locker_misc","Green","2051-04-22","0","6843","IN","Locker 6 standard kit","Locker 06","","","2026-04-29T03:33:19.577831+00:00","","","false","","",""
"1881","Locker 06 Tent Pegs-35","locker_misc","Green","2051-04-22","0","6843","IN","Locker 6 standard kit","Locker 06","","","2026-04-29T03:33:19.577831+00:00","","","false","","",""
"1882","Locker 06 Tent Pegs-36","locker_misc","Green","2051-04-22","0","6843","IN","Locker 6 standard kit","Locker 06","","","2026-04-29T03:33:19.577831+00:00","","","false","","",""
"1883","Locker 06 Tent Pegs-37","locker_misc","Green","2051-04-22","0","6843","IN","Locker 6 standard kit","Locker 06","","","2026-04-29T03:33:19.577831+00:00","","","false","","",""
"1884","Locker 06 Tent Pegs-38","locker_misc","Green","2051-04-22","0","6843","IN","Locker 6 standard kit","Locker 06","","","2026-04-29T03:33:19.577831+00:00","","","false","","",""
"1885","Locker 06 Tent Pegs-39","locker_misc","Green","2051-04-22","0","6843","IN","Locker 6 standard kit","Locker 06","","","2026-04-29T03:33:19.577831+00:00","","","false","","",""
"1886","Locker 06 Tent Pegs-40","locker_misc","Green","2051-04-22","0","6843","IN","Locker 6 standard kit","Locker 06","","","2026-04-29T03:33:19.577831+00:00","","","false","","",""
"1887","Locker 06 Tent Peg Bag-01","locker_misc","Green","2051-04-22","0","6843","IN","Locker 6 standard kit","Locker 06","","","2026-04-29T03:33:19.577831+00:00","","","false","","",""
"1888","Locker 06 Tent Peg Bag-02","locker_misc","Green","2051-04-22","0","6843","IN","Locker 6 standard kit","Locker 06","","","2026-04-29T03:33:19.577831+00:00","","","false","","",""
"1889","Locker 06 Whistle-01","locker_misc","Green","2051-04-22","0","6843","IN","Locker 6 standard kit","Locker 06","","","2026-04-29T03:33:19.577831+00:00","","","false","","",""
"1890","Locker 06 Whistle-02","locker_misc","Green","2051-04-22","0","6843","IN","Locker 6 standard kit","Locker 06","","","2026-04-29T03:33:19.577831+00:00","","","false","","",""
"1891","Locker 06 Large Spoon-01","locker_misc","Green","2051-04-22","0","6843","IN","Locker 6 standard kit","Locker 06","","","2026-04-29T03:33:19.577831+00:00","","","false","","",""
"1892","Locker 06 Large Spoon-02","locker_misc","Green","2051-04-22","0","6843","IN","Locker 6 standard kit","Locker 06","","","2026-04-29T03:33:19.577831+00:00","","","false","","",""
"1893","Locker 06 Large Pot + Lid-01","locker_misc","Green","2051-04-22","0","6843","IN","Locker 6 standard kit","Locker 06","","","2026-04-29T03:33:19.577831+00:00","","","false","","",""
"1894","Locker 06 Large Pot + Lid-02","locker_misc","Green","2051-04-22","0","6843","IN","Locker 6 standard kit","Locker 06","","","2026-04-29T03:33:19.577831+00:00","","","false","","",""
"1895","Locker 06 Trangia + Base","locker_misc","Green","2051-04-22","0","6843","IN","Locker 6 standard kit","Locker 06","","","2026-04-29T03:33:19.577831+00:00","","","false","","",""
"1896","Locker 06 Small Pot","locker_misc","Green","2051-04-22","0","6843","IN","Locker 6 standard kit","Locker 06","","","2026-04-29T03:33:19.577831+00:00","","","false","","",""
"1897","Locker 06 Can Opener-01","locker_misc","Green","2051-04-22","0","6843","IN","Locker 6 standard kit","Locker 06","","","2026-04-29T03:33:19.577831+00:00","","","false","","",""
"1898","Locker 06 Can Opener-02","locker_misc","Green","2051-04-22","0","6843","IN","Locker 6 standard kit","Locker 06","","","2026-04-29T03:33:19.577831+00:00","","","false","","",""
"1899","Locker 06 Biolite Stove","locker_misc","Green","2051-04-22","0","6843","IN","Locker 6 standard kit","Locker 06","","","2026-04-29T03:33:19.577831+00:00","","","false","","",""
"1900","Locker 07 Bush Rope","cord_tape","Green","2036-04-25","0","2737","IN","Locker 7 standard kit","Locker 07","","","2026-04-29T03:33:19.577831+00:00","","","false","","",""
"1901","Locker 07 Sling 120cm-01","locker_slings","Green","2036-04-25","0","2737","IN","Locker 7 standard kit","Locker 07","","","2026-04-29T03:33:19.577831+00:00","","","false","","",""
"1902","Locker 07 Sling 120cm-02","locker_slings","Green","2036-04-25","0","2737","IN","Locker 7 standard kit","Locker 07","","","2026-04-29T03:33:19.577831+00:00","","","false","","",""
"1903","Locker 07 Carabiner Alloy-01","locker_carabiners","Green","2036-04-25","0","2737","IN","Locker 7 standard kit","Locker 07","","","2026-04-29T03:33:19.577831+00:00","","","false","","",""
"1904","Locker 07 Carabiner Alloy-02","locker_carabiners","Green","2036-04-25","0","2737","IN","Locker 7 standard kit","Locker 07","","","2026-04-29T03:33:19.577831+00:00","","","false","","",""
"1905","Locker 07 Carabiner Alloy-03","locker_carabiners","Green","2036-04-25","0","2737","IN","Locker 7 standard kit","Locker 07","","","2026-04-29T03:33:19.577831+00:00","","","false","","",""
"1906","Locker 07 Carabiner Alloy-04","locker_carabiners","Green","2036-04-25","0","2737","IN","Locker 7 standard kit","Locker 07","","","2026-04-29T03:33:19.577831+00:00","","","false","","",""
"1907","Locker 07 Carabiner Alloy-05","locker_carabiners","Green","2036-04-25","0","2737","IN","Locker 7 standard kit","Locker 07","","","2026-04-29T03:33:19.577831+00:00","","","false","","",""
"1908","Locker 07 Carabiner Alloy-06","locker_carabiners","Green","2036-04-25","0","2737","IN","Locker 7 standard kit","Locker 07","","","2026-04-29T03:33:19.577831+00:00","","","false","","",""
"1909","Locker 07 Carabiner Steel","locker_carabiners","Green","2036-04-25","0","2737","IN","Locker 7 standard kit","Locker 07","","","2026-04-29T03:33:19.577831+00:00","","","false","","",""
"1910","Locker 07 Prusik Loop","locker_prusiks","Green","2036-04-25","0","2737","IN","Locker 7 standard kit","Locker 07","","","2026-04-29T03:33:19.577831+00:00","","","false","","",""
"1911","Locker 07 Dry Bag","locker_dry_bags","Green","2051-04-22","0","6843","IN","Locker 7 standard kit","Locker 07","","","2026-04-29T03:33:19.577831+00:00","","","false","","",""
"1912","Locker 07 Radio Dry Bag","locker_dry_bags","Green","2051-04-22","0","6843","IN","Locker 7 standard kit","Locker 07","","","2026-04-29T03:33:19.577831+00:00","","","false","","",""
"1913","Locker 07 Emergency Shelter","locker_shelter","Green","2036-04-25","0","2737","IN","Locker 7 standard kit","Locker 07","","","2026-04-29T03:33:19.577831+00:00","","","false","","",""
"1914","Locker 07 Emergency Roll Mat","locker_misc","Green","2051-04-22","0","6843","IN","Locker 7 standard kit","Locker 07","","","2026-04-29T03:33:19.577831+00:00","","","false","","",""
"1915","Locker 07 Thermos-01","locker_misc","Green","2051-04-22","0","6843","IN","Locker 7 standard kit","Locker 07","","","2026-04-29T03:33:19.577831+00:00","","","false","","",""
"1916","Locker 07 Thermos-02","locker_misc","Green","2051-04-22","0","6843","IN","Locker 7 standard kit","Locker 07","","","2026-04-29T03:33:19.577831+00:00","","","false","","",""
"1917","Locker 07 Cups-01","locker_misc","Green","2051-04-22","0","6843","IN","Locker 7 standard kit","Locker 07","","","2026-04-29T03:33:19.577831+00:00","","","false","","",""
"1918","Locker 07 Cups-02","locker_misc","Green","2051-04-22","0","6843","IN","Locker 7 standard kit","Locker 07","","","2026-04-29T03:33:19.577831+00:00","","","false","","",""
"1919","Locker 07 Compass-01","locker_misc","Green","2051-04-22","0","6843","IN","Locker 7 standard kit","Locker 07","","","2026-04-29T03:33:19.577831+00:00","","","false","","",""
"1920","Locker 07 Compass-02","locker_misc","Green","2051-04-22","0","6843","IN","Locker 7 standard kit","Locker 07","","","2026-04-29T03:33:19.577831+00:00","","","false","","",""
"1921","Locker 07 Head Torch-01","locker_misc","Green","2051-04-22","0","6843","IN","Locker 7 standard kit","Locker 07","","","2026-04-29T03:33:19.577831+00:00","","","false","","",""
"1922","Locker 07 Head Torch-02","locker_misc","Green","2051-04-22","0","6843","IN","Locker 7 standard kit","Locker 07","","","2026-04-29T03:33:19.577831+00:00","","","false","","",""
"1923","Locker 07 Sunglasses-01","locker_misc","Green","2051-04-22","0","6843","IN","Locker 7 standard kit","Locker 07","","","2026-04-29T03:33:19.577831+00:00","","","false","","",""
"1924","Locker 07 Sunglasses-02","locker_misc","Green","2051-04-22","0","6843","IN","Locker 7 standard kit","Locker 07","","","2026-04-29T03:33:19.577831+00:00","","","false","","",""
"1925","Locker 07 Sunglasses-03","locker_misc","Green","2051-04-22","0","6843","IN","Locker 7 standard kit","Locker 07","","","2026-04-29T03:33:19.577831+00:00","","","false","","",""
"1926","Locker 07 Sunglasses-04","locker_misc","Green","2051-04-22","0","6843","IN","Locker 7 standard kit","Locker 07","","","2026-04-29T03:33:19.577831+00:00","","","false","","",""
"1927","Locker 07 Sunglasses-05","locker_misc","Green","2051-04-22","0","6843","IN","Locker 7 standard kit","Locker 07","","","2026-04-29T03:33:19.577831+00:00","","","false","","",""
"1928","Locker 07 Sunglasses-06","locker_misc","Green","2051-04-22","0","6843","IN","Locker 7 standard kit","Locker 07","","","2026-04-29T03:33:19.577831+00:00","","","false","","",""
"1929","Locker 07 Sunglasses-07","locker_misc","Green","2051-04-22","0","6843","IN","Locker 7 standard kit","Locker 07","","","2026-04-29T03:33:19.577831+00:00","","","false","","",""
"1930","Locker 07 Sunglasses-08","locker_misc","Green","2051-04-22","0","6843","IN","Locker 7 standard kit","Locker 07","","","2026-04-29T03:33:19.577831+00:00","","","false","","",""
"1931","Locker 07 Sunglasses-09","locker_misc","Green","2051-04-22","0","6843","IN","Locker 7 standard kit","Locker 07","","","2026-04-29T03:33:19.577831+00:00","","","false","","",""
"1932","Locker 07 Sunglasses-10","locker_misc","Green","2051-04-22","0","6843","IN","Locker 7 standard kit","Locker 07","","","2026-04-29T03:33:19.577831+00:00","","","false","","",""
"1933","Locker 07 Sunglasses-11","locker_misc","Green","2051-04-22","0","6843","IN","Locker 7 standard kit","Locker 07","","","2026-04-29T03:33:19.577831+00:00","","","false","","",""
"1934","Locker 07 Sunglasses-12","locker_misc","Green","2051-04-22","0","6843","IN","Locker 7 standard kit","Locker 07","","","2026-04-29T03:33:19.577831+00:00","","","false","","",""
"1935","Locker 07 Tent Pegs-01","locker_misc","Green","2051-04-22","0","6843","IN","Locker 7 standard kit","Locker 07","","","2026-04-29T03:33:19.577831+00:00","","","false","","",""
"1936","Locker 07 Tent Pegs-02","locker_misc","Green","2051-04-22","0","6843","IN","Locker 7 standard kit","Locker 07","","","2026-04-29T03:33:19.577831+00:00","","","false","","",""
"1937","Locker 07 Tent Pegs-03","locker_misc","Green","2051-04-22","0","6843","IN","Locker 7 standard kit","Locker 07","","","2026-04-29T03:33:19.577831+00:00","","","false","","",""
"1938","Locker 07 Tent Pegs-04","locker_misc","Green","2051-04-22","0","6843","IN","Locker 7 standard kit","Locker 07","","","2026-04-29T03:33:19.577831+00:00","","","false","","",""
"1939","Locker 07 Tent Pegs-05","locker_misc","Green","2051-04-22","0","6843","IN","Locker 7 standard kit","Locker 07","","","2026-04-29T03:33:19.577831+00:00","","","false","","",""
"1940","Locker 07 Tent Pegs-06","locker_misc","Green","2051-04-22","0","6843","IN","Locker 7 standard kit","Locker 07","","","2026-04-29T03:33:19.577831+00:00","","","false","","",""
"1941","Locker 07 Tent Pegs-07","locker_misc","Green","2051-04-22","0","6843","IN","Locker 7 standard kit","Locker 07","","","2026-04-29T03:33:19.577831+00:00","","","false","","",""
"1942","Locker 07 Tent Pegs-08","locker_misc","Green","2051-04-22","0","6843","IN","Locker 7 standard kit","Locker 07","","","2026-04-29T03:33:19.577831+00:00","","","false","","",""
"1943","Locker 07 Tent Pegs-09","locker_misc","Green","2051-04-22","0","6843","IN","Locker 7 standard kit","Locker 07","","","2026-04-29T03:33:19.577831+00:00","","","false","","",""
"1944","Locker 07 Tent Pegs-10","locker_misc","Green","2051-04-22","0","6843","IN","Locker 7 standard kit","Locker 07","","","2026-04-29T03:33:19.577831+00:00","","","false","","",""
"1945","Locker 07 Tent Pegs-11","locker_misc","Green","2051-04-22","0","6843","IN","Locker 7 standard kit","Locker 07","","","2026-04-29T03:33:19.577831+00:00","","","false","","",""
"1946","Locker 07 Tent Pegs-12","locker_misc","Green","2051-04-22","0","6843","IN","Locker 7 standard kit","Locker 07","","","2026-04-29T03:33:19.577831+00:00","","","false","","",""
"1947","Locker 07 Tent Pegs-13","locker_misc","Green","2051-04-22","0","6843","IN","Locker 7 standard kit","Locker 07","","","2026-04-29T03:33:19.577831+00:00","","","false","","",""
"1948","Locker 07 Tent Pegs-14","locker_misc","Green","2051-04-22","0","6843","IN","Locker 7 standard kit","Locker 07","","","2026-04-29T03:33:19.577831+00:00","","","false","","",""
"1949","Locker 07 Tent Pegs-15","locker_misc","Green","2051-04-22","0","6843","IN","Locker 7 standard kit","Locker 07","","","2026-04-29T03:33:19.577831+00:00","","","false","","",""
"1950","Locker 07 Tent Pegs-16","locker_misc","Green","2051-04-22","0","6843","IN","Locker 7 standard kit","Locker 07","","","2026-04-29T03:33:19.577831+00:00","","","false","","",""
"1951","Locker 07 Tent Pegs-17","locker_misc","Green","2051-04-22","0","6843","IN","Locker 7 standard kit","Locker 07","","","2026-04-29T03:33:19.577831+00:00","","","false","","",""
"1952","Locker 07 Tent Pegs-18","locker_misc","Green","2051-04-22","0","6843","IN","Locker 7 standard kit","Locker 07","","","2026-04-29T03:33:19.577831+00:00","","","false","","",""
"1953","Locker 07 Tent Pegs-19","locker_misc","Green","2051-04-22","0","6843","IN","Locker 7 standard kit","Locker 07","","","2026-04-29T03:33:19.577831+00:00","","","false","","",""
"1954","Locker 07 Tent Pegs-20","locker_misc","Green","2051-04-22","0","6843","IN","Locker 7 standard kit","Locker 07","","","2026-04-29T03:33:19.577831+00:00","","","false","","",""
"1955","Locker 07 Tent Pegs-21","locker_misc","Green","2051-04-22","0","6843","IN","Locker 7 standard kit","Locker 07","","","2026-04-29T03:33:19.577831+00:00","","","false","","",""
"1956","Locker 07 Tent Pegs-22","locker_misc","Green","2051-04-22","0","6843","IN","Locker 7 standard kit","Locker 07","","","2026-04-29T03:33:19.577831+00:00","","","false","","",""
"1957","Locker 07 Tent Pegs-23","locker_misc","Green","2051-04-22","0","6843","IN","Locker 7 standard kit","Locker 07","","","2026-04-29T03:33:19.577831+00:00","","","false","","",""
"1958","Locker 07 Tent Pegs-24","locker_misc","Green","2051-04-22","0","6843","IN","Locker 7 standard kit","Locker 07","","","2026-04-29T03:33:19.577831+00:00","","","false","","",""
"1959","Locker 07 Tent Pegs-25","locker_misc","Green","2051-04-22","0","6843","IN","Locker 7 standard kit","Locker 07","","","2026-04-29T03:33:19.577831+00:00","","","false","","",""
"1960","Locker 07 Tent Pegs-26","locker_misc","Green","2051-04-22","0","6843","IN","Locker 7 standard kit","Locker 07","","","2026-04-29T03:33:19.577831+00:00","","","false","","",""
"1961","Locker 07 Tent Pegs-27","locker_misc","Green","2051-04-22","0","6843","IN","Locker 7 standard kit","Locker 07","","","2026-04-29T03:33:19.577831+00:00","","","false","","",""
"1962","Locker 07 Tent Pegs-28","locker_misc","Green","2051-04-22","0","6843","IN","Locker 7 standard kit","Locker 07","","","2026-04-29T03:33:19.577831+00:00","","","false","","",""
"1963","Locker 07 Tent Pegs-29","locker_misc","Green","2051-04-22","0","6843","IN","Locker 7 standard kit","Locker 07","","","2026-04-29T03:33:19.577831+00:00","","","false","","",""
"1964","Locker 07 Tent Pegs-30","locker_misc","Green","2051-04-22","0","6843","IN","Locker 7 standard kit","Locker 07","","","2026-04-29T03:33:19.577831+00:00","","","false","","",""
"1965","Locker 07 Tent Pegs-31","locker_misc","Green","2051-04-22","0","6843","IN","Locker 7 standard kit","Locker 07","","","2026-04-29T03:33:19.577831+00:00","","","false","","",""
"1966","Locker 07 Tent Pegs-32","locker_misc","Green","2051-04-22","0","6843","IN","Locker 7 standard kit","Locker 07","","","2026-04-29T03:33:19.577831+00:00","","","false","","",""
"1967","Locker 07 Tent Pegs-33","locker_misc","Green","2051-04-22","0","6843","IN","Locker 7 standard kit","Locker 07","","","2026-04-29T03:33:19.577831+00:00","","","false","","",""
"1968","Locker 07 Tent Pegs-34","locker_misc","Green","2051-04-22","0","6843","IN","Locker 7 standard kit","Locker 07","","","2026-04-29T03:33:19.577831+00:00","","","false","","",""
"1969","Locker 07 Tent Pegs-35","locker_misc","Green","2051-04-22","0","6843","IN","Locker 7 standard kit","Locker 07","","","2026-04-29T03:33:19.577831+00:00","","","false","","",""
"1970","Locker 07 Tent Pegs-36","locker_misc","Green","2051-04-22","0","6843","IN","Locker 7 standard kit","Locker 07","","","2026-04-29T03:33:19.577831+00:00","","","false","","",""
"1971","Locker 07 Tent Pegs-37","locker_misc","Green","2051-04-22","0","6843","IN","Locker 7 standard kit","Locker 07","","","2026-04-29T03:33:19.577831+00:00","","","false","","",""
"1972","Locker 07 Tent Pegs-38","locker_misc","Green","2051-04-22","0","6843","IN","Locker 7 standard kit","Locker 07","","","2026-04-29T03:33:19.577831+00:00","","","false","","",""
"1973","Locker 07 Tent Pegs-39","locker_misc","Green","2051-04-22","0","6843","IN","Locker 7 standard kit","Locker 07","","","2026-04-29T03:33:19.577831+00:00","","","false","","",""
"1974","Locker 07 Tent Pegs-40","locker_misc","Green","2051-04-22","0","6843","IN","Locker 7 standard kit","Locker 07","","","2026-04-29T03:33:19.577831+00:00","","","false","","",""
"1975","Locker 07 Tent Peg Bag-01","locker_misc","Green","2051-04-22","0","6843","IN","Locker 7 standard kit","Locker 07","","","2026-04-29T03:33:19.577831+00:00","","","false","","",""
"1976","Locker 07 Tent Peg Bag-02","locker_misc","Green","2051-04-22","0","6843","IN","Locker 7 standard kit","Locker 07","","","2026-04-29T03:33:19.577831+00:00","","","false","","",""
"1977","Locker 07 Whistle-01","locker_misc","Green","2051-04-22","0","6843","IN","Locker 7 standard kit","Locker 07","","","2026-04-29T03:33:19.577831+00:00","","","false","","",""
"1978","Locker 07 Whistle-02","locker_misc","Green","2051-04-22","0","6843","IN","Locker 7 standard kit","Locker 07","","","2026-04-29T03:33:19.577831+00:00","","","false","","",""
"1979","Locker 07 Large Spoon-01","locker_misc","Green","2051-04-22","0","6843","IN","Locker 7 standard kit","Locker 07","","","2026-04-29T03:33:19.577831+00:00","","","false","","",""
"1980","Locker 07 Large Spoon-02","locker_misc","Green","2051-04-22","0","6843","IN","Locker 7 standard kit","Locker 07","","","2026-04-29T03:33:19.577831+00:00","","","false","","",""
"1981","Locker 07 Large Pot + Lid-01","locker_misc","Green","2051-04-22","0","6843","IN","Locker 7 standard kit","Locker 07","","","2026-04-29T03:33:19.577831+00:00","","","false","","",""
"1982","Locker 07 Large Pot + Lid-02","locker_misc","Green","2051-04-22","0","6843","IN","Locker 7 standard kit","Locker 07","","","2026-04-29T03:33:19.577831+00:00","","","false","","",""
"1983","Locker 07 Trangia + Base","locker_misc","Green","2051-04-22","0","6843","IN","Locker 7 standard kit","Locker 07","","","2026-04-29T03:33:19.577831+00:00","","","false","","",""
"1984","Locker 07 Small Pot","locker_misc","Green","2051-04-22","0","6843","IN","Locker 7 standard kit","Locker 07","","","2026-04-29T03:33:19.577831+00:00","","","false","","",""
"1985","Locker 07 Can Opener-01","locker_misc","Green","2051-04-22","0","6843","IN","Locker 7 standard kit","Locker 07","","","2026-04-29T03:33:19.577831+00:00","","","false","","",""
"1986","Locker 07 Can Opener-02","locker_misc","Green","2051-04-22","0","6843","IN","Locker 7 standard kit","Locker 07","","","2026-04-29T03:33:19.577831+00:00","","","false","","",""
"1987","Locker 07 Biolite Stove","locker_misc","Green","2051-04-22","0","6843","IN","Locker 7 standard kit","Locker 07","","","2026-04-29T03:33:19.577831+00:00","","","false","","",""
"1988","Locker 08 Bush Rope","cord_tape","Green","2036-04-25","0","2737","IN","Locker 8 standard kit","Locker 08","","","2026-04-29T03:33:19.577831+00:00","","","false","","",""
"1989","Locker 08 Sling 120cm-01","locker_slings","Green","2036-04-25","0","2737","IN","Locker 8 standard kit","Locker 08","","","2026-04-29T03:33:19.577831+00:00","","","false","","",""
"1990","Locker 08 Sling 120cm-02","locker_slings","Green","2036-04-25","0","2737","IN","Locker 8 standard kit","Locker 08","","","2026-04-29T03:33:19.577831+00:00","","","false","","",""
"1991","Locker 08 Carabiner Alloy-01","locker_carabiners","Green","2036-04-25","0","2737","IN","Locker 8 standard kit","Locker 08","","","2026-04-29T03:33:19.577831+00:00","","","false","","",""
"1992","Locker 08 Carabiner Alloy-02","locker_carabiners","Green","2036-04-25","0","2737","IN","Locker 8 standard kit","Locker 08","","","2026-04-29T03:33:19.577831+00:00","","","false","","",""
"1993","Locker 08 Carabiner Alloy-03","locker_carabiners","Green","2036-04-25","0","2737","IN","Locker 8 standard kit","Locker 08","","","2026-04-29T03:33:19.577831+00:00","","","false","","",""
"1994","Locker 08 Carabiner Alloy-04","locker_carabiners","Green","2036-04-25","0","2737","IN","Locker 8 standard kit","Locker 08","","","2026-04-29T03:33:19.577831+00:00","","","false","","",""
"1995","Locker 08 Carabiner Alloy-05","locker_carabiners","Green","2036-04-25","0","2737","IN","Locker 8 standard kit","Locker 08","","","2026-04-29T03:33:19.577831+00:00","","","false","","",""
"1996","Locker 08 Carabiner Alloy-06","locker_carabiners","Green","2036-04-25","0","2737","IN","Locker 8 standard kit","Locker 08","","","2026-04-29T03:33:19.577831+00:00","","","false","","",""
"1997","Locker 08 Carabiner Steel","locker_carabiners","Green","2036-04-25","0","2737","IN","Locker 8 standard kit","Locker 08","","","2026-04-29T03:33:19.577831+00:00","","","false","","",""
"1998","Locker 08 Prusik Loop","locker_prusiks","Green","2036-04-25","0","2737","IN","Locker 8 standard kit","Locker 08","","","2026-04-29T03:33:19.577831+00:00","","","false","","",""
"1999","Locker 08 Dry Bag","locker_dry_bags","Green","2051-04-22","0","6843","IN","Locker 8 standard kit","Locker 08","","","2026-04-29T03:33:19.577831+00:00","","","false","","",""
"2000","Locker 08 Radio Dry Bag","locker_dry_bags","Green","2051-04-22","0","6843","IN","Locker 8 standard kit","Locker 08","","","2026-04-29T03:33:19.577831+00:00","","","false","","",""
"2001","Locker 08 Emergency Shelter","locker_shelter","Green","2036-04-25","0","2737","IN","Locker 8 standard kit","Locker 08","","","2026-04-29T03:33:19.577831+00:00","","","false","","",""
"2002","Locker 08 Emergency Roll Mat","locker_misc","Green","2051-04-22","0","6843","IN","Locker 8 standard kit","Locker 08","","","2026-04-29T03:33:19.577831+00:00","","","false","","",""
"2003","Locker 08 Thermos-01","locker_misc","Green","2051-04-22","0","6843","IN","Locker 8 standard kit","Locker 08","","","2026-04-29T03:33:19.577831+00:00","","","false","","",""
"2004","Locker 08 Thermos-02","locker_misc","Green","2051-04-22","0","6843","IN","Locker 8 standard kit","Locker 08","","","2026-04-29T03:33:19.577831+00:00","","","false","","",""
"2005","Locker 08 Cups-01","locker_misc","Green","2051-04-22","0","6843","IN","Locker 8 standard kit","Locker 08","","","2026-04-29T03:33:19.577831+00:00","","","false","","",""
"2006","Locker 08 Cups-02","locker_misc","Green","2051-04-22","0","6843","IN","Locker 8 standard kit","Locker 08","","","2026-04-29T03:33:19.577831+00:00","","","false","","",""
"2007","Locker 08 Compass-01","locker_misc","Green","2051-04-22","0","6843","IN","Locker 8 standard kit","Locker 08","","","2026-04-29T03:33:19.577831+00:00","","","false","","",""
"2008","Locker 08 Compass-02","locker_misc","Green","2051-04-22","0","6843","IN","Locker 8 standard kit","Locker 08","","","2026-04-29T03:33:19.577831+00:00","","","false","","",""
"2009","Locker 08 Head Torch-01","locker_misc","Green","2051-04-22","0","6843","IN","Locker 8 standard kit","Locker 08","","","2026-04-29T03:33:19.577831+00:00","","","false","","",""
"2010","Locker 08 Head Torch-02","locker_misc","Green","2051-04-22","0","6843","IN","Locker 8 standard kit","Locker 08","","","2026-04-29T03:33:19.577831+00:00","","","false","","",""
"2011","Locker 08 Sunglasses-01","locker_misc","Green","2051-04-22","0","6843","IN","Locker 8 standard kit","Locker 08","","","2026-04-29T03:33:19.577831+00:00","","","false","","",""
"2012","Locker 08 Sunglasses-02","locker_misc","Green","2051-04-22","0","6843","IN","Locker 8 standard kit","Locker 08","","","2026-04-29T03:33:19.577831+00:00","","","false","","",""
"2013","Locker 08 Sunglasses-03","locker_misc","Green","2051-04-22","0","6843","IN","Locker 8 standard kit","Locker 08","","","2026-04-29T03:33:19.577831+00:00","","","false","","",""
"2014","Locker 08 Sunglasses-04","locker_misc","Green","2051-04-22","0","6843","IN","Locker 8 standard kit","Locker 08","","","2026-04-29T03:33:19.577831+00:00","","","false","","",""
"2015","Locker 08 Sunglasses-05","locker_misc","Green","2051-04-22","0","6843","IN","Locker 8 standard kit","Locker 08","","","2026-04-29T03:33:19.577831+00:00","","","false","","",""
"2016","Locker 08 Sunglasses-06","locker_misc","Green","2051-04-22","0","6843","IN","Locker 8 standard kit","Locker 08","","","2026-04-29T03:33:19.577831+00:00","","","false","","",""
"2017","Locker 08 Sunglasses-07","locker_misc","Green","2051-04-22","0","6843","IN","Locker 8 standard kit","Locker 08","","","2026-04-29T03:33:19.577831+00:00","","","false","","",""
"2018","Locker 08 Sunglasses-08","locker_misc","Green","2051-04-22","0","6843","IN","Locker 8 standard kit","Locker 08","","","2026-04-29T03:33:19.577831+00:00","","","false","","",""
"2019","Locker 08 Sunglasses-09","locker_misc","Green","2051-04-22","0","6843","IN","Locker 8 standard kit","Locker 08","","","2026-04-29T03:33:19.577831+00:00","","","false","","",""
"2020","Locker 08 Sunglasses-10","locker_misc","Green","2051-04-22","0","6843","IN","Locker 8 standard kit","Locker 08","","","2026-04-29T03:33:19.577831+00:00","","","false","","",""
"2021","Locker 08 Sunglasses-11","locker_misc","Green","2051-04-22","0","6843","IN","Locker 8 standard kit","Locker 08","","","2026-04-29T03:33:19.577831+00:00","","","false","","",""
"2022","Locker 08 Sunglasses-12","locker_misc","Green","2051-04-22","0","6843","IN","Locker 8 standard kit","Locker 08","","","2026-04-29T03:33:19.577831+00:00","","","false","","",""
"2023","Locker 08 Tent Pegs-01","locker_misc","Green","2051-04-22","0","6843","IN","Locker 8 standard kit","Locker 08","","","2026-04-29T03:33:19.577831+00:00","","","false","","",""
"2024","Locker 08 Tent Pegs-02","locker_misc","Green","2051-04-22","0","6843","IN","Locker 8 standard kit","Locker 08","","","2026-04-29T03:33:19.577831+00:00","","","false","","",""
"2025","Locker 08 Tent Pegs-03","locker_misc","Green","2051-04-22","0","6843","IN","Locker 8 standard kit","Locker 08","","","2026-04-29T03:33:19.577831+00:00","","","false","","",""
"2026","Locker 08 Tent Pegs-04","locker_misc","Green","2051-04-22","0","6843","IN","Locker 8 standard kit","Locker 08","","","2026-04-29T03:33:19.577831+00:00","","","false","","",""
"2027","Locker 08 Tent Pegs-05","locker_misc","Green","2051-04-22","0","6843","IN","Locker 8 standard kit","Locker 08","","","2026-04-29T03:33:19.577831+00:00","","","false","","",""
"2028","Locker 08 Tent Pegs-06","locker_misc","Green","2051-04-22","0","6843","IN","Locker 8 standard kit","Locker 08","","","2026-04-29T03:33:19.577831+00:00","","","false","","",""
"2029","Locker 08 Tent Pegs-07","locker_misc","Green","2051-04-22","0","6843","IN","Locker 8 standard kit","Locker 08","","","2026-04-29T03:33:19.577831+00:00","","","false","","",""
"2030","Locker 08 Tent Pegs-08","locker_misc","Green","2051-04-22","0","6843","IN","Locker 8 standard kit","Locker 08","","","2026-04-29T03:33:19.577831+00:00","","","false","","",""
"2031","Locker 08 Tent Pegs-09","locker_misc","Green","2051-04-22","0","6843","IN","Locker 8 standard kit","Locker 08","","","2026-04-29T03:33:19.577831+00:00","","","false","","",""
"2032","Locker 08 Tent Pegs-10","locker_misc","Green","2051-04-22","0","6843","IN","Locker 8 standard kit","Locker 08","","","2026-04-29T03:33:19.577831+00:00","","","false","","",""
"2033","Locker 08 Tent Pegs-11","locker_misc","Green","2051-04-22","0","6843","IN","Locker 8 standard kit","Locker 08","","","2026-04-29T03:33:19.577831+00:00","","","false","","",""
"2034","Locker 08 Tent Pegs-12","locker_misc","Green","2051-04-22","0","6843","IN","Locker 8 standard kit","Locker 08","","","2026-04-29T03:33:19.577831+00:00","","","false","","",""
"2035","Locker 08 Tent Pegs-13","locker_misc","Green","2051-04-22","0","6843","IN","Locker 8 standard kit","Locker 08","","","2026-04-29T03:33:19.577831+00:00","","","false","","",""
"2036","Locker 08 Tent Pegs-14","locker_misc","Green","2051-04-22","0","6843","IN","Locker 8 standard kit","Locker 08","","","2026-04-29T03:33:19.577831+00:00","","","false","","",""
"2037","Locker 08 Tent Pegs-15","locker_misc","Green","2051-04-22","0","6843","IN","Locker 8 standard kit","Locker 08","","","2026-04-29T03:33:19.577831+00:00","","","false","","",""
"2038","Locker 08 Tent Pegs-16","locker_misc","Green","2051-04-22","0","6843","IN","Locker 8 standard kit","Locker 08","","","2026-04-29T03:33:19.577831+00:00","","","false","","",""
"2039","Locker 08 Tent Pegs-17","locker_misc","Green","2051-04-22","0","6843","IN","Locker 8 standard kit","Locker 08","","","2026-04-29T03:33:19.577831+00:00","","","false","","",""
"2040","Locker 08 Tent Pegs-18","locker_misc","Green","2051-04-22","0","6843","IN","Locker 8 standard kit","Locker 08","","","2026-04-29T03:33:19.577831+00:00","","","false","","",""
"2041","Locker 08 Tent Pegs-19","locker_misc","Green","2051-04-22","0","6843","IN","Locker 8 standard kit","Locker 08","","","2026-04-29T03:33:19.577831+00:00","","","false","","",""
"2042","Locker 08 Tent Pegs-20","locker_misc","Green","2051-04-22","0","6843","IN","Locker 8 standard kit","Locker 08","","","2026-04-29T03:33:19.577831+00:00","","","false","","",""
"2043","Locker 08 Tent Pegs-21","locker_misc","Green","2051-04-22","0","6843","IN","Locker 8 standard kit","Locker 08","","","2026-04-29T03:33:19.577831+00:00","","","false","","",""
"2044","Locker 08 Tent Pegs-22","locker_misc","Green","2051-04-22","0","6843","IN","Locker 8 standard kit","Locker 08","","","2026-04-29T03:33:19.577831+00:00","","","false","","",""
"2045","Locker 08 Tent Pegs-23","locker_misc","Green","2051-04-22","0","6843","IN","Locker 8 standard kit","Locker 08","","","2026-04-29T03:33:19.577831+00:00","","","false","","",""
"2046","Locker 08 Tent Pegs-24","locker_misc","Green","2051-04-22","0","6843","IN","Locker 8 standard kit","Locker 08","","","2026-04-29T03:33:19.577831+00:00","","","false","","",""
"2047","Locker 08 Tent Pegs-25","locker_misc","Green","2051-04-22","0","6843","IN","Locker 8 standard kit","Locker 08","","","2026-04-29T03:33:19.577831+00:00","","","false","","",""
"2048","Locker 08 Tent Pegs-26","locker_misc","Green","2051-04-22","0","6843","IN","Locker 8 standard kit","Locker 08","","","2026-04-29T03:33:19.577831+00:00","","","false","","",""
"2049","Locker 08 Tent Pegs-27","locker_misc","Green","2051-04-22","0","6843","IN","Locker 8 standard kit","Locker 08","","","2026-04-29T03:33:19.577831+00:00","","","false","","",""
"2050","Locker 08 Tent Pegs-28","locker_misc","Green","2051-04-22","0","6843","IN","Locker 8 standard kit","Locker 08","","","2026-04-29T03:33:19.577831+00:00","","","false","","",""
"2051","Locker 08 Tent Pegs-29","locker_misc","Green","2051-04-22","0","6843","IN","Locker 8 standard kit","Locker 08","","","2026-04-29T03:33:19.577831+00:00","","","false","","",""
"2052","Locker 08 Tent Pegs-30","locker_misc","Green","2051-04-22","0","6843","IN","Locker 8 standard kit","Locker 08","","","2026-04-29T03:33:19.577831+00:00","","","false","","",""
"2053","Locker 08 Tent Pegs-31","locker_misc","Green","2051-04-22","0","6843","IN","Locker 8 standard kit","Locker 08","","","2026-04-29T03:33:19.577831+00:00","","","false","","",""
"2054","Locker 08 Tent Pegs-32","locker_misc","Green","2051-04-22","0","6843","IN","Locker 8 standard kit","Locker 08","","","2026-04-29T03:33:19.577831+00:00","","","false","","",""
"2055","Locker 08 Tent Pegs-33","locker_misc","Green","2051-04-22","0","6843","IN","Locker 8 standard kit","Locker 08","","","2026-04-29T03:33:19.577831+00:00","","","false","","",""
"2056","Locker 08 Tent Pegs-34","locker_misc","Green","2051-04-22","0","6843","IN","Locker 8 standard kit","Locker 08","","","2026-04-29T03:33:19.577831+00:00","","","false","","",""
"2057","Locker 08 Tent Pegs-35","locker_misc","Green","2051-04-22","0","6843","IN","Locker 8 standard kit","Locker 08","","","2026-04-29T03:33:19.577831+00:00","","","false","","",""
"2058","Locker 08 Tent Pegs-36","locker_misc","Green","2051-04-22","0","6843","IN","Locker 8 standard kit","Locker 08","","","2026-04-29T03:33:19.577831+00:00","","","false","","",""
"2059","Locker 08 Tent Pegs-37","locker_misc","Green","2051-04-22","0","6843","IN","Locker 8 standard kit","Locker 08","","","2026-04-29T03:33:19.577831+00:00","","","false","","",""
"2060","Locker 08 Tent Pegs-38","locker_misc","Green","2051-04-22","0","6843","IN","Locker 8 standard kit","Locker 08","","","2026-04-29T03:33:19.577831+00:00","","","false","","",""
"2061","Locker 08 Tent Pegs-39","locker_misc","Green","2051-04-22","0","6843","IN","Locker 8 standard kit","Locker 08","","","2026-04-29T03:33:19.577831+00:00","","","false","","",""
"2062","Locker 08 Tent Pegs-40","locker_misc","Green","2051-04-22","0","6843","IN","Locker 8 standard kit","Locker 08","","","2026-04-29T03:33:19.577831+00:00","","","false","","",""
"2063","Locker 08 Tent Peg Bag-01","locker_misc","Green","2051-04-22","0","6843","IN","Locker 8 standard kit","Locker 08","","","2026-04-29T03:33:19.577831+00:00","","","false","","",""
"2064","Locker 08 Tent Peg Bag-02","locker_misc","Green","2051-04-22","0","6843","IN","Locker 8 standard kit","Locker 08","","","2026-04-29T03:33:19.577831+00:00","","","false","","",""
"2065","Locker 08 Whistle-01","locker_misc","Green","2051-04-22","0","6843","IN","Locker 8 standard kit","Locker 08","","","2026-04-29T03:33:19.577831+00:00","","","false","","",""
"2066","Locker 08 Whistle-02","locker_misc","Green","2051-04-22","0","6843","IN","Locker 8 standard kit","Locker 08","","","2026-04-29T03:33:19.577831+00:00","","","false","","",""
"2067","Locker 08 Large Spoon-01","locker_misc","Green","2051-04-22","0","6843","IN","Locker 8 standard kit","Locker 08","","","2026-04-29T03:33:19.577831+00:00","","","false","","",""
"2068","Locker 08 Large Spoon-02","locker_misc","Green","2051-04-22","0","6843","IN","Locker 8 standard kit","Locker 08","","","2026-04-29T03:33:19.577831+00:00","","","false","","",""
"2069","Locker 08 Large Pot + Lid-01","locker_misc","Green","2051-04-22","0","6843","IN","Locker 8 standard kit","Locker 08","","","2026-04-29T03:33:19.577831+00:00","","","false","","",""
"2070","Locker 08 Large Pot + Lid-02","locker_misc","Green","2051-04-22","0","6843","IN","Locker 8 standard kit","Locker 08","","","2026-04-29T03:33:19.577831+00:00","","","false","","",""
"2071","Locker 08 Trangia + Base","locker_misc","Green","2051-04-22","0","6843","IN","Locker 8 standard kit","Locker 08","","","2026-04-29T03:33:19.577831+00:00","","","false","","",""
"2072","Locker 08 Small Pot","locker_misc","Green","2051-04-22","0","6843","IN","Locker 8 standard kit","Locker 08","","","2026-04-29T03:33:19.577831+00:00","","","false","","",""
"2073","Locker 08 Can Opener-01","locker_misc","Green","2051-04-22","0","6843","IN","Locker 8 standard kit","Locker 08","","","2026-04-29T03:33:19.577831+00:00","","","false","","",""
"2074","Locker 08 Can Opener-02","locker_misc","Green","2051-04-22","0","6843","IN","Locker 8 standard kit","Locker 08","","","2026-04-29T03:33:19.577831+00:00","","","false","","",""
"2075","Locker 08 Biolite Stove","locker_misc","Green","2051-04-22","0","6843","IN","Locker 8 standard kit","Locker 08","","","2026-04-29T03:33:19.577831+00:00","","","false","","",""
"2076","Locker 09 Bush Rope","cord_tape","Green","2036-04-25","0","2737","IN","Locker 9 standard kit","Locker 09","","","2026-04-29T03:33:19.577831+00:00","","","false","","",""
"2077","Locker 09 Sling 120cm-01","locker_slings","Green","2036-04-25","0","2737","IN","Locker 9 standard kit","Locker 09","","","2026-04-29T03:33:19.577831+00:00","","","false","","",""
"2078","Locker 09 Sling 120cm-02","locker_slings","Green","2036-04-25","0","2737","IN","Locker 9 standard kit","Locker 09","","","2026-04-29T03:33:19.577831+00:00","","","false","","",""
"2079","Locker 09 Carabiner Alloy-01","locker_carabiners","Green","2036-04-25","0","2737","IN","Locker 9 standard kit","Locker 09","","","2026-04-29T03:33:19.577831+00:00","","","false","","",""
"2080","Locker 09 Carabiner Alloy-02","locker_carabiners","Green","2036-04-25","0","2737","IN","Locker 9 standard kit","Locker 09","","","2026-04-29T03:33:19.577831+00:00","","","false","","",""
"2081","Locker 09 Carabiner Alloy-03","locker_carabiners","Green","2036-04-25","0","2737","IN","Locker 9 standard kit","Locker 09","","","2026-04-29T03:33:19.577831+00:00","","","false","","",""
"2082","Locker 09 Carabiner Alloy-04","locker_carabiners","Green","2036-04-25","0","2737","IN","Locker 9 standard kit","Locker 09","","","2026-04-29T03:33:19.577831+00:00","","","false","","",""
"2083","Locker 09 Carabiner Alloy-05","locker_carabiners","Green","2036-04-25","0","2737","IN","Locker 9 standard kit","Locker 09","","","2026-04-29T03:33:19.577831+00:00","","","false","","",""
"2084","Locker 09 Carabiner Alloy-06","locker_carabiners","Green","2036-04-25","0","2737","IN","Locker 9 standard kit","Locker 09","","","2026-04-29T03:33:19.577831+00:00","","","false","","",""
"2085","Locker 09 Carabiner Steel","locker_carabiners","Green","2036-04-25","0","2737","IN","Locker 9 standard kit","Locker 09","","","2026-04-29T03:33:19.577831+00:00","","","false","","",""
"2086","Locker 09 Prusik Loop","locker_prusiks","Green","2036-04-25","0","2737","IN","Locker 9 standard kit","Locker 09","","","2026-04-29T03:33:19.577831+00:00","","","false","","",""
"2087","Locker 09 Dry Bag","locker_dry_bags","Green","2051-04-22","0","6843","IN","Locker 9 standard kit","Locker 09","","","2026-04-29T03:33:19.577831+00:00","","","false","","",""
"2088","Locker 09 Radio Dry Bag","locker_dry_bags","Green","2051-04-22","0","6843","IN","Locker 9 standard kit","Locker 09","","","2026-04-29T03:33:19.577831+00:00","","","false","","",""
"2089","Locker 09 Emergency Shelter","locker_shelter","Green","2036-04-25","0","2737","IN","Locker 9 standard kit","Locker 09","","","2026-04-29T03:33:19.577831+00:00","","","false","","",""
"2090","Locker 09 Emergency Roll Mat","locker_misc","Green","2051-04-22","0","6843","IN","Locker 9 standard kit","Locker 09","","","2026-04-29T03:33:19.577831+00:00","","","false","","",""
"2091","Locker 09 Thermos-01","locker_misc","Green","2051-04-22","0","6843","IN","Locker 9 standard kit","Locker 09","","","2026-04-29T03:33:19.577831+00:00","","","false","","",""
"2092","Locker 09 Thermos-02","locker_misc","Green","2051-04-22","0","6843","IN","Locker 9 standard kit","Locker 09","","","2026-04-29T03:33:19.577831+00:00","","","false","","",""
"2093","Locker 09 Cups-01","locker_misc","Green","2051-04-22","0","6843","IN","Locker 9 standard kit","Locker 09","","","2026-04-29T03:33:19.577831+00:00","","","false","","",""
"2094","Locker 09 Cups-02","locker_misc","Green","2051-04-22","0","6843","IN","Locker 9 standard kit","Locker 09","","","2026-04-29T03:33:19.577831+00:00","","","false","","",""
"2095","Locker 09 Compass-01","locker_misc","Green","2051-04-22","0","6843","IN","Locker 9 standard kit","Locker 09","","","2026-04-29T03:33:19.577831+00:00","","","false","","",""
"2096","Locker 09 Compass-02","locker_misc","Green","2051-04-22","0","6843","IN","Locker 9 standard kit","Locker 09","","","2026-04-29T03:33:19.577831+00:00","","","false","","",""
"2097","Locker 09 Head Torch-01","locker_misc","Green","2051-04-22","0","6843","IN","Locker 9 standard kit","Locker 09","","","2026-04-29T03:33:19.577831+00:00","","","false","","",""
"2098","Locker 09 Head Torch-02","locker_misc","Green","2051-04-22","0","6843","IN","Locker 9 standard kit","Locker 09","","","2026-04-29T03:33:19.577831+00:00","","","false","","",""
"2099","Locker 09 Sunglasses-01","locker_misc","Green","2051-04-22","0","6843","IN","Locker 9 standard kit","Locker 09","","","2026-04-29T03:33:19.577831+00:00","","","false","","",""
"2100","Locker 09 Sunglasses-02","locker_misc","Green","2051-04-22","0","6843","IN","Locker 9 standard kit","Locker 09","","","2026-04-29T03:33:19.577831+00:00","","","false","","",""
"2101","Locker 09 Sunglasses-03","locker_misc","Green","2051-04-22","0","6843","IN","Locker 9 standard kit","Locker 09","","","2026-04-29T03:33:19.577831+00:00","","","false","","",""
"2102","Locker 09 Sunglasses-04","locker_misc","Green","2051-04-22","0","6843","IN","Locker 9 standard kit","Locker 09","","","2026-04-29T03:33:19.577831+00:00","","","false","","",""
"2103","Locker 09 Sunglasses-05","locker_misc","Green","2051-04-22","0","6843","IN","Locker 9 standard kit","Locker 09","","","2026-04-29T03:33:19.577831+00:00","","","false","","",""
"2104","Locker 09 Sunglasses-06","locker_misc","Green","2051-04-22","0","6843","IN","Locker 9 standard kit","Locker 09","","","2026-04-29T03:33:19.577831+00:00","","","false","","",""
"2105","Locker 09 Sunglasses-07","locker_misc","Green","2051-04-22","0","6843","IN","Locker 9 standard kit","Locker 09","","","2026-04-29T03:33:19.577831+00:00","","","false","","",""
"2106","Locker 09 Sunglasses-08","locker_misc","Green","2051-04-22","0","6843","IN","Locker 9 standard kit","Locker 09","","","2026-04-29T03:33:19.577831+00:00","","","false","","",""
"2107","Locker 09 Sunglasses-09","locker_misc","Green","2051-04-22","0","6843","IN","Locker 9 standard kit","Locker 09","","","2026-04-29T03:33:19.577831+00:00","","","false","","",""
"2108","Locker 09 Sunglasses-10","locker_misc","Green","2051-04-22","0","6843","IN","Locker 9 standard kit","Locker 09","","","2026-04-29T03:33:19.577831+00:00","","","false","","",""
"2109","Locker 09 Sunglasses-11","locker_misc","Green","2051-04-22","0","6843","IN","Locker 9 standard kit","Locker 09","","","2026-04-29T03:33:19.577831+00:00","","","false","","",""
"2110","Locker 09 Sunglasses-12","locker_misc","Green","2051-04-22","0","6843","IN","Locker 9 standard kit","Locker 09","","","2026-04-29T03:33:19.577831+00:00","","","false","","",""
"2111","Locker 09 Tent Pegs-01","locker_misc","Green","2051-04-22","0","6843","IN","Locker 9 standard kit","Locker 09","","","2026-04-29T03:33:19.577831+00:00","","","false","","",""
"2112","Locker 09 Tent Pegs-02","locker_misc","Green","2051-04-22","0","6843","IN","Locker 9 standard kit","Locker 09","","","2026-04-29T03:33:19.577831+00:00","","","false","","",""
"2113","Locker 09 Tent Pegs-03","locker_misc","Green","2051-04-22","0","6843","IN","Locker 9 standard kit","Locker 09","","","2026-04-29T03:33:19.577831+00:00","","","false","","",""
"2114","Locker 09 Tent Pegs-04","locker_misc","Green","2051-04-22","0","6843","IN","Locker 9 standard kit","Locker 09","","","2026-04-29T03:33:19.577831+00:00","","","false","","",""
"2115","Locker 09 Tent Pegs-05","locker_misc","Green","2051-04-22","0","6843","IN","Locker 9 standard kit","Locker 09","","","2026-04-29T03:33:19.577831+00:00","","","false","","",""
"2116","Locker 09 Tent Pegs-06","locker_misc","Green","2051-04-22","0","6843","IN","Locker 9 standard kit","Locker 09","","","2026-04-29T03:33:19.577831+00:00","","","false","","",""
"2117","Locker 09 Tent Pegs-07","locker_misc","Green","2051-04-22","0","6843","IN","Locker 9 standard kit","Locker 09","","","2026-04-29T03:33:19.577831+00:00","","","false","","",""
"2118","Locker 09 Tent Pegs-08","locker_misc","Green","2051-04-22","0","6843","IN","Locker 9 standard kit","Locker 09","","","2026-04-29T03:33:19.577831+00:00","","","false","","",""
"2119","Locker 09 Tent Pegs-09","locker_misc","Green","2051-04-22","0","6843","IN","Locker 9 standard kit","Locker 09","","","2026-04-29T03:33:19.577831+00:00","","","false","","",""
"2120","Locker 09 Tent Pegs-10","locker_misc","Green","2051-04-22","0","6843","IN","Locker 9 standard kit","Locker 09","","","2026-04-29T03:33:19.577831+00:00","","","false","","",""
"2121","Locker 09 Tent Pegs-11","locker_misc","Green","2051-04-22","0","6843","IN","Locker 9 standard kit","Locker 09","","","2026-04-29T03:33:19.577831+00:00","","","false","","",""
"2122","Locker 09 Tent Pegs-12","locker_misc","Green","2051-04-22","0","6843","IN","Locker 9 standard kit","Locker 09","","","2026-04-29T03:33:19.577831+00:00","","","false","","",""
"2123","Locker 09 Tent Pegs-13","locker_misc","Green","2051-04-22","0","6843","IN","Locker 9 standard kit","Locker 09","","","2026-04-29T03:33:19.577831+00:00","","","false","","",""
"2124","Locker 09 Tent Pegs-14","locker_misc","Green","2051-04-22","0","6843","IN","Locker 9 standard kit","Locker 09","","","2026-04-29T03:33:19.577831+00:00","","","false","","",""
"2125","Locker 09 Tent Pegs-15","locker_misc","Green","2051-04-22","0","6843","IN","Locker 9 standard kit","Locker 09","","","2026-04-29T03:33:19.577831+00:00","","","false","","",""
"2126","Locker 09 Tent Pegs-16","locker_misc","Green","2051-04-22","0","6843","IN","Locker 9 standard kit","Locker 09","","","2026-04-29T03:33:19.577831+00:00","","","false","","",""
"2127","Locker 09 Tent Pegs-17","locker_misc","Green","2051-04-22","0","6843","IN","Locker 9 standard kit","Locker 09","","","2026-04-29T03:33:19.577831+00:00","","","false","","",""
"2128","Locker 09 Tent Pegs-18","locker_misc","Green","2051-04-22","0","6843","IN","Locker 9 standard kit","Locker 09","","","2026-04-29T03:33:19.577831+00:00","","","false","","",""
"2129","Locker 09 Tent Pegs-19","locker_misc","Green","2051-04-22","0","6843","IN","Locker 9 standard kit","Locker 09","","","2026-04-29T03:33:19.577831+00:00","","","false","","",""
"2130","Locker 09 Tent Pegs-20","locker_misc","Green","2051-04-22","0","6843","IN","Locker 9 standard kit","Locker 09","","","2026-04-29T03:33:19.577831+00:00","","","false","","",""
"2131","Locker 09 Tent Pegs-21","locker_misc","Green","2051-04-22","0","6843","IN","Locker 9 standard kit","Locker 09","","","2026-04-29T03:33:19.577831+00:00","","","false","","",""
"2132","Locker 09 Tent Pegs-22","locker_misc","Green","2051-04-22","0","6843","IN","Locker 9 standard kit","Locker 09","","","2026-04-29T03:33:19.577831+00:00","","","false","","",""
"2133","Locker 09 Tent Pegs-23","locker_misc","Green","2051-04-22","0","6843","IN","Locker 9 standard kit","Locker 09","","","2026-04-29T03:33:19.577831+00:00","","","false","","",""
"2134","Locker 09 Tent Pegs-24","locker_misc","Green","2051-04-22","0","6843","IN","Locker 9 standard kit","Locker 09","","","2026-04-29T03:33:19.577831+00:00","","","false","","",""
"2135","Locker 09 Tent Pegs-25","locker_misc","Green","2051-04-22","0","6843","IN","Locker 9 standard kit","Locker 09","","","2026-04-29T03:33:19.577831+00:00","","","false","","",""
"2136","Locker 09 Tent Pegs-26","locker_misc","Green","2051-04-22","0","6843","IN","Locker 9 standard kit","Locker 09","","","2026-04-29T03:33:19.577831+00:00","","","false","","",""
"2137","Locker 09 Tent Pegs-27","locker_misc","Green","2051-04-22","0","6843","IN","Locker 9 standard kit","Locker 09","","","2026-04-29T03:33:19.577831+00:00","","","false","","",""
"2138","Locker 09 Tent Pegs-28","locker_misc","Green","2051-04-22","0","6843","IN","Locker 9 standard kit","Locker 09","","","2026-04-29T03:33:19.577831+00:00","","","false","","",""
"2139","Locker 09 Tent Pegs-29","locker_misc","Green","2051-04-22","0","6843","IN","Locker 9 standard kit","Locker 09","","","2026-04-29T03:33:19.577831+00:00","","","false","","",""
"2140","Locker 09 Tent Pegs-30","locker_misc","Green","2051-04-22","0","6843","IN","Locker 9 standard kit","Locker 09","","","2026-04-29T03:33:19.577831+00:00","","","false","","",""
"2141","Locker 09 Tent Pegs-31","locker_misc","Green","2051-04-22","0","6843","IN","Locker 9 standard kit","Locker 09","","","2026-04-29T03:33:19.577831+00:00","","","false","","",""
"2142","Locker 09 Tent Pegs-32","locker_misc","Green","2051-04-22","0","6843","IN","Locker 9 standard kit","Locker 09","","","2026-04-29T03:33:19.577831+00:00","","","false","","",""
"2143","Locker 09 Tent Pegs-33","locker_misc","Green","2051-04-22","0","6843","IN","Locker 9 standard kit","Locker 09","","","2026-04-29T03:33:19.577831+00:00","","","false","","",""
"2144","Locker 09 Tent Pegs-34","locker_misc","Green","2051-04-22","0","6843","IN","Locker 9 standard kit","Locker 09","","","2026-04-29T03:33:19.577831+00:00","","","false","","",""
"2145","Locker 09 Tent Pegs-35","locker_misc","Green","2051-04-22","0","6843","IN","Locker 9 standard kit","Locker 09","","","2026-04-29T03:33:19.577831+00:00","","","false","","",""
"2146","Locker 09 Tent Pegs-36","locker_misc","Green","2051-04-22","0","6843","IN","Locker 9 standard kit","Locker 09","","","2026-04-29T03:33:19.577831+00:00","","","false","","",""
"2147","Locker 09 Tent Pegs-37","locker_misc","Green","2051-04-22","0","6843","IN","Locker 9 standard kit","Locker 09","","","2026-04-29T03:33:19.577831+00:00","","","false","","",""
"2148","Locker 09 Tent Pegs-38","locker_misc","Green","2051-04-22","0","6843","IN","Locker 9 standard kit","Locker 09","","","2026-04-29T03:33:19.577831+00:00","","","false","","",""
"2149","Locker 09 Tent Pegs-39","locker_misc","Green","2051-04-22","0","6843","IN","Locker 9 standard kit","Locker 09","","","2026-04-29T03:33:19.577831+00:00","","","false","","",""
"2150","Locker 09 Tent Pegs-40","locker_misc","Green","2051-04-22","0","6843","IN","Locker 9 standard kit","Locker 09","","","2026-04-29T03:33:19.577831+00:00","","","false","","",""
"2151","Locker 09 Tent Peg Bag-01","locker_misc","Green","2051-04-22","0","6843","IN","Locker 9 standard kit","Locker 09","","","2026-04-29T03:33:19.577831+00:00","","","false","","",""
"2152","Locker 09 Tent Peg Bag-02","locker_misc","Green","2051-04-22","0","6843","IN","Locker 9 standard kit","Locker 09","","","2026-04-29T03:33:19.577831+00:00","","","false","","",""
"2153","Locker 09 Whistle-01","locker_misc","Green","2051-04-22","0","6843","IN","Locker 9 standard kit","Locker 09","","","2026-04-29T03:33:19.577831+00:00","","","false","","",""
"2154","Locker 09 Whistle-02","locker_misc","Green","2051-04-22","0","6843","IN","Locker 9 standard kit","Locker 09","","","2026-04-29T03:33:19.577831+00:00","","","false","","",""
"2155","Locker 09 Large Spoon-01","locker_misc","Green","2051-04-22","0","6843","IN","Locker 9 standard kit","Locker 09","","","2026-04-29T03:33:19.577831+00:00","","","false","","",""
"2156","Locker 09 Large Spoon-02","locker_misc","Green","2051-04-22","0","6843","IN","Locker 9 standard kit","Locker 09","","","2026-04-29T03:33:19.577831+00:00","","","false","","",""
"2157","Locker 09 Large Pot + Lid-01","locker_misc","Green","2051-04-22","0","6843","IN","Locker 9 standard kit","Locker 09","","","2026-04-29T03:33:19.577831+00:00","","","false","","",""
"2158","Locker 09 Large Pot + Lid-02","locker_misc","Green","2051-04-22","0","6843","IN","Locker 9 standard kit","Locker 09","","","2026-04-29T03:33:19.577831+00:00","","","false","","",""
"2159","Locker 09 Trangia + Base","locker_misc","Green","2051-04-22","0","6843","IN","Locker 9 standard kit","Locker 09","","","2026-04-29T03:33:19.577831+00:00","","","false","","",""
"2160","Locker 09 Small Pot","locker_misc","Green","2051-04-22","0","6843","IN","Locker 9 standard kit","Locker 09","","","2026-04-29T03:33:19.577831+00:00","","","false","","",""
"2161","Locker 09 Can Opener-01","locker_misc","Green","2051-04-22","0","6843","IN","Locker 9 standard kit","Locker 09","","","2026-04-29T03:33:19.577831+00:00","","","false","","",""
"2162","Locker 09 Can Opener-02","locker_misc","Green","2051-04-22","0","6843","IN","Locker 9 standard kit","Locker 09","","","2026-04-29T03:33:19.577831+00:00","","","false","","",""
"2163","Locker 09 Biolite Stove","locker_misc","Green","2051-04-22","0","6843","IN","Locker 9 standard kit","Locker 09","","","2026-04-29T03:33:19.577831+00:00","","","false","","",""
"2164","Locker 10 Bush Rope","cord_tape","Green","2036-04-25","0","2737","IN","Locker 10 standard kit","Locker 10","","","2026-04-29T03:33:19.577831+00:00","","","false","","",""
"2165","Locker 10 Sling 120cm-01","locker_slings","Green","2036-04-25","0","2737","IN","Locker 10 standard kit","Locker 10","","","2026-04-29T03:33:19.577831+00:00","","","false","","",""
"2166","Locker 10 Sling 120cm-02","locker_slings","Green","2036-04-25","0","2737","IN","Locker 10 standard kit","Locker 10","","","2026-04-29T03:33:19.577831+00:00","","","false","","",""
"2167","Locker 10 Carabiner Alloy-01","locker_carabiners","Green","2036-04-25","0","2737","IN","Locker 10 standard kit","Locker 10","","","2026-04-29T03:33:19.577831+00:00","","","false","","",""
"839","Climbing room LS01 50m","dynamic_ropes","Green","2028-10-01","11","1368","OUT","","Climbing Room","","","2026-04-29T03:33:18.042269+00:00","LS1","","false","","",""
"2168","Locker 10 Carabiner Alloy-02","locker_carabiners","Green","2036-04-25","0","2737","IN","Locker 10 standard kit","Locker 10","","","2026-04-29T03:33:19.577831+00:00","","","false","","",""
"2169","Locker 10 Carabiner Alloy-03","locker_carabiners","Green","2036-04-25","0","2737","IN","Locker 10 standard kit","Locker 10","","","2026-04-29T03:33:19.577831+00:00","","","false","","",""
"2170","Locker 10 Carabiner Alloy-04","locker_carabiners","Green","2036-04-25","0","2737","IN","Locker 10 standard kit","Locker 10","","","2026-04-29T03:33:19.577831+00:00","","","false","","",""
"2171","Locker 10 Carabiner Alloy-05","locker_carabiners","Green","2036-04-25","0","2737","IN","Locker 10 standard kit","Locker 10","","","2026-04-29T03:33:19.577831+00:00","","","false","","",""
"2172","Locker 10 Carabiner Alloy-06","locker_carabiners","Green","2036-04-25","0","2737","IN","Locker 10 standard kit","Locker 10","","","2026-04-29T03:33:19.577831+00:00","","","false","","",""
"2173","Locker 10 Carabiner Steel","locker_carabiners","Green","2036-04-25","0","2737","IN","Locker 10 standard kit","Locker 10","","","2026-04-29T03:33:19.577831+00:00","","","false","","",""
"2174","Locker 10 Prusik Loop","locker_prusiks","Green","2036-04-25","0","2737","IN","Locker 10 standard kit","Locker 10","","","2026-04-29T03:33:19.577831+00:00","","","false","","",""
"2175","Locker 10 Dry Bag","locker_dry_bags","Green","2051-04-22","0","6843","IN","Locker 10 standard kit","Locker 10","","","2026-04-29T03:33:19.577831+00:00","","","false","","",""
"2176","Locker 10 Radio Dry Bag","locker_dry_bags","Green","2051-04-22","0","6843","IN","Locker 10 standard kit","Locker 10","","","2026-04-29T03:33:19.577831+00:00","","","false","","",""
"2177","Locker 10 Emergency Shelter","locker_shelter","Green","2036-04-25","0","2737","IN","Locker 10 standard kit","Locker 10","","","2026-04-29T03:33:19.577831+00:00","","","false","","",""
"2178","Locker 10 Emergency Roll Mat","locker_misc","Green","2051-04-22","0","6843","IN","Locker 10 standard kit","Locker 10","","","2026-04-29T03:33:19.577831+00:00","","","false","","",""
"2179","Locker 10 Thermos-01","locker_misc","Green","2051-04-22","0","6843","IN","Locker 10 standard kit","Locker 10","","","2026-04-29T03:33:19.577831+00:00","","","false","","",""
"2180","Locker 10 Thermos-02","locker_misc","Green","2051-04-22","0","6843","IN","Locker 10 standard kit","Locker 10","","","2026-04-29T03:33:19.577831+00:00","","","false","","",""
"2181","Locker 10 Cups-01","locker_misc","Green","2051-04-22","0","6843","IN","Locker 10 standard kit","Locker 10","","","2026-04-29T03:33:19.577831+00:00","","","false","","",""
"2182","Locker 10 Cups-02","locker_misc","Green","2051-04-22","0","6843","IN","Locker 10 standard kit","Locker 10","","","2026-04-29T03:33:19.577831+00:00","","","false","","",""
"2183","Locker 10 Compass-01","locker_misc","Green","2051-04-22","0","6843","IN","Locker 10 standard kit","Locker 10","","","2026-04-29T03:33:19.577831+00:00","","","false","","",""
"2184","Locker 10 Compass-02","locker_misc","Green","2051-04-22","0","6843","IN","Locker 10 standard kit","Locker 10","","","2026-04-29T03:33:19.577831+00:00","","","false","","",""
"2185","Locker 10 Head Torch-01","locker_misc","Green","2051-04-22","0","6843","IN","Locker 10 standard kit","Locker 10","","","2026-04-29T03:33:19.577831+00:00","","","false","","",""
"2186","Locker 10 Head Torch-02","locker_misc","Green","2051-04-22","0","6843","IN","Locker 10 standard kit","Locker 10","","","2026-04-29T03:33:19.577831+00:00","","","false","","",""
"2187","Locker 10 Sunglasses-01","locker_misc","Green","2051-04-22","0","6843","IN","Locker 10 standard kit","Locker 10","","","2026-04-29T03:33:19.577831+00:00","","","false","","",""
"2188","Locker 10 Sunglasses-02","locker_misc","Green","2051-04-22","0","6843","IN","Locker 10 standard kit","Locker 10","","","2026-04-29T03:33:19.577831+00:00","","","false","","",""
"2189","Locker 10 Sunglasses-03","locker_misc","Green","2051-04-22","0","6843","IN","Locker 10 standard kit","Locker 10","","","2026-04-29T03:33:19.577831+00:00","","","false","","",""
"2190","Locker 10 Sunglasses-04","locker_misc","Green","2051-04-22","0","6843","IN","Locker 10 standard kit","Locker 10","","","2026-04-29T03:33:19.577831+00:00","","","false","","",""
"2191","Locker 10 Sunglasses-05","locker_misc","Green","2051-04-22","0","6843","IN","Locker 10 standard kit","Locker 10","","","2026-04-29T03:33:19.577831+00:00","","","false","","",""
"2192","Locker 10 Sunglasses-06","locker_misc","Green","2051-04-22","0","6843","IN","Locker 10 standard kit","Locker 10","","","2026-04-29T03:33:19.577831+00:00","","","false","","",""
"2193","Locker 10 Sunglasses-07","locker_misc","Green","2051-04-22","0","6843","IN","Locker 10 standard kit","Locker 10","","","2026-04-29T03:33:19.577831+00:00","","","false","","",""
"2194","Locker 10 Sunglasses-08","locker_misc","Green","2051-04-22","0","6843","IN","Locker 10 standard kit","Locker 10","","","2026-04-29T03:33:19.577831+00:00","","","false","","",""
"2195","Locker 10 Sunglasses-09","locker_misc","Green","2051-04-22","0","6843","IN","Locker 10 standard kit","Locker 10","","","2026-04-29T03:33:19.577831+00:00","","","false","","",""
"2196","Locker 10 Sunglasses-10","locker_misc","Green","2051-04-22","0","6843","IN","Locker 10 standard kit","Locker 10","","","2026-04-29T03:33:19.577831+00:00","","","false","","",""
"2197","Locker 10 Sunglasses-11","locker_misc","Green","2051-04-22","0","6843","IN","Locker 10 standard kit","Locker 10","","","2026-04-29T03:33:19.577831+00:00","","","false","","",""
"2198","Locker 10 Sunglasses-12","locker_misc","Green","2051-04-22","0","6843","IN","Locker 10 standard kit","Locker 10","","","2026-04-29T03:33:19.577831+00:00","","","false","","",""
"2199","Locker 10 Tent Pegs-01","locker_misc","Green","2051-04-22","0","6843","IN","Locker 10 standard kit","Locker 10","","","2026-04-29T03:33:19.577831+00:00","","","false","","",""
"2200","Locker 10 Tent Pegs-02","locker_misc","Green","2051-04-22","0","6843","IN","Locker 10 standard kit","Locker 10","","","2026-04-29T03:33:19.577831+00:00","","","false","","",""
"2201","Locker 10 Tent Pegs-03","locker_misc","Green","2051-04-22","0","6843","IN","Locker 10 standard kit","Locker 10","","","2026-04-29T03:33:19.577831+00:00","","","false","","",""
"2202","Locker 10 Tent Pegs-04","locker_misc","Green","2051-04-22","0","6843","IN","Locker 10 standard kit","Locker 10","","","2026-04-29T03:33:19.577831+00:00","","","false","","",""
"2203","Locker 10 Tent Pegs-05","locker_misc","Green","2051-04-22","0","6843","IN","Locker 10 standard kit","Locker 10","","","2026-04-29T03:33:19.577831+00:00","","","false","","",""
"2204","Locker 10 Tent Pegs-06","locker_misc","Green","2051-04-22","0","6843","IN","Locker 10 standard kit","Locker 10","","","2026-04-29T03:33:19.577831+00:00","","","false","","",""
"2205","Locker 10 Tent Pegs-07","locker_misc","Green","2051-04-22","0","6843","IN","Locker 10 standard kit","Locker 10","","","2026-04-29T03:33:19.577831+00:00","","","false","","",""
"2206","Locker 10 Tent Pegs-08","locker_misc","Green","2051-04-22","0","6843","IN","Locker 10 standard kit","Locker 10","","","2026-04-29T03:33:19.577831+00:00","","","false","","",""
"2207","Locker 10 Tent Pegs-09","locker_misc","Green","2051-04-22","0","6843","IN","Locker 10 standard kit","Locker 10","","","2026-04-29T03:33:19.577831+00:00","","","false","","",""
"2208","Locker 10 Tent Pegs-10","locker_misc","Green","2051-04-22","0","6843","IN","Locker 10 standard kit","Locker 10","","","2026-04-29T03:33:19.577831+00:00","","","false","","",""
"2209","Locker 10 Tent Pegs-11","locker_misc","Green","2051-04-22","0","6843","IN","Locker 10 standard kit","Locker 10","","","2026-04-29T03:33:19.577831+00:00","","","false","","",""
"2210","Locker 10 Tent Pegs-12","locker_misc","Green","2051-04-22","0","6843","IN","Locker 10 standard kit","Locker 10","","","2026-04-29T03:33:19.577831+00:00","","","false","","",""
"2211","Locker 10 Tent Pegs-13","locker_misc","Green","2051-04-22","0","6843","IN","Locker 10 standard kit","Locker 10","","","2026-04-29T03:33:19.577831+00:00","","","false","","",""
"2212","Locker 10 Tent Pegs-14","locker_misc","Green","2051-04-22","0","6843","IN","Locker 10 standard kit","Locker 10","","","2026-04-29T03:33:19.577831+00:00","","","false","","",""
"2213","Locker 10 Tent Pegs-15","locker_misc","Green","2051-04-22","0","6843","IN","Locker 10 standard kit","Locker 10","","","2026-04-29T03:33:19.577831+00:00","","","false","","",""
"2214","Locker 10 Tent Pegs-16","locker_misc","Green","2051-04-22","0","6843","IN","Locker 10 standard kit","Locker 10","","","2026-04-29T03:33:19.577831+00:00","","","false","","",""
"2215","Locker 10 Tent Pegs-17","locker_misc","Green","2051-04-22","0","6843","IN","Locker 10 standard kit","Locker 10","","","2026-04-29T03:33:19.577831+00:00","","","false","","",""
"2216","Locker 10 Tent Pegs-18","locker_misc","Green","2051-04-22","0","6843","IN","Locker 10 standard kit","Locker 10","","","2026-04-29T03:33:19.577831+00:00","","","false","","",""
"2217","Locker 10 Tent Pegs-19","locker_misc","Green","2051-04-22","0","6843","IN","Locker 10 standard kit","Locker 10","","","2026-04-29T03:33:19.577831+00:00","","","false","","",""
"2218","Locker 10 Tent Pegs-20","locker_misc","Green","2051-04-22","0","6843","IN","Locker 10 standard kit","Locker 10","","","2026-04-29T03:33:19.577831+00:00","","","false","","",""
"2219","Locker 10 Tent Pegs-21","locker_misc","Green","2051-04-22","0","6843","IN","Locker 10 standard kit","Locker 10","","","2026-04-29T03:33:19.577831+00:00","","","false","","",""
"2220","Locker 10 Tent Pegs-22","locker_misc","Green","2051-04-22","0","6843","IN","Locker 10 standard kit","Locker 10","","","2026-04-29T03:33:19.577831+00:00","","","false","","",""
"2221","Locker 10 Tent Pegs-23","locker_misc","Green","2051-04-22","0","6843","IN","Locker 10 standard kit","Locker 10","","","2026-04-29T03:33:19.577831+00:00","","","false","","",""
"2222","Locker 10 Tent Pegs-24","locker_misc","Green","2051-04-22","0","6843","IN","Locker 10 standard kit","Locker 10","","","2026-04-29T03:33:19.577831+00:00","","","false","","",""
"2223","Locker 10 Tent Pegs-25","locker_misc","Green","2051-04-22","0","6843","IN","Locker 10 standard kit","Locker 10","","","2026-04-29T03:33:19.577831+00:00","","","false","","",""
"2224","Locker 10 Tent Pegs-26","locker_misc","Green","2051-04-22","0","6843","IN","Locker 10 standard kit","Locker 10","","","2026-04-29T03:33:19.577831+00:00","","","false","","",""
"2225","Locker 10 Tent Pegs-27","locker_misc","Green","2051-04-22","0","6843","IN","Locker 10 standard kit","Locker 10","","","2026-04-29T03:33:19.577831+00:00","","","false","","",""
"2226","Locker 10 Tent Pegs-28","locker_misc","Green","2051-04-22","0","6843","IN","Locker 10 standard kit","Locker 10","","","2026-04-29T03:33:19.577831+00:00","","","false","","",""
"2227","Locker 10 Tent Pegs-29","locker_misc","Green","2051-04-22","0","6843","IN","Locker 10 standard kit","Locker 10","","","2026-04-29T03:33:19.577831+00:00","","","false","","",""
"2228","Locker 10 Tent Pegs-30","locker_misc","Green","2051-04-22","0","6843","IN","Locker 10 standard kit","Locker 10","","","2026-04-29T03:33:19.577831+00:00","","","false","","",""
"2229","Locker 10 Tent Pegs-31","locker_misc","Green","2051-04-22","0","6843","IN","Locker 10 standard kit","Locker 10","","","2026-04-29T03:33:19.577831+00:00","","","false","","",""
"2230","Locker 10 Tent Pegs-32","locker_misc","Green","2051-04-22","0","6843","IN","Locker 10 standard kit","Locker 10","","","2026-04-29T03:33:19.577831+00:00","","","false","","",""
"2231","Locker 10 Tent Pegs-33","locker_misc","Green","2051-04-22","0","6843","IN","Locker 10 standard kit","Locker 10","","","2026-04-29T03:33:19.577831+00:00","","","false","","",""
"2232","Locker 10 Tent Pegs-34","locker_misc","Green","2051-04-22","0","6843","IN","Locker 10 standard kit","Locker 10","","","2026-04-29T03:33:19.577831+00:00","","","false","","",""
"2233","Locker 10 Tent Pegs-35","locker_misc","Green","2051-04-22","0","6843","IN","Locker 10 standard kit","Locker 10","","","2026-04-29T03:33:19.577831+00:00","","","false","","",""
"2234","Locker 10 Tent Pegs-36","locker_misc","Green","2051-04-22","0","6843","IN","Locker 10 standard kit","Locker 10","","","2026-04-29T03:33:19.577831+00:00","","","false","","",""
"2235","Locker 10 Tent Pegs-37","locker_misc","Green","2051-04-22","0","6843","IN","Locker 10 standard kit","Locker 10","","","2026-04-29T03:33:19.577831+00:00","","","false","","",""
"2236","Locker 10 Tent Pegs-38","locker_misc","Green","2051-04-22","0","6843","IN","Locker 10 standard kit","Locker 10","","","2026-04-29T03:33:19.577831+00:00","","","false","","",""
"2237","Locker 10 Tent Pegs-39","locker_misc","Green","2051-04-22","0","6843","IN","Locker 10 standard kit","Locker 10","","","2026-04-29T03:33:19.577831+00:00","","","false","","",""
"2238","Locker 10 Tent Pegs-40","locker_misc","Green","2051-04-22","0","6843","IN","Locker 10 standard kit","Locker 10","","","2026-04-29T03:33:19.577831+00:00","","","false","","",""
"2239","Locker 10 Tent Peg Bag-01","locker_misc","Green","2051-04-22","0","6843","IN","Locker 10 standard kit","Locker 10","","","2026-04-29T03:33:19.577831+00:00","","","false","","",""
"2240","Locker 10 Tent Peg Bag-02","locker_misc","Green","2051-04-22","0","6843","IN","Locker 10 standard kit","Locker 10","","","2026-04-29T03:33:19.577831+00:00","","","false","","",""
"2241","Locker 10 Whistle-01","locker_misc","Green","2051-04-22","0","6843","IN","Locker 10 standard kit","Locker 10","","","2026-04-29T03:33:19.577831+00:00","","","false","","",""
"2242","Locker 10 Whistle-02","locker_misc","Green","2051-04-22","0","6843","IN","Locker 10 standard kit","Locker 10","","","2026-04-29T03:33:19.577831+00:00","","","false","","",""
"2243","Locker 10 Large Spoon-01","locker_misc","Green","2051-04-22","0","6843","IN","Locker 10 standard kit","Locker 10","","","2026-04-29T03:33:19.577831+00:00","","","false","","",""
"2244","Locker 10 Large Spoon-02","locker_misc","Green","2051-04-22","0","6843","IN","Locker 10 standard kit","Locker 10","","","2026-04-29T03:33:19.577831+00:00","","","false","","",""
"2245","Locker 10 Large Pot + Lid-01","locker_misc","Green","2051-04-22","0","6843","IN","Locker 10 standard kit","Locker 10","","","2026-04-29T03:33:19.577831+00:00","","","false","","",""
"2246","Locker 10 Large Pot + Lid-02","locker_misc","Green","2051-04-22","0","6843","IN","Locker 10 standard kit","Locker 10","","","2026-04-29T03:33:19.577831+00:00","","","false","","",""
"2247","Locker 10 Trangia + Base","locker_misc","Green","2051-04-22","0","6843","IN","Locker 10 standard kit","Locker 10","","","2026-04-29T03:33:19.577831+00:00","","","false","","",""
"2248","Locker 10 Small Pot","locker_misc","Green","2051-04-22","0","6843","IN","Locker 10 standard kit","Locker 10","","","2026-04-29T03:33:19.577831+00:00","","","false","","",""
"2249","Locker 10 Can Opener-01","locker_misc","Green","2051-04-22","0","6843","IN","Locker 10 standard kit","Locker 10","","","2026-04-29T03:33:19.577831+00:00","","","false","","",""
"2250","Locker 10 Can Opener-02","locker_misc","Green","2051-04-22","0","6843","IN","Locker 10 standard kit","Locker 10","","","2026-04-29T03:33:19.577831+00:00","","","false","","",""
"2251","Locker 10 Biolite Stove","locker_misc","Green","2051-04-22","0","6843","IN","Locker 10 standard kit","Locker 10","","","2026-04-29T03:33:19.577831+00:00","","","false","","",""
"2252","Locker 11 Bush Rope","cord_tape","Green","2036-04-25","0","2737","IN","Locker 11 standard kit","Locker 11","","","2026-04-29T03:33:19.577831+00:00","","","false","","",""
"2253","Locker 11 Sling 120cm-01","locker_slings","Green","2036-04-25","0","2737","IN","Locker 11 standard kit","Locker 11","","","2026-04-29T03:33:19.577831+00:00","","","false","","",""
"2254","Locker 11 Sling 120cm-02","locker_slings","Green","2036-04-25","0","2737","IN","Locker 11 standard kit","Locker 11","","","2026-04-29T03:33:19.577831+00:00","","","false","","",""
"2255","Locker 11 Carabiner Alloy-01","locker_carabiners","Green","2036-04-25","0","2737","IN","Locker 11 standard kit","Locker 11","","","2026-04-29T03:33:19.577831+00:00","","","false","","",""
"2256","Locker 11 Carabiner Alloy-02","locker_carabiners","Green","2036-04-25","0","2737","IN","Locker 11 standard kit","Locker 11","","","2026-04-29T03:33:19.577831+00:00","","","false","","",""
"2257","Locker 11 Carabiner Alloy-03","locker_carabiners","Green","2036-04-25","0","2737","IN","Locker 11 standard kit","Locker 11","","","2026-04-29T03:33:19.577831+00:00","","","false","","",""
"2258","Locker 11 Carabiner Alloy-04","locker_carabiners","Green","2036-04-25","0","2737","IN","Locker 11 standard kit","Locker 11","","","2026-04-29T03:33:19.577831+00:00","","","false","","",""
"2259","Locker 11 Carabiner Alloy-05","locker_carabiners","Green","2036-04-25","0","2737","IN","Locker 11 standard kit","Locker 11","","","2026-04-29T03:33:19.577831+00:00","","","false","","",""
"2260","Locker 11 Carabiner Alloy-06","locker_carabiners","Green","2036-04-25","0","2737","IN","Locker 11 standard kit","Locker 11","","","2026-04-29T03:33:19.577831+00:00","","","false","","",""
"2261","Locker 11 Carabiner Steel","locker_carabiners","Green","2036-04-25","0","2737","IN","Locker 11 standard kit","Locker 11","","","2026-04-29T03:33:19.577831+00:00","","","false","","",""
"2262","Locker 11 Prusik Loop","locker_prusiks","Green","2036-04-25","0","2737","IN","Locker 11 standard kit","Locker 11","","","2026-04-29T03:33:19.577831+00:00","","","false","","",""
"2263","Locker 11 Dry Bag","locker_dry_bags","Green","2051-04-22","0","6843","IN","Locker 11 standard kit","Locker 11","","","2026-04-29T03:33:19.577831+00:00","","","false","","",""
"2264","Locker 11 Radio Dry Bag","locker_dry_bags","Green","2051-04-22","0","6843","IN","Locker 11 standard kit","Locker 11","","","2026-04-29T03:33:19.577831+00:00","","","false","","",""
"2265","Locker 11 Emergency Shelter","locker_shelter","Green","2036-04-25","0","2737","IN","Locker 11 standard kit","Locker 11","","","2026-04-29T03:33:19.577831+00:00","","","false","","",""
"2266","Locker 11 Emergency Roll Mat","locker_misc","Green","2051-04-22","0","6843","IN","Locker 11 standard kit","Locker 11","","","2026-04-29T03:33:19.577831+00:00","","","false","","",""
"2267","Locker 11 Thermos-01","locker_misc","Green","2051-04-22","0","6843","IN","Locker 11 standard kit","Locker 11","","","2026-04-29T03:33:19.577831+00:00","","","false","","",""
"2268","Locker 11 Thermos-02","locker_misc","Green","2051-04-22","0","6843","IN","Locker 11 standard kit","Locker 11","","","2026-04-29T03:33:19.577831+00:00","","","false","","",""
"2269","Locker 11 Cups-01","locker_misc","Green","2051-04-22","0","6843","IN","Locker 11 standard kit","Locker 11","","","2026-04-29T03:33:19.577831+00:00","","","false","","",""
"2270","Locker 11 Cups-02","locker_misc","Green","2051-04-22","0","6843","IN","Locker 11 standard kit","Locker 11","","","2026-04-29T03:33:19.577831+00:00","","","false","","",""
"2271","Locker 11 Compass-01","locker_misc","Green","2051-04-22","0","6843","IN","Locker 11 standard kit","Locker 11","","","2026-04-29T03:33:19.577831+00:00","","","false","","",""
"2272","Locker 11 Compass-02","locker_misc","Green","2051-04-22","0","6843","IN","Locker 11 standard kit","Locker 11","","","2026-04-29T03:33:19.577831+00:00","","","false","","",""
"2273","Locker 11 Head Torch-01","locker_misc","Green","2051-04-22","0","6843","IN","Locker 11 standard kit","Locker 11","","","2026-04-29T03:33:19.577831+00:00","","","false","","",""
"2274","Locker 11 Head Torch-02","locker_misc","Green","2051-04-22","0","6843","IN","Locker 11 standard kit","Locker 11","","","2026-04-29T03:33:19.577831+00:00","","","false","","",""
"2275","Locker 11 Sunglasses-01","locker_misc","Green","2051-04-22","0","6843","IN","Locker 11 standard kit","Locker 11","","","2026-04-29T03:33:19.577831+00:00","","","false","","",""
"2276","Locker 11 Sunglasses-02","locker_misc","Green","2051-04-22","0","6843","IN","Locker 11 standard kit","Locker 11","","","2026-04-29T03:33:19.577831+00:00","","","false","","",""
"2277","Locker 11 Sunglasses-03","locker_misc","Green","2051-04-22","0","6843","IN","Locker 11 standard kit","Locker 11","","","2026-04-29T03:33:19.577831+00:00","","","false","","",""
"2278","Locker 11 Sunglasses-04","locker_misc","Green","2051-04-22","0","6843","IN","Locker 11 standard kit","Locker 11","","","2026-04-29T03:33:19.577831+00:00","","","false","","",""
"2279","Locker 11 Sunglasses-05","locker_misc","Green","2051-04-22","0","6843","IN","Locker 11 standard kit","Locker 11","","","2026-04-29T03:33:19.577831+00:00","","","false","","",""
"2280","Locker 11 Sunglasses-06","locker_misc","Green","2051-04-22","0","6843","IN","Locker 11 standard kit","Locker 11","","","2026-04-29T03:33:19.577831+00:00","","","false","","",""
"2281","Locker 11 Sunglasses-07","locker_misc","Green","2051-04-22","0","6843","IN","Locker 11 standard kit","Locker 11","","","2026-04-29T03:33:19.577831+00:00","","","false","","",""
"2282","Locker 11 Sunglasses-08","locker_misc","Green","2051-04-22","0","6843","IN","Locker 11 standard kit","Locker 11","","","2026-04-29T03:33:19.577831+00:00","","","false","","",""
"2283","Locker 11 Sunglasses-09","locker_misc","Green","2051-04-22","0","6843","IN","Locker 11 standard kit","Locker 11","","","2026-04-29T03:33:19.577831+00:00","","","false","","",""
"2284","Locker 11 Sunglasses-10","locker_misc","Green","2051-04-22","0","6843","IN","Locker 11 standard kit","Locker 11","","","2026-04-29T03:33:19.577831+00:00","","","false","","",""
"2285","Locker 11 Sunglasses-11","locker_misc","Green","2051-04-22","0","6843","IN","Locker 11 standard kit","Locker 11","","","2026-04-29T03:33:19.577831+00:00","","","false","","",""
"2286","Locker 11 Sunglasses-12","locker_misc","Green","2051-04-22","0","6843","IN","Locker 11 standard kit","Locker 11","","","2026-04-29T03:33:19.577831+00:00","","","false","","",""
"2287","Locker 11 Tent Pegs-01","locker_misc","Green","2051-04-22","0","6843","IN","Locker 11 standard kit","Locker 11","","","2026-04-29T03:33:19.577831+00:00","","","false","","",""
"2288","Locker 11 Tent Pegs-02","locker_misc","Green","2051-04-22","0","6843","IN","Locker 11 standard kit","Locker 11","","","2026-04-29T03:33:19.577831+00:00","","","false","","",""
"2289","Locker 11 Tent Pegs-03","locker_misc","Green","2051-04-22","0","6843","IN","Locker 11 standard kit","Locker 11","","","2026-04-29T03:33:19.577831+00:00","","","false","","",""
"2290","Locker 11 Tent Pegs-04","locker_misc","Green","2051-04-22","0","6843","IN","Locker 11 standard kit","Locker 11","","","2026-04-29T03:33:19.577831+00:00","","","false","","",""
"2291","Locker 11 Tent Pegs-05","locker_misc","Green","2051-04-22","0","6843","IN","Locker 11 standard kit","Locker 11","","","2026-04-29T03:33:19.577831+00:00","","","false","","",""
"2292","Locker 11 Tent Pegs-06","locker_misc","Green","2051-04-22","0","6843","IN","Locker 11 standard kit","Locker 11","","","2026-04-29T03:33:19.577831+00:00","","","false","","",""
"2293","Locker 11 Tent Pegs-07","locker_misc","Green","2051-04-22","0","6843","IN","Locker 11 standard kit","Locker 11","","","2026-04-29T03:33:19.577831+00:00","","","false","","",""
"2294","Locker 11 Tent Pegs-08","locker_misc","Green","2051-04-22","0","6843","IN","Locker 11 standard kit","Locker 11","","","2026-04-29T03:33:19.577831+00:00","","","false","","",""
"2295","Locker 11 Tent Pegs-09","locker_misc","Green","2051-04-22","0","6843","IN","Locker 11 standard kit","Locker 11","","","2026-04-29T03:33:19.577831+00:00","","","false","","",""
"2296","Locker 11 Tent Pegs-10","locker_misc","Green","2051-04-22","0","6843","IN","Locker 11 standard kit","Locker 11","","","2026-04-29T03:33:19.577831+00:00","","","false","","",""
"2297","Locker 11 Tent Pegs-11","locker_misc","Green","2051-04-22","0","6843","IN","Locker 11 standard kit","Locker 11","","","2026-04-29T03:33:19.577831+00:00","","","false","","",""
"2298","Locker 11 Tent Pegs-12","locker_misc","Green","2051-04-22","0","6843","IN","Locker 11 standard kit","Locker 11","","","2026-04-29T03:33:19.577831+00:00","","","false","","",""
"2299","Locker 11 Tent Pegs-13","locker_misc","Green","2051-04-22","0","6843","IN","Locker 11 standard kit","Locker 11","","","2026-04-29T03:33:19.577831+00:00","","","false","","",""
"2300","Locker 11 Tent Pegs-14","locker_misc","Green","2051-04-22","0","6843","IN","Locker 11 standard kit","Locker 11","","","2026-04-29T03:33:19.577831+00:00","","","false","","",""
"2301","Locker 11 Tent Pegs-15","locker_misc","Green","2051-04-22","0","6843","IN","Locker 11 standard kit","Locker 11","","","2026-04-29T03:33:19.577831+00:00","","","false","","",""
"2302","Locker 11 Tent Pegs-16","locker_misc","Green","2051-04-22","0","6843","IN","Locker 11 standard kit","Locker 11","","","2026-04-29T03:33:19.577831+00:00","","","false","","",""
"2303","Locker 11 Tent Pegs-17","locker_misc","Green","2051-04-22","0","6843","IN","Locker 11 standard kit","Locker 11","","","2026-04-29T03:33:19.577831+00:00","","","false","","",""
"2304","Locker 11 Tent Pegs-18","locker_misc","Green","2051-04-22","0","6843","IN","Locker 11 standard kit","Locker 11","","","2026-04-29T03:33:19.577831+00:00","","","false","","",""
"2305","Locker 11 Tent Pegs-19","locker_misc","Green","2051-04-22","0","6843","IN","Locker 11 standard kit","Locker 11","","","2026-04-29T03:33:19.577831+00:00","","","false","","",""
"2306","Locker 11 Tent Pegs-20","locker_misc","Green","2051-04-22","0","6843","IN","Locker 11 standard kit","Locker 11","","","2026-04-29T03:33:19.577831+00:00","","","false","","",""
"2307","Locker 11 Tent Pegs-21","locker_misc","Green","2051-04-22","0","6843","IN","Locker 11 standard kit","Locker 11","","","2026-04-29T03:33:19.577831+00:00","","","false","","",""
"2308","Locker 11 Tent Pegs-22","locker_misc","Green","2051-04-22","0","6843","IN","Locker 11 standard kit","Locker 11","","","2026-04-29T03:33:19.577831+00:00","","","false","","",""
"2309","Locker 11 Tent Pegs-23","locker_misc","Green","2051-04-22","0","6843","IN","Locker 11 standard kit","Locker 11","","","2026-04-29T03:33:19.577831+00:00","","","false","","",""
"2310","Locker 11 Tent Pegs-24","locker_misc","Green","2051-04-22","0","6843","IN","Locker 11 standard kit","Locker 11","","","2026-04-29T03:33:19.577831+00:00","","","false","","",""
"2311","Locker 11 Tent Pegs-25","locker_misc","Green","2051-04-22","0","6843","IN","Locker 11 standard kit","Locker 11","","","2026-04-29T03:33:19.577831+00:00","","","false","","",""
"2312","Locker 11 Tent Pegs-26","locker_misc","Green","2051-04-22","0","6843","IN","Locker 11 standard kit","Locker 11","","","2026-04-29T03:33:19.577831+00:00","","","false","","",""
"2313","Locker 11 Tent Pegs-27","locker_misc","Green","2051-04-22","0","6843","IN","Locker 11 standard kit","Locker 11","","","2026-04-29T03:33:19.577831+00:00","","","false","","",""
"2314","Locker 11 Tent Pegs-28","locker_misc","Green","2051-04-22","0","6843","IN","Locker 11 standard kit","Locker 11","","","2026-04-29T03:33:19.577831+00:00","","","false","","",""
"2315","Locker 11 Tent Pegs-29","locker_misc","Green","2051-04-22","0","6843","IN","Locker 11 standard kit","Locker 11","","","2026-04-29T03:33:19.577831+00:00","","","false","","",""
"2316","Locker 11 Tent Pegs-30","locker_misc","Green","2051-04-22","0","6843","IN","Locker 11 standard kit","Locker 11","","","2026-04-29T03:33:19.577831+00:00","","","false","","",""
"2317","Locker 11 Tent Pegs-31","locker_misc","Green","2051-04-22","0","6843","IN","Locker 11 standard kit","Locker 11","","","2026-04-29T03:33:19.577831+00:00","","","false","","",""
"2318","Locker 11 Tent Pegs-32","locker_misc","Green","2051-04-22","0","6843","IN","Locker 11 standard kit","Locker 11","","","2026-04-29T03:33:19.577831+00:00","","","false","","",""
"2319","Locker 11 Tent Pegs-33","locker_misc","Green","2051-04-22","0","6843","IN","Locker 11 standard kit","Locker 11","","","2026-04-29T03:33:19.577831+00:00","","","false","","",""
"2320","Locker 11 Tent Pegs-34","locker_misc","Green","2051-04-22","0","6843","IN","Locker 11 standard kit","Locker 11","","","2026-04-29T03:33:19.577831+00:00","","","false","","",""
"2321","Locker 11 Tent Pegs-35","locker_misc","Green","2051-04-22","0","6843","IN","Locker 11 standard kit","Locker 11","","","2026-04-29T03:33:19.577831+00:00","","","false","","",""
"2322","Locker 11 Tent Pegs-36","locker_misc","Green","2051-04-22","0","6843","IN","Locker 11 standard kit","Locker 11","","","2026-04-29T03:33:19.577831+00:00","","","false","","",""
"2323","Locker 11 Tent Pegs-37","locker_misc","Green","2051-04-22","0","6843","IN","Locker 11 standard kit","Locker 11","","","2026-04-29T03:33:19.577831+00:00","","","false","","",""
"2324","Locker 11 Tent Pegs-38","locker_misc","Green","2051-04-22","0","6843","IN","Locker 11 standard kit","Locker 11","","","2026-04-29T03:33:19.577831+00:00","","","false","","",""
"2325","Locker 11 Tent Pegs-39","locker_misc","Green","2051-04-22","0","6843","IN","Locker 11 standard kit","Locker 11","","","2026-04-29T03:33:19.577831+00:00","","","false","","",""
"2326","Locker 11 Tent Pegs-40","locker_misc","Green","2051-04-22","0","6843","IN","Locker 11 standard kit","Locker 11","","","2026-04-29T03:33:19.577831+00:00","","","false","","",""
"2327","Locker 11 Tent Peg Bag-01","locker_misc","Green","2051-04-22","0","6843","IN","Locker 11 standard kit","Locker 11","","","2026-04-29T03:33:19.577831+00:00","","","false","","",""
"2328","Locker 11 Tent Peg Bag-02","locker_misc","Green","2051-04-22","0","6843","IN","Locker 11 standard kit","Locker 11","","","2026-04-29T03:33:19.577831+00:00","","","false","","",""
"2329","Locker 11 Whistle-01","locker_misc","Green","2051-04-22","0","6843","IN","Locker 11 standard kit","Locker 11","","","2026-04-29T03:33:19.577831+00:00","","","false","","",""
"2330","Locker 11 Whistle-02","locker_misc","Green","2051-04-22","0","6843","IN","Locker 11 standard kit","Locker 11","","","2026-04-29T03:33:19.577831+00:00","","","false","","",""
"2331","Locker 11 Large Spoon-01","locker_misc","Green","2051-04-22","0","6843","IN","Locker 11 standard kit","Locker 11","","","2026-04-29T03:33:19.577831+00:00","","","false","","",""
"2332","Locker 11 Large Spoon-02","locker_misc","Green","2051-04-22","0","6843","IN","Locker 11 standard kit","Locker 11","","","2026-04-29T03:33:19.577831+00:00","","","false","","",""
"2333","Locker 11 Large Pot + Lid-01","locker_misc","Green","2051-04-22","0","6843","IN","Locker 11 standard kit","Locker 11","","","2026-04-29T03:33:19.577831+00:00","","","false","","",""
"2334","Locker 11 Large Pot + Lid-02","locker_misc","Green","2051-04-22","0","6843","IN","Locker 11 standard kit","Locker 11","","","2026-04-29T03:33:19.577831+00:00","","","false","","",""
"2335","Locker 11 Trangia + Base","locker_misc","Green","2051-04-22","0","6843","IN","Locker 11 standard kit","Locker 11","","","2026-04-29T03:33:19.577831+00:00","","","false","","",""
"2336","Locker 11 Small Pot","locker_misc","Green","2051-04-22","0","6843","IN","Locker 11 standard kit","Locker 11","","","2026-04-29T03:33:19.577831+00:00","","","false","","",""
"2337","Locker 11 Can Opener-01","locker_misc","Green","2051-04-22","0","6843","IN","Locker 11 standard kit","Locker 11","","","2026-04-29T03:33:19.577831+00:00","","","false","","",""
"2338","Locker 11 Can Opener-02","locker_misc","Green","2051-04-22","0","6843","IN","Locker 11 standard kit","Locker 11","","","2026-04-29T03:33:19.577831+00:00","","","false","","",""
"2339","Locker 11 Biolite Stove","locker_misc","Green","2051-04-22","0","6843","IN","Locker 11 standard kit","Locker 11","","","2026-04-29T03:33:19.577831+00:00","","","false","","",""
"2340","Locker 12 Bush Rope","cord_tape","Green","2036-04-25","0","2737","IN","Locker 12 standard kit","Locker 12","","","2026-04-29T03:33:19.577831+00:00","","","false","","",""
"2341","Locker 12 Sling 120cm-01","locker_slings","Green","2036-04-25","0","2737","IN","Locker 12 standard kit","Locker 12","","","2026-04-29T03:33:19.577831+00:00","","","false","","",""
"2342","Locker 12 Sling 120cm-02","locker_slings","Green","2036-04-25","0","2737","IN","Locker 12 standard kit","Locker 12","","","2026-04-29T03:33:19.577831+00:00","","","false","","",""
"2343","Locker 12 Carabiner Alloy-01","locker_carabiners","Green","2036-04-25","0","2737","IN","Locker 12 standard kit","Locker 12","","","2026-04-29T03:33:19.577831+00:00","","","false","","",""
"2344","Locker 12 Carabiner Alloy-02","locker_carabiners","Green","2036-04-25","0","2737","IN","Locker 12 standard kit","Locker 12","","","2026-04-29T03:33:19.577831+00:00","","","false","","",""
"2345","Locker 12 Carabiner Alloy-03","locker_carabiners","Green","2036-04-25","0","2737","IN","Locker 12 standard kit","Locker 12","","","2026-04-29T03:33:19.577831+00:00","","","false","","",""
"2346","Locker 12 Carabiner Alloy-04","locker_carabiners","Green","2036-04-25","0","2737","IN","Locker 12 standard kit","Locker 12","","","2026-04-29T03:33:19.577831+00:00","","","false","","",""
"2347","Locker 12 Carabiner Alloy-05","locker_carabiners","Green","2036-04-25","0","2737","IN","Locker 12 standard kit","Locker 12","","","2026-04-29T03:33:19.577831+00:00","","","false","","",""
"2348","Locker 12 Carabiner Alloy-06","locker_carabiners","Green","2036-04-25","0","2737","IN","Locker 12 standard kit","Locker 12","","","2026-04-29T03:33:19.577831+00:00","","","false","","",""
"2349","Locker 12 Carabiner Steel","locker_carabiners","Green","2036-04-25","0","2737","IN","Locker 12 standard kit","Locker 12","","","2026-04-29T03:33:19.577831+00:00","","","false","","",""
"2350","Locker 12 Prusik Loop","locker_prusiks","Green","2036-04-25","0","2737","IN","Locker 12 standard kit","Locker 12","","","2026-04-29T03:33:19.577831+00:00","","","false","","",""
"2351","Locker 12 Dry Bag","locker_dry_bags","Green","2051-04-22","0","6843","IN","Locker 12 standard kit","Locker 12","","","2026-04-29T03:33:19.577831+00:00","","","false","","",""
"2352","Locker 12 Radio Dry Bag","locker_dry_bags","Green","2051-04-22","0","6843","IN","Locker 12 standard kit","Locker 12","","","2026-04-29T03:33:19.577831+00:00","","","false","","",""
"2353","Locker 12 Emergency Shelter","locker_shelter","Green","2036-04-25","0","2737","IN","Locker 12 standard kit","Locker 12","","","2026-04-29T03:33:19.577831+00:00","","","false","","",""
"2354","Locker 12 Emergency Roll Mat","locker_misc","Green","2051-04-22","0","6843","IN","Locker 12 standard kit","Locker 12","","","2026-04-29T03:33:19.577831+00:00","","","false","","",""
"2355","Locker 12 Thermos-01","locker_misc","Green","2051-04-22","0","6843","IN","Locker 12 standard kit","Locker 12","","","2026-04-29T03:33:19.577831+00:00","","","false","","",""
"2356","Locker 12 Thermos-02","locker_misc","Green","2051-04-22","0","6843","IN","Locker 12 standard kit","Locker 12","","","2026-04-29T03:33:19.577831+00:00","","","false","","",""
"2357","Locker 12 Cups-01","locker_misc","Green","2051-04-22","0","6843","IN","Locker 12 standard kit","Locker 12","","","2026-04-29T03:33:19.577831+00:00","","","false","","",""
"2358","Locker 12 Cups-02","locker_misc","Green","2051-04-22","0","6843","IN","Locker 12 standard kit","Locker 12","","","2026-04-29T03:33:19.577831+00:00","","","false","","",""
"2359","Locker 12 Compass-01","locker_misc","Green","2051-04-22","0","6843","IN","Locker 12 standard kit","Locker 12","","","2026-04-29T03:33:19.577831+00:00","","","false","","",""
"2360","Locker 12 Compass-02","locker_misc","Green","2051-04-22","0","6843","IN","Locker 12 standard kit","Locker 12","","","2026-04-29T03:33:19.577831+00:00","","","false","","",""
"2361","Locker 12 Head Torch-01","locker_misc","Green","2051-04-22","0","6843","IN","Locker 12 standard kit","Locker 12","","","2026-04-29T03:33:19.577831+00:00","","","false","","",""
"2362","Locker 12 Head Torch-02","locker_misc","Green","2051-04-22","0","6843","IN","Locker 12 standard kit","Locker 12","","","2026-04-29T03:33:19.577831+00:00","","","false","","",""
"2363","Locker 12 Sunglasses-01","locker_misc","Green","2051-04-22","0","6843","IN","Locker 12 standard kit","Locker 12","","","2026-04-29T03:33:19.577831+00:00","","","false","","",""
"2364","Locker 12 Sunglasses-02","locker_misc","Green","2051-04-22","0","6843","IN","Locker 12 standard kit","Locker 12","","","2026-04-29T03:33:19.577831+00:00","","","false","","",""
"2365","Locker 12 Sunglasses-03","locker_misc","Green","2051-04-22","0","6843","IN","Locker 12 standard kit","Locker 12","","","2026-04-29T03:33:19.577831+00:00","","","false","","",""
"2366","Locker 12 Sunglasses-04","locker_misc","Green","2051-04-22","0","6843","IN","Locker 12 standard kit","Locker 12","","","2026-04-29T03:33:19.577831+00:00","","","false","","",""
"2367","Locker 12 Sunglasses-05","locker_misc","Green","2051-04-22","0","6843","IN","Locker 12 standard kit","Locker 12","","","2026-04-29T03:33:19.577831+00:00","","","false","","",""
"2368","Locker 12 Sunglasses-06","locker_misc","Green","2051-04-22","0","6843","IN","Locker 12 standard kit","Locker 12","","","2026-04-29T03:33:19.577831+00:00","","","false","","",""
"2369","Locker 12 Sunglasses-07","locker_misc","Green","2051-04-22","0","6843","IN","Locker 12 standard kit","Locker 12","","","2026-04-29T03:33:19.577831+00:00","","","false","","",""
"2370","Locker 12 Sunglasses-08","locker_misc","Green","2051-04-22","0","6843","IN","Locker 12 standard kit","Locker 12","","","2026-04-29T03:33:19.577831+00:00","","","false","","",""
"2371","Locker 12 Sunglasses-09","locker_misc","Green","2051-04-22","0","6843","IN","Locker 12 standard kit","Locker 12","","","2026-04-29T03:33:19.577831+00:00","","","false","","",""
"2372","Locker 12 Sunglasses-10","locker_misc","Green","2051-04-22","0","6843","IN","Locker 12 standard kit","Locker 12","","","2026-04-29T03:33:19.577831+00:00","","","false","","",""
"2373","Locker 12 Sunglasses-11","locker_misc","Green","2051-04-22","0","6843","IN","Locker 12 standard kit","Locker 12","","","2026-04-29T03:33:19.577831+00:00","","","false","","",""
"2374","Locker 12 Sunglasses-12","locker_misc","Green","2051-04-22","0","6843","IN","Locker 12 standard kit","Locker 12","","","2026-04-29T03:33:19.577831+00:00","","","false","","",""
"2375","Locker 12 Tent Pegs-01","locker_misc","Green","2051-04-22","0","6843","IN","Locker 12 standard kit","Locker 12","","","2026-04-29T03:33:19.577831+00:00","","","false","","",""
"2376","Locker 12 Tent Pegs-02","locker_misc","Green","2051-04-22","0","6843","IN","Locker 12 standard kit","Locker 12","","","2026-04-29T03:33:19.577831+00:00","","","false","","",""
"2377","Locker 12 Tent Pegs-03","locker_misc","Green","2051-04-22","0","6843","IN","Locker 12 standard kit","Locker 12","","","2026-04-29T03:33:19.577831+00:00","","","false","","",""
"2378","Locker 12 Tent Pegs-04","locker_misc","Green","2051-04-22","0","6843","IN","Locker 12 standard kit","Locker 12","","","2026-04-29T03:33:19.577831+00:00","","","false","","",""
"2379","Locker 12 Tent Pegs-05","locker_misc","Green","2051-04-22","0","6843","IN","Locker 12 standard kit","Locker 12","","","2026-04-29T03:33:19.577831+00:00","","","false","","",""
"2380","Locker 12 Tent Pegs-06","locker_misc","Green","2051-04-22","0","6843","IN","Locker 12 standard kit","Locker 12","","","2026-04-29T03:33:19.577831+00:00","","","false","","",""
"2381","Locker 12 Tent Pegs-07","locker_misc","Green","2051-04-22","0","6843","IN","Locker 12 standard kit","Locker 12","","","2026-04-29T03:33:19.577831+00:00","","","false","","",""
"2382","Locker 12 Tent Pegs-08","locker_misc","Green","2051-04-22","0","6843","IN","Locker 12 standard kit","Locker 12","","","2026-04-29T03:33:19.577831+00:00","","","false","","",""
"2383","Locker 12 Tent Pegs-09","locker_misc","Green","2051-04-22","0","6843","IN","Locker 12 standard kit","Locker 12","","","2026-04-29T03:33:19.577831+00:00","","","false","","",""
"2384","Locker 12 Tent Pegs-10","locker_misc","Green","2051-04-22","0","6843","IN","Locker 12 standard kit","Locker 12","","","2026-04-29T03:33:19.577831+00:00","","","false","","",""
"2385","Locker 12 Tent Pegs-11","locker_misc","Green","2051-04-22","0","6843","IN","Locker 12 standard kit","Locker 12","","","2026-04-29T03:33:19.577831+00:00","","","false","","",""
"2386","Locker 12 Tent Pegs-12","locker_misc","Green","2051-04-22","0","6843","IN","Locker 12 standard kit","Locker 12","","","2026-04-29T03:33:19.577831+00:00","","","false","","",""
"2387","Locker 12 Tent Pegs-13","locker_misc","Green","2051-04-22","0","6843","IN","Locker 12 standard kit","Locker 12","","","2026-04-29T03:33:19.577831+00:00","","","false","","",""
"2388","Locker 12 Tent Pegs-14","locker_misc","Green","2051-04-22","0","6843","IN","Locker 12 standard kit","Locker 12","","","2026-04-29T03:33:19.577831+00:00","","","false","","",""
"2389","Locker 12 Tent Pegs-15","locker_misc","Green","2051-04-22","0","6843","IN","Locker 12 standard kit","Locker 12","","","2026-04-29T03:33:19.577831+00:00","","","false","","",""
"2390","Locker 12 Tent Pegs-16","locker_misc","Green","2051-04-22","0","6843","IN","Locker 12 standard kit","Locker 12","","","2026-04-29T03:33:19.577831+00:00","","","false","","",""
"2391","Locker 12 Tent Pegs-17","locker_misc","Green","2051-04-22","0","6843","IN","Locker 12 standard kit","Locker 12","","","2026-04-29T03:33:19.577831+00:00","","","false","","",""
"2392","Locker 12 Tent Pegs-18","locker_misc","Green","2051-04-22","0","6843","IN","Locker 12 standard kit","Locker 12","","","2026-04-29T03:33:19.577831+00:00","","","false","","",""
"2393","Locker 12 Tent Pegs-19","locker_misc","Green","2051-04-22","0","6843","IN","Locker 12 standard kit","Locker 12","","","2026-04-29T03:33:19.577831+00:00","","","false","","",""
"2394","Locker 12 Tent Pegs-20","locker_misc","Green","2051-04-22","0","6843","IN","Locker 12 standard kit","Locker 12","","","2026-04-29T03:33:19.577831+00:00","","","false","","",""
"2395","Locker 12 Tent Pegs-21","locker_misc","Green","2051-04-22","0","6843","IN","Locker 12 standard kit","Locker 12","","","2026-04-29T03:33:19.577831+00:00","","","false","","",""
"2396","Locker 12 Tent Pegs-22","locker_misc","Green","2051-04-22","0","6843","IN","Locker 12 standard kit","Locker 12","","","2026-04-29T03:33:19.577831+00:00","","","false","","",""
"2397","Locker 12 Tent Pegs-23","locker_misc","Green","2051-04-22","0","6843","IN","Locker 12 standard kit","Locker 12","","","2026-04-29T03:33:19.577831+00:00","","","false","","",""
"2398","Locker 12 Tent Pegs-24","locker_misc","Green","2051-04-22","0","6843","IN","Locker 12 standard kit","Locker 12","","","2026-04-29T03:33:19.577831+00:00","","","false","","",""
"2399","Locker 12 Tent Pegs-25","locker_misc","Green","2051-04-22","0","6843","IN","Locker 12 standard kit","Locker 12","","","2026-04-29T03:33:19.577831+00:00","","","false","","",""
"2400","Locker 12 Tent Pegs-26","locker_misc","Green","2051-04-22","0","6843","IN","Locker 12 standard kit","Locker 12","","","2026-04-29T03:33:19.577831+00:00","","","false","","",""
"2401","Locker 12 Tent Pegs-27","locker_misc","Green","2051-04-22","0","6843","IN","Locker 12 standard kit","Locker 12","","","2026-04-29T03:33:19.577831+00:00","","","false","","",""
"2402","Locker 12 Tent Pegs-28","locker_misc","Green","2051-04-22","0","6843","IN","Locker 12 standard kit","Locker 12","","","2026-04-29T03:33:19.577831+00:00","","","false","","",""
"2403","Locker 12 Tent Pegs-29","locker_misc","Green","2051-04-22","0","6843","IN","Locker 12 standard kit","Locker 12","","","2026-04-29T03:33:19.577831+00:00","","","false","","",""
"2404","Locker 12 Tent Pegs-30","locker_misc","Green","2051-04-22","0","6843","IN","Locker 12 standard kit","Locker 12","","","2026-04-29T03:33:19.577831+00:00","","","false","","",""
"2405","Locker 12 Tent Pegs-31","locker_misc","Green","2051-04-22","0","6843","IN","Locker 12 standard kit","Locker 12","","","2026-04-29T03:33:19.577831+00:00","","","false","","",""
"2406","Locker 12 Tent Pegs-32","locker_misc","Green","2051-04-22","0","6843","IN","Locker 12 standard kit","Locker 12","","","2026-04-29T03:33:19.577831+00:00","","","false","","",""
"2407","Locker 12 Tent Pegs-33","locker_misc","Green","2051-04-22","0","6843","IN","Locker 12 standard kit","Locker 12","","","2026-04-29T03:33:19.577831+00:00","","","false","","",""
"2408","Locker 12 Tent Pegs-34","locker_misc","Green","2051-04-22","0","6843","IN","Locker 12 standard kit","Locker 12","","","2026-04-29T03:33:19.577831+00:00","","","false","","",""
"2409","Locker 12 Tent Pegs-35","locker_misc","Green","2051-04-22","0","6843","IN","Locker 12 standard kit","Locker 12","","","2026-04-29T03:33:19.577831+00:00","","","false","","",""
"2410","Locker 12 Tent Pegs-36","locker_misc","Green","2051-04-22","0","6843","IN","Locker 12 standard kit","Locker 12","","","2026-04-29T03:33:19.577831+00:00","","","false","","",""
"2411","Locker 12 Tent Pegs-37","locker_misc","Green","2051-04-22","0","6843","IN","Locker 12 standard kit","Locker 12","","","2026-04-29T03:33:19.577831+00:00","","","false","","",""
"2412","Locker 12 Tent Pegs-38","locker_misc","Green","2051-04-22","0","6843","IN","Locker 12 standard kit","Locker 12","","","2026-04-29T03:33:19.577831+00:00","","","false","","",""
"2413","Locker 12 Tent Pegs-39","locker_misc","Green","2051-04-22","0","6843","IN","Locker 12 standard kit","Locker 12","","","2026-04-29T03:33:19.577831+00:00","","","false","","",""
"2414","Locker 12 Tent Pegs-40","locker_misc","Green","2051-04-22","0","6843","IN","Locker 12 standard kit","Locker 12","","","2026-04-29T03:33:19.577831+00:00","","","false","","",""
"2415","Locker 12 Tent Peg Bag-01","locker_misc","Green","2051-04-22","0","6843","IN","Locker 12 standard kit","Locker 12","","","2026-04-29T03:33:19.577831+00:00","","","false","","",""
"2416","Locker 12 Tent Peg Bag-02","locker_misc","Green","2051-04-22","0","6843","IN","Locker 12 standard kit","Locker 12","","","2026-04-29T03:33:19.577831+00:00","","","false","","",""
"2417","Locker 12 Whistle-01","locker_misc","Green","2051-04-22","0","6843","IN","Locker 12 standard kit","Locker 12","","","2026-04-29T03:33:19.577831+00:00","","","false","","",""
"2418","Locker 12 Whistle-02","locker_misc","Green","2051-04-22","0","6843","IN","Locker 12 standard kit","Locker 12","","","2026-04-29T03:33:19.577831+00:00","","","false","","",""
"2419","Locker 12 Large Spoon-01","locker_misc","Green","2051-04-22","0","6843","IN","Locker 12 standard kit","Locker 12","","","2026-04-29T03:33:19.577831+00:00","","","false","","",""
"2420","Locker 12 Large Spoon-02","locker_misc","Green","2051-04-22","0","6843","IN","Locker 12 standard kit","Locker 12","","","2026-04-29T03:33:19.577831+00:00","","","false","","",""
"2421","Locker 12 Large Pot + Lid-01","locker_misc","Green","2051-04-22","0","6843","IN","Locker 12 standard kit","Locker 12","","","2026-04-29T03:33:19.577831+00:00","","","false","","",""
"2422","Locker 12 Large Pot + Lid-02","locker_misc","Green","2051-04-22","0","6843","IN","Locker 12 standard kit","Locker 12","","","2026-04-29T03:33:19.577831+00:00","","","false","","",""
"2423","Locker 12 Trangia + Base","locker_misc","Green","2051-04-22","0","6843","IN","Locker 12 standard kit","Locker 12","","","2026-04-29T03:33:19.577831+00:00","","","false","","",""
"2424","Locker 12 Small Pot","locker_misc","Green","2051-04-22","0","6843","IN","Locker 12 standard kit","Locker 12","","","2026-04-29T03:33:19.577831+00:00","","","false","","",""
"2425","Locker 12 Can Opener-01","locker_misc","Green","2051-04-22","0","6843","IN","Locker 12 standard kit","Locker 12","","","2026-04-29T03:33:19.577831+00:00","","","false","","",""
"2426","Locker 12 Can Opener-02","locker_misc","Green","2051-04-22","0","6843","IN","Locker 12 standard kit","Locker 12","","","2026-04-29T03:33:19.577831+00:00","","","false","","",""
"2427","Locker 12 Biolite Stove","locker_misc","Green","2051-04-22","0","6843","IN","Locker 12 standard kit","Locker 12","","","2026-04-29T03:33:19.577831+00:00","","","false","","",""
"2428","Locker 13 Bush Rope","cord_tape","Green","2036-04-25","0","2737","IN","Locker 13 standard kit","Locker 13","","","2026-04-29T03:33:19.577831+00:00","","","false","","",""
"2429","Locker 13 Sling 120cm-01","locker_slings","Green","2036-04-25","0","2737","IN","Locker 13 standard kit","Locker 13","","","2026-04-29T03:33:19.577831+00:00","","","false","","",""
"2430","Locker 13 Sling 120cm-02","locker_slings","Green","2036-04-25","0","2737","IN","Locker 13 standard kit","Locker 13","","","2026-04-29T03:33:19.577831+00:00","","","false","","",""
"2431","Locker 13 Carabiner Alloy-01","locker_carabiners","Green","2036-04-25","0","2737","IN","Locker 13 standard kit","Locker 13","","","2026-04-29T03:33:19.577831+00:00","","","false","","",""
"2432","Locker 13 Carabiner Alloy-02","locker_carabiners","Green","2036-04-25","0","2737","IN","Locker 13 standard kit","Locker 13","","","2026-04-29T03:33:19.577831+00:00","","","false","","",""
"2433","Locker 13 Carabiner Alloy-03","locker_carabiners","Green","2036-04-25","0","2737","IN","Locker 13 standard kit","Locker 13","","","2026-04-29T03:33:19.577831+00:00","","","false","","",""
"2434","Locker 13 Carabiner Alloy-04","locker_carabiners","Green","2036-04-25","0","2737","IN","Locker 13 standard kit","Locker 13","","","2026-04-29T03:33:19.577831+00:00","","","false","","",""
"2435","Locker 13 Carabiner Alloy-05","locker_carabiners","Green","2036-04-25","0","2737","IN","Locker 13 standard kit","Locker 13","","","2026-04-29T03:33:19.577831+00:00","","","false","","",""
"2436","Locker 13 Carabiner Alloy-06","locker_carabiners","Green","2036-04-25","0","2737","IN","Locker 13 standard kit","Locker 13","","","2026-04-29T03:33:19.577831+00:00","","","false","","",""
"2437","Locker 13 Carabiner Steel","locker_carabiners","Green","2036-04-25","0","2737","IN","Locker 13 standard kit","Locker 13","","","2026-04-29T03:33:19.577831+00:00","","","false","","",""
"2438","Locker 13 Prusik Loop","locker_prusiks","Green","2036-04-25","0","2737","IN","Locker 13 standard kit","Locker 13","","","2026-04-29T03:33:19.577831+00:00","","","false","","",""
"2439","Locker 13 Dry Bag","locker_dry_bags","Green","2051-04-22","0","6843","IN","Locker 13 standard kit","Locker 13","","","2026-04-29T03:33:19.577831+00:00","","","false","","",""
"2440","Locker 13 Radio Dry Bag","locker_dry_bags","Green","2051-04-22","0","6843","IN","Locker 13 standard kit","Locker 13","","","2026-04-29T03:33:19.577831+00:00","","","false","","",""
"2441","Locker 13 Emergency Shelter","locker_shelter","Green","2036-04-25","0","2737","IN","Locker 13 standard kit","Locker 13","","","2026-04-29T03:33:19.577831+00:00","","","false","","",""
"2442","Locker 13 Emergency Roll Mat","locker_misc","Green","2051-04-22","0","6843","IN","Locker 13 standard kit","Locker 13","","","2026-04-29T03:33:19.577831+00:00","","","false","","",""
"2443","Locker 13 Thermos-01","locker_misc","Green","2051-04-22","0","6843","IN","Locker 13 standard kit","Locker 13","","","2026-04-29T03:33:19.577831+00:00","","","false","","",""
"2444","Locker 13 Thermos-02","locker_misc","Green","2051-04-22","0","6843","IN","Locker 13 standard kit","Locker 13","","","2026-04-29T03:33:19.577831+00:00","","","false","","",""
"2445","Locker 13 Cups-01","locker_misc","Green","2051-04-22","0","6843","IN","Locker 13 standard kit","Locker 13","","","2026-04-29T03:33:19.577831+00:00","","","false","","",""
"2446","Locker 13 Cups-02","locker_misc","Green","2051-04-22","0","6843","IN","Locker 13 standard kit","Locker 13","","","2026-04-29T03:33:19.577831+00:00","","","false","","",""
"2447","Locker 13 Compass-01","locker_misc","Green","2051-04-22","0","6843","IN","Locker 13 standard kit","Locker 13","","","2026-04-29T03:33:19.577831+00:00","","","false","","",""
"2448","Locker 13 Compass-02","locker_misc","Green","2051-04-22","0","6843","IN","Locker 13 standard kit","Locker 13","","","2026-04-29T03:33:19.577831+00:00","","","false","","",""
"2449","Locker 13 Head Torch-01","locker_misc","Green","2051-04-22","0","6843","IN","Locker 13 standard kit","Locker 13","","","2026-04-29T03:33:19.577831+00:00","","","false","","",""
"2450","Locker 13 Head Torch-02","locker_misc","Green","2051-04-22","0","6843","IN","Locker 13 standard kit","Locker 13","","","2026-04-29T03:33:19.577831+00:00","","","false","","",""
"2451","Locker 13 Sunglasses-01","locker_misc","Green","2051-04-22","0","6843","IN","Locker 13 standard kit","Locker 13","","","2026-04-29T03:33:19.577831+00:00","","","false","","",""
"2452","Locker 13 Sunglasses-02","locker_misc","Green","2051-04-22","0","6843","IN","Locker 13 standard kit","Locker 13","","","2026-04-29T03:33:19.577831+00:00","","","false","","",""
"2453","Locker 13 Sunglasses-03","locker_misc","Green","2051-04-22","0","6843","IN","Locker 13 standard kit","Locker 13","","","2026-04-29T03:33:19.577831+00:00","","","false","","",""
"2454","Locker 13 Sunglasses-04","locker_misc","Green","2051-04-22","0","6843","IN","Locker 13 standard kit","Locker 13","","","2026-04-29T03:33:19.577831+00:00","","","false","","",""
"2455","Locker 13 Sunglasses-05","locker_misc","Green","2051-04-22","0","6843","IN","Locker 13 standard kit","Locker 13","","","2026-04-29T03:33:19.577831+00:00","","","false","","",""
"2456","Locker 13 Sunglasses-06","locker_misc","Green","2051-04-22","0","6843","IN","Locker 13 standard kit","Locker 13","","","2026-04-29T03:33:19.577831+00:00","","","false","","",""
"2457","Locker 13 Sunglasses-07","locker_misc","Green","2051-04-22","0","6843","IN","Locker 13 standard kit","Locker 13","","","2026-04-29T03:33:19.577831+00:00","","","false","","",""
"2458","Locker 13 Sunglasses-08","locker_misc","Green","2051-04-22","0","6843","IN","Locker 13 standard kit","Locker 13","","","2026-04-29T03:33:19.577831+00:00","","","false","","",""
"2459","Locker 13 Sunglasses-09","locker_misc","Green","2051-04-22","0","6843","IN","Locker 13 standard kit","Locker 13","","","2026-04-29T03:33:19.577831+00:00","","","false","","",""
"2460","Locker 13 Sunglasses-10","locker_misc","Green","2051-04-22","0","6843","IN","Locker 13 standard kit","Locker 13","","","2026-04-29T03:33:19.577831+00:00","","","false","","",""
"2461","Locker 13 Sunglasses-11","locker_misc","Green","2051-04-22","0","6843","IN","Locker 13 standard kit","Locker 13","","","2026-04-29T03:33:19.577831+00:00","","","false","","",""
"2462","Locker 13 Sunglasses-12","locker_misc","Green","2051-04-22","0","6843","IN","Locker 13 standard kit","Locker 13","","","2026-04-29T03:33:19.577831+00:00","","","false","","",""
"2463","Locker 13 Tent Pegs-01","locker_misc","Green","2051-04-22","0","6843","IN","Locker 13 standard kit","Locker 13","","","2026-04-29T03:33:19.577831+00:00","","","false","","",""
"2464","Locker 13 Tent Pegs-02","locker_misc","Green","2051-04-22","0","6843","IN","Locker 13 standard kit","Locker 13","","","2026-04-29T03:33:19.577831+00:00","","","false","","",""
"2465","Locker 13 Tent Pegs-03","locker_misc","Green","2051-04-22","0","6843","IN","Locker 13 standard kit","Locker 13","","","2026-04-29T03:33:19.577831+00:00","","","false","","",""
"2466","Locker 13 Tent Pegs-04","locker_misc","Green","2051-04-22","0","6843","IN","Locker 13 standard kit","Locker 13","","","2026-04-29T03:33:19.577831+00:00","","","false","","",""
"2467","Locker 13 Tent Pegs-05","locker_misc","Green","2051-04-22","0","6843","IN","Locker 13 standard kit","Locker 13","","","2026-04-29T03:33:19.577831+00:00","","","false","","",""
"2468","Locker 13 Tent Pegs-06","locker_misc","Green","2051-04-22","0","6843","IN","Locker 13 standard kit","Locker 13","","","2026-04-29T03:33:19.577831+00:00","","","false","","",""
"2469","Locker 13 Tent Pegs-07","locker_misc","Green","2051-04-22","0","6843","IN","Locker 13 standard kit","Locker 13","","","2026-04-29T03:33:19.577831+00:00","","","false","","",""
"2470","Locker 13 Tent Pegs-08","locker_misc","Green","2051-04-22","0","6843","IN","Locker 13 standard kit","Locker 13","","","2026-04-29T03:33:19.577831+00:00","","","false","","",""
"2471","Locker 13 Tent Pegs-09","locker_misc","Green","2051-04-22","0","6843","IN","Locker 13 standard kit","Locker 13","","","2026-04-29T03:33:19.577831+00:00","","","false","","",""
"2472","Locker 13 Tent Pegs-10","locker_misc","Green","2051-04-22","0","6843","IN","Locker 13 standard kit","Locker 13","","","2026-04-29T03:33:19.577831+00:00","","","false","","",""
"2473","Locker 13 Tent Pegs-11","locker_misc","Green","2051-04-22","0","6843","IN","Locker 13 standard kit","Locker 13","","","2026-04-29T03:33:19.577831+00:00","","","false","","",""
"2474","Locker 13 Tent Pegs-12","locker_misc","Green","2051-04-22","0","6843","IN","Locker 13 standard kit","Locker 13","","","2026-04-29T03:33:19.577831+00:00","","","false","","",""
"2475","Locker 13 Tent Pegs-13","locker_misc","Green","2051-04-22","0","6843","IN","Locker 13 standard kit","Locker 13","","","2026-04-29T03:33:19.577831+00:00","","","false","","",""
"2476","Locker 13 Tent Pegs-14","locker_misc","Green","2051-04-22","0","6843","IN","Locker 13 standard kit","Locker 13","","","2026-04-29T03:33:19.577831+00:00","","","false","","",""
"2477","Locker 13 Tent Pegs-15","locker_misc","Green","2051-04-22","0","6843","IN","Locker 13 standard kit","Locker 13","","","2026-04-29T03:33:19.577831+00:00","","","false","","",""
"2478","Locker 13 Tent Pegs-16","locker_misc","Green","2051-04-22","0","6843","IN","Locker 13 standard kit","Locker 13","","","2026-04-29T03:33:19.577831+00:00","","","false","","",""
"2479","Locker 13 Tent Pegs-17","locker_misc","Green","2051-04-22","0","6843","IN","Locker 13 standard kit","Locker 13","","","2026-04-29T03:33:19.577831+00:00","","","false","","",""
"2480","Locker 13 Tent Pegs-18","locker_misc","Green","2051-04-22","0","6843","IN","Locker 13 standard kit","Locker 13","","","2026-04-29T03:33:19.577831+00:00","","","false","","",""
"2481","Locker 13 Tent Pegs-19","locker_misc","Green","2051-04-22","0","6843","IN","Locker 13 standard kit","Locker 13","","","2026-04-29T03:33:19.577831+00:00","","","false","","",""
"2482","Locker 13 Tent Pegs-20","locker_misc","Green","2051-04-22","0","6843","IN","Locker 13 standard kit","Locker 13","","","2026-04-29T03:33:19.577831+00:00","","","false","","",""
"2483","Locker 13 Tent Pegs-21","locker_misc","Green","2051-04-22","0","6843","IN","Locker 13 standard kit","Locker 13","","","2026-04-29T03:33:19.577831+00:00","","","false","","",""
"2484","Locker 13 Tent Pegs-22","locker_misc","Green","2051-04-22","0","6843","IN","Locker 13 standard kit","Locker 13","","","2026-04-29T03:33:19.577831+00:00","","","false","","",""
"2485","Locker 13 Tent Pegs-23","locker_misc","Green","2051-04-22","0","6843","IN","Locker 13 standard kit","Locker 13","","","2026-04-29T03:33:19.577831+00:00","","","false","","",""
"2486","Locker 13 Tent Pegs-24","locker_misc","Green","2051-04-22","0","6843","IN","Locker 13 standard kit","Locker 13","","","2026-04-29T03:33:19.577831+00:00","","","false","","",""
"2487","Locker 13 Tent Pegs-25","locker_misc","Green","2051-04-22","0","6843","IN","Locker 13 standard kit","Locker 13","","","2026-04-29T03:33:19.577831+00:00","","","false","","",""
"2488","Locker 13 Tent Pegs-26","locker_misc","Green","2051-04-22","0","6843","IN","Locker 13 standard kit","Locker 13","","","2026-04-29T03:33:19.577831+00:00","","","false","","",""
"2489","Locker 13 Tent Pegs-27","locker_misc","Green","2051-04-22","0","6843","IN","Locker 13 standard kit","Locker 13","","","2026-04-29T03:33:19.577831+00:00","","","false","","",""
"2490","Locker 13 Tent Pegs-28","locker_misc","Green","2051-04-22","0","6843","IN","Locker 13 standard kit","Locker 13","","","2026-04-29T03:33:19.577831+00:00","","","false","","",""
"2491","Locker 13 Tent Pegs-29","locker_misc","Green","2051-04-22","0","6843","IN","Locker 13 standard kit","Locker 13","","","2026-04-29T03:33:19.577831+00:00","","","false","","",""
"2492","Locker 13 Tent Pegs-30","locker_misc","Green","2051-04-22","0","6843","IN","Locker 13 standard kit","Locker 13","","","2026-04-29T03:33:19.577831+00:00","","","false","","",""
"2493","Locker 13 Tent Pegs-31","locker_misc","Green","2051-04-22","0","6843","IN","Locker 13 standard kit","Locker 13","","","2026-04-29T03:33:19.577831+00:00","","","false","","",""
"2494","Locker 13 Tent Pegs-32","locker_misc","Green","2051-04-22","0","6843","IN","Locker 13 standard kit","Locker 13","","","2026-04-29T03:33:19.577831+00:00","","","false","","",""
"2495","Locker 13 Tent Pegs-33","locker_misc","Green","2051-04-22","0","6843","IN","Locker 13 standard kit","Locker 13","","","2026-04-29T03:33:19.577831+00:00","","","false","","",""
"2496","Locker 13 Tent Pegs-34","locker_misc","Green","2051-04-22","0","6843","IN","Locker 13 standard kit","Locker 13","","","2026-04-29T03:33:19.577831+00:00","","","false","","",""
"2497","Locker 13 Tent Pegs-35","locker_misc","Green","2051-04-22","0","6843","IN","Locker 13 standard kit","Locker 13","","","2026-04-29T03:33:19.577831+00:00","","","false","","",""
"2498","Locker 13 Tent Pegs-36","locker_misc","Green","2051-04-22","0","6843","IN","Locker 13 standard kit","Locker 13","","","2026-04-29T03:33:19.577831+00:00","","","false","","",""
"2499","Locker 13 Tent Pegs-37","locker_misc","Green","2051-04-22","0","6843","IN","Locker 13 standard kit","Locker 13","","","2026-04-29T03:33:19.577831+00:00","","","false","","",""
"2500","Locker 13 Tent Pegs-38","locker_misc","Green","2051-04-22","0","6843","IN","Locker 13 standard kit","Locker 13","","","2026-04-29T03:33:19.577831+00:00","","","false","","",""
"2501","Locker 13 Tent Pegs-39","locker_misc","Green","2051-04-22","0","6843","IN","Locker 13 standard kit","Locker 13","","","2026-04-29T03:33:19.577831+00:00","","","false","","",""
"2502","Locker 13 Tent Pegs-40","locker_misc","Green","2051-04-22","0","6843","IN","Locker 13 standard kit","Locker 13","","","2026-04-29T03:33:19.577831+00:00","","","false","","",""
"2503","Locker 13 Tent Peg Bag-01","locker_misc","Green","2051-04-22","0","6843","IN","Locker 13 standard kit","Locker 13","","","2026-04-29T03:33:19.577831+00:00","","","false","","",""
"2504","Locker 13 Tent Peg Bag-02","locker_misc","Green","2051-04-22","0","6843","IN","Locker 13 standard kit","Locker 13","","","2026-04-29T03:33:19.577831+00:00","","","false","","",""
"2505","Locker 13 Whistle-01","locker_misc","Green","2051-04-22","0","6843","IN","Locker 13 standard kit","Locker 13","","","2026-04-29T03:33:19.577831+00:00","","","false","","",""
"2506","Locker 13 Whistle-02","locker_misc","Green","2051-04-22","0","6843","IN","Locker 13 standard kit","Locker 13","","","2026-04-29T03:33:19.577831+00:00","","","false","","",""
"2507","Locker 13 Large Spoon-01","locker_misc","Green","2051-04-22","0","6843","IN","Locker 13 standard kit","Locker 13","","","2026-04-29T03:33:19.577831+00:00","","","false","","",""
"2508","Locker 13 Large Spoon-02","locker_misc","Green","2051-04-22","0","6843","IN","Locker 13 standard kit","Locker 13","","","2026-04-29T03:33:19.577831+00:00","","","false","","",""
"2509","Locker 13 Large Pot + Lid-01","locker_misc","Green","2051-04-22","0","6843","IN","Locker 13 standard kit","Locker 13","","","2026-04-29T03:33:19.577831+00:00","","","false","","",""
"2510","Locker 13 Large Pot + Lid-02","locker_misc","Green","2051-04-22","0","6843","IN","Locker 13 standard kit","Locker 13","","","2026-04-29T03:33:19.577831+00:00","","","false","","",""
"2511","Locker 13 Trangia + Base","locker_misc","Green","2051-04-22","0","6843","IN","Locker 13 standard kit","Locker 13","","","2026-04-29T03:33:19.577831+00:00","","","false","","",""
"2512","Locker 13 Small Pot","locker_misc","Green","2051-04-22","0","6843","IN","Locker 13 standard kit","Locker 13","","","2026-04-29T03:33:19.577831+00:00","","","false","","",""
"2513","Locker 13 Can Opener-01","locker_misc","Green","2051-04-22","0","6843","IN","Locker 13 standard kit","Locker 13","","","2026-04-29T03:33:19.577831+00:00","","","false","","",""
"2514","Locker 13 Can Opener-02","locker_misc","Green","2051-04-22","0","6843","IN","Locker 13 standard kit","Locker 13","","","2026-04-29T03:33:19.577831+00:00","","","false","","",""
"2515","Locker 13 Biolite Stove","locker_misc","Green","2051-04-22","0","6843","IN","Locker 13 standard kit","Locker 13","","","2026-04-29T03:33:19.577831+00:00","","","false","","",""
"2516","Locker 14 Bush Rope","cord_tape","Green","2036-04-25","0","2737","IN","Locker 14 standard kit","Locker 14","","","2026-04-29T03:33:19.577831+00:00","","","false","","",""
"2517","Locker 14 Sling 120cm-01","locker_slings","Green","2036-04-25","0","2737","IN","Locker 14 standard kit","Locker 14","","","2026-04-29T03:33:19.577831+00:00","","","false","","",""
"2518","Locker 14 Sling 120cm-02","locker_slings","Green","2036-04-25","0","2737","IN","Locker 14 standard kit","Locker 14","","","2026-04-29T03:33:19.577831+00:00","","","false","","",""
"2519","Locker 14 Carabiner Alloy-01","locker_carabiners","Green","2036-04-25","0","2737","IN","Locker 14 standard kit","Locker 14","","","2026-04-29T03:33:19.577831+00:00","","","false","","",""
"2520","Locker 14 Carabiner Alloy-02","locker_carabiners","Green","2036-04-25","0","2737","IN","Locker 14 standard kit","Locker 14","","","2026-04-29T03:33:19.577831+00:00","","","false","","",""
"2521","Locker 14 Carabiner Alloy-03","locker_carabiners","Green","2036-04-25","0","2737","IN","Locker 14 standard kit","Locker 14","","","2026-04-29T03:33:19.577831+00:00","","","false","","",""
"2522","Locker 14 Carabiner Alloy-04","locker_carabiners","Green","2036-04-25","0","2737","IN","Locker 14 standard kit","Locker 14","","","2026-04-29T03:33:19.577831+00:00","","","false","","",""
"2523","Locker 14 Carabiner Alloy-05","locker_carabiners","Green","2036-04-25","0","2737","IN","Locker 14 standard kit","Locker 14","","","2026-04-29T03:33:19.577831+00:00","","","false","","",""
"2524","Locker 14 Carabiner Alloy-06","locker_carabiners","Green","2036-04-25","0","2737","IN","Locker 14 standard kit","Locker 14","","","2026-04-29T03:33:19.577831+00:00","","","false","","",""
"2525","Locker 14 Carabiner Steel","locker_carabiners","Green","2036-04-25","0","2737","IN","Locker 14 standard kit","Locker 14","","","2026-04-29T03:33:19.577831+00:00","","","false","","",""
"2526","Locker 14 Prusik Loop","locker_prusiks","Green","2036-04-25","0","2737","IN","Locker 14 standard kit","Locker 14","","","2026-04-29T03:33:19.577831+00:00","","","false","","",""
"2527","Locker 14 Dry Bag","locker_dry_bags","Green","2051-04-22","0","6843","IN","Locker 14 standard kit","Locker 14","","","2026-04-29T03:33:19.577831+00:00","","","false","","",""
"2528","Locker 14 Radio Dry Bag","locker_dry_bags","Green","2051-04-22","0","6843","IN","Locker 14 standard kit","Locker 14","","","2026-04-29T03:33:19.577831+00:00","","","false","","",""
"2529","Locker 14 Emergency Shelter","locker_shelter","Green","2036-04-25","0","2737","IN","Locker 14 standard kit","Locker 14","","","2026-04-29T03:33:19.577831+00:00","","","false","","",""
"2530","Locker 14 Emergency Roll Mat","locker_misc","Green","2051-04-22","0","6843","IN","Locker 14 standard kit","Locker 14","","","2026-04-29T03:33:19.577831+00:00","","","false","","",""
"2531","Locker 14 Thermos-01","locker_misc","Green","2051-04-22","0","6843","IN","Locker 14 standard kit","Locker 14","","","2026-04-29T03:33:19.577831+00:00","","","false","","",""
"2532","Locker 14 Thermos-02","locker_misc","Green","2051-04-22","0","6843","IN","Locker 14 standard kit","Locker 14","","","2026-04-29T03:33:19.577831+00:00","","","false","","",""
"2533","Locker 14 Cups-01","locker_misc","Green","2051-04-22","0","6843","IN","Locker 14 standard kit","Locker 14","","","2026-04-29T03:33:19.577831+00:00","","","false","","",""
"2534","Locker 14 Cups-02","locker_misc","Green","2051-04-22","0","6843","IN","Locker 14 standard kit","Locker 14","","","2026-04-29T03:33:19.577831+00:00","","","false","","",""
"2535","Locker 14 Compass-01","locker_misc","Green","2051-04-22","0","6843","IN","Locker 14 standard kit","Locker 14","","","2026-04-29T03:33:19.577831+00:00","","","false","","",""
"2536","Locker 14 Compass-02","locker_misc","Green","2051-04-22","0","6843","IN","Locker 14 standard kit","Locker 14","","","2026-04-29T03:33:19.577831+00:00","","","false","","",""
"2537","Locker 14 Head Torch-01","locker_misc","Green","2051-04-22","0","6843","IN","Locker 14 standard kit","Locker 14","","","2026-04-29T03:33:19.577831+00:00","","","false","","",""
"2538","Locker 14 Head Torch-02","locker_misc","Green","2051-04-22","0","6843","IN","Locker 14 standard kit","Locker 14","","","2026-04-29T03:33:19.577831+00:00","","","false","","",""
"2539","Locker 14 Sunglasses-01","locker_misc","Green","2051-04-22","0","6843","IN","Locker 14 standard kit","Locker 14","","","2026-04-29T03:33:19.577831+00:00","","","false","","",""
"2540","Locker 14 Sunglasses-02","locker_misc","Green","2051-04-22","0","6843","IN","Locker 14 standard kit","Locker 14","","","2026-04-29T03:33:19.577831+00:00","","","false","","",""
"2541","Locker 14 Sunglasses-03","locker_misc","Green","2051-04-22","0","6843","IN","Locker 14 standard kit","Locker 14","","","2026-04-29T03:33:19.577831+00:00","","","false","","",""
"2542","Locker 14 Sunglasses-04","locker_misc","Green","2051-04-22","0","6843","IN","Locker 14 standard kit","Locker 14","","","2026-04-29T03:33:19.577831+00:00","","","false","","",""
"2543","Locker 14 Sunglasses-05","locker_misc","Green","2051-04-22","0","6843","IN","Locker 14 standard kit","Locker 14","","","2026-04-29T03:33:19.577831+00:00","","","false","","",""
"2544","Locker 14 Sunglasses-06","locker_misc","Green","2051-04-22","0","6843","IN","Locker 14 standard kit","Locker 14","","","2026-04-29T03:33:19.577831+00:00","","","false","","",""
"2545","Locker 14 Sunglasses-07","locker_misc","Green","2051-04-22","0","6843","IN","Locker 14 standard kit","Locker 14","","","2026-04-29T03:33:19.577831+00:00","","","false","","",""
"2546","Locker 14 Sunglasses-08","locker_misc","Green","2051-04-22","0","6843","IN","Locker 14 standard kit","Locker 14","","","2026-04-29T03:33:19.577831+00:00","","","false","","",""
"2547","Locker 14 Sunglasses-09","locker_misc","Green","2051-04-22","0","6843","IN","Locker 14 standard kit","Locker 14","","","2026-04-29T03:33:19.577831+00:00","","","false","","",""
"2548","Locker 14 Sunglasses-10","locker_misc","Green","2051-04-22","0","6843","IN","Locker 14 standard kit","Locker 14","","","2026-04-29T03:33:19.577831+00:00","","","false","","",""
"2549","Locker 14 Sunglasses-11","locker_misc","Green","2051-04-22","0","6843","IN","Locker 14 standard kit","Locker 14","","","2026-04-29T03:33:19.577831+00:00","","","false","","",""
"2550","Locker 14 Sunglasses-12","locker_misc","Green","2051-04-22","0","6843","IN","Locker 14 standard kit","Locker 14","","","2026-04-29T03:33:19.577831+00:00","","","false","","",""
"2551","Locker 14 Tent Pegs-01","locker_misc","Green","2051-04-22","0","6843","IN","Locker 14 standard kit","Locker 14","","","2026-04-29T03:33:19.577831+00:00","","","false","","",""
"2552","Locker 14 Tent Pegs-02","locker_misc","Green","2051-04-22","0","6843","IN","Locker 14 standard kit","Locker 14","","","2026-04-29T03:33:19.577831+00:00","","","false","","",""
"2553","Locker 14 Tent Pegs-03","locker_misc","Green","2051-04-22","0","6843","IN","Locker 14 standard kit","Locker 14","","","2026-04-29T03:33:19.577831+00:00","","","false","","",""
"2554","Locker 14 Tent Pegs-04","locker_misc","Green","2051-04-22","0","6843","IN","Locker 14 standard kit","Locker 14","","","2026-04-29T03:33:19.577831+00:00","","","false","","",""
"2555","Locker 14 Tent Pegs-05","locker_misc","Green","2051-04-22","0","6843","IN","Locker 14 standard kit","Locker 14","","","2026-04-29T03:33:19.577831+00:00","","","false","","",""
"2556","Locker 14 Tent Pegs-06","locker_misc","Green","2051-04-22","0","6843","IN","Locker 14 standard kit","Locker 14","","","2026-04-29T03:33:19.577831+00:00","","","false","","",""
"2557","Locker 14 Tent Pegs-07","locker_misc","Green","2051-04-22","0","6843","IN","Locker 14 standard kit","Locker 14","","","2026-04-29T03:33:19.577831+00:00","","","false","","",""
"2558","Locker 14 Tent Pegs-08","locker_misc","Green","2051-04-22","0","6843","IN","Locker 14 standard kit","Locker 14","","","2026-04-29T03:33:19.577831+00:00","","","false","","",""
"2559","Locker 14 Tent Pegs-09","locker_misc","Green","2051-04-22","0","6843","IN","Locker 14 standard kit","Locker 14","","","2026-04-29T03:33:19.577831+00:00","","","false","","",""
"2560","Locker 14 Tent Pegs-10","locker_misc","Green","2051-04-22","0","6843","IN","Locker 14 standard kit","Locker 14","","","2026-04-29T03:33:19.577831+00:00","","","false","","",""
"2561","Locker 14 Tent Pegs-11","locker_misc","Green","2051-04-22","0","6843","IN","Locker 14 standard kit","Locker 14","","","2026-04-29T03:33:19.577831+00:00","","","false","","",""
"2562","Locker 14 Tent Pegs-12","locker_misc","Green","2051-04-22","0","6843","IN","Locker 14 standard kit","Locker 14","","","2026-04-29T03:33:19.577831+00:00","","","false","","",""
"2563","Locker 14 Tent Pegs-13","locker_misc","Green","2051-04-22","0","6843","IN","Locker 14 standard kit","Locker 14","","","2026-04-29T03:33:19.577831+00:00","","","false","","",""
"2564","Locker 14 Tent Pegs-14","locker_misc","Green","2051-04-22","0","6843","IN","Locker 14 standard kit","Locker 14","","","2026-04-29T03:33:19.577831+00:00","","","false","","",""
"2565","Locker 14 Tent Pegs-15","locker_misc","Green","2051-04-22","0","6843","IN","Locker 14 standard kit","Locker 14","","","2026-04-29T03:33:19.577831+00:00","","","false","","",""
"2566","Locker 14 Tent Pegs-16","locker_misc","Green","2051-04-22","0","6843","IN","Locker 14 standard kit","Locker 14","","","2026-04-29T03:33:19.577831+00:00","","","false","","",""
"2567","Locker 14 Tent Pegs-17","locker_misc","Green","2051-04-22","0","6843","IN","Locker 14 standard kit","Locker 14","","","2026-04-29T03:33:19.577831+00:00","","","false","","",""
"2568","Locker 14 Tent Pegs-18","locker_misc","Green","2051-04-22","0","6843","IN","Locker 14 standard kit","Locker 14","","","2026-04-29T03:33:19.577831+00:00","","","false","","",""
"2569","Locker 14 Tent Pegs-19","locker_misc","Green","2051-04-22","0","6843","IN","Locker 14 standard kit","Locker 14","","","2026-04-29T03:33:19.577831+00:00","","","false","","",""
"2570","Locker 14 Tent Pegs-20","locker_misc","Green","2051-04-22","0","6843","IN","Locker 14 standard kit","Locker 14","","","2026-04-29T03:33:19.577831+00:00","","","false","","",""
"2571","Locker 14 Tent Pegs-21","locker_misc","Green","2051-04-22","0","6843","IN","Locker 14 standard kit","Locker 14","","","2026-04-29T03:33:19.577831+00:00","","","false","","",""
"2572","Locker 14 Tent Pegs-22","locker_misc","Green","2051-04-22","0","6843","IN","Locker 14 standard kit","Locker 14","","","2026-04-29T03:33:19.577831+00:00","","","false","","",""
"2573","Locker 14 Tent Pegs-23","locker_misc","Green","2051-04-22","0","6843","IN","Locker 14 standard kit","Locker 14","","","2026-04-29T03:33:19.577831+00:00","","","false","","",""
"2574","Locker 14 Tent Pegs-24","locker_misc","Green","2051-04-22","0","6843","IN","Locker 14 standard kit","Locker 14","","","2026-04-29T03:33:19.577831+00:00","","","false","","",""
"2575","Locker 14 Tent Pegs-25","locker_misc","Green","2051-04-22","0","6843","IN","Locker 14 standard kit","Locker 14","","","2026-04-29T03:33:19.577831+00:00","","","false","","",""
"2576","Locker 14 Tent Pegs-26","locker_misc","Green","2051-04-22","0","6843","IN","Locker 14 standard kit","Locker 14","","","2026-04-29T03:33:19.577831+00:00","","","false","","",""
"2577","Locker 14 Tent Pegs-27","locker_misc","Green","2051-04-22","0","6843","IN","Locker 14 standard kit","Locker 14","","","2026-04-29T03:33:19.577831+00:00","","","false","","",""
"2578","Locker 14 Tent Pegs-28","locker_misc","Green","2051-04-22","0","6843","IN","Locker 14 standard kit","Locker 14","","","2026-04-29T03:33:19.577831+00:00","","","false","","",""
"2579","Locker 14 Tent Pegs-29","locker_misc","Green","2051-04-22","0","6843","IN","Locker 14 standard kit","Locker 14","","","2026-04-29T03:33:19.577831+00:00","","","false","","",""
"2580","Locker 14 Tent Pegs-30","locker_misc","Green","2051-04-22","0","6843","IN","Locker 14 standard kit","Locker 14","","","2026-04-29T03:33:19.577831+00:00","","","false","","",""
"2581","Locker 14 Tent Pegs-31","locker_misc","Green","2051-04-22","0","6843","IN","Locker 14 standard kit","Locker 14","","","2026-04-29T03:33:19.577831+00:00","","","false","","",""
"2582","Locker 14 Tent Pegs-32","locker_misc","Green","2051-04-22","0","6843","IN","Locker 14 standard kit","Locker 14","","","2026-04-29T03:33:19.577831+00:00","","","false","","",""
"2583","Locker 14 Tent Pegs-33","locker_misc","Green","2051-04-22","0","6843","IN","Locker 14 standard kit","Locker 14","","","2026-04-29T03:33:19.577831+00:00","","","false","","",""
"2584","Locker 14 Tent Pegs-34","locker_misc","Green","2051-04-22","0","6843","IN","Locker 14 standard kit","Locker 14","","","2026-04-29T03:33:19.577831+00:00","","","false","","",""
"2585","Locker 14 Tent Pegs-35","locker_misc","Green","2051-04-22","0","6843","IN","Locker 14 standard kit","Locker 14","","","2026-04-29T03:33:19.577831+00:00","","","false","","",""
"2586","Locker 14 Tent Pegs-36","locker_misc","Green","2051-04-22","0","6843","IN","Locker 14 standard kit","Locker 14","","","2026-04-29T03:33:19.577831+00:00","","","false","","",""
"2587","Locker 14 Tent Pegs-37","locker_misc","Green","2051-04-22","0","6843","IN","Locker 14 standard kit","Locker 14","","","2026-04-29T03:33:19.577831+00:00","","","false","","",""
"2588","Locker 14 Tent Pegs-38","locker_misc","Green","2051-04-22","0","6843","IN","Locker 14 standard kit","Locker 14","","","2026-04-29T03:33:19.577831+00:00","","","false","","",""
"2589","Locker 14 Tent Pegs-39","locker_misc","Green","2051-04-22","0","6843","IN","Locker 14 standard kit","Locker 14","","","2026-04-29T03:33:19.577831+00:00","","","false","","",""
"2590","Locker 14 Tent Pegs-40","locker_misc","Green","2051-04-22","0","6843","IN","Locker 14 standard kit","Locker 14","","","2026-04-29T03:33:19.577831+00:00","","","false","","",""
"2591","Locker 14 Tent Peg Bag-01","locker_misc","Green","2051-04-22","0","6843","IN","Locker 14 standard kit","Locker 14","","","2026-04-29T03:33:19.577831+00:00","","","false","","",""
"2592","Locker 14 Tent Peg Bag-02","locker_misc","Green","2051-04-22","0","6843","IN","Locker 14 standard kit","Locker 14","","","2026-04-29T03:33:19.577831+00:00","","","false","","",""
"2593","Locker 14 Whistle-01","locker_misc","Green","2051-04-22","0","6843","IN","Locker 14 standard kit","Locker 14","","","2026-04-29T03:33:19.577831+00:00","","","false","","",""
"2594","Locker 14 Whistle-02","locker_misc","Green","2051-04-22","0","6843","IN","Locker 14 standard kit","Locker 14","","","2026-04-29T03:33:19.577831+00:00","","","false","","",""
"2595","Locker 14 Large Spoon-01","locker_misc","Green","2051-04-22","0","6843","IN","Locker 14 standard kit","Locker 14","","","2026-04-29T03:33:19.577831+00:00","","","false","","",""
"2596","Locker 14 Large Spoon-02","locker_misc","Green","2051-04-22","0","6843","IN","Locker 14 standard kit","Locker 14","","","2026-04-29T03:33:19.577831+00:00","","","false","","",""
"2597","Locker 14 Large Pot + Lid-01","locker_misc","Green","2051-04-22","0","6843","IN","Locker 14 standard kit","Locker 14","","","2026-04-29T03:33:19.577831+00:00","","","false","","",""
"2598","Locker 14 Large Pot + Lid-02","locker_misc","Green","2051-04-22","0","6843","IN","Locker 14 standard kit","Locker 14","","","2026-04-29T03:33:19.577831+00:00","","","false","","",""
"2599","Locker 14 Trangia + Base","locker_misc","Green","2051-04-22","0","6843","IN","Locker 14 standard kit","Locker 14","","","2026-04-29T03:33:19.577831+00:00","","","false","","",""
"2600","Locker 14 Small Pot","locker_misc","Green","2051-04-22","0","6843","IN","Locker 14 standard kit","Locker 14","","","2026-04-29T03:33:19.577831+00:00","","","false","","",""
"2601","Locker 14 Can Opener-01","locker_misc","Green","2051-04-22","0","6843","IN","Locker 14 standard kit","Locker 14","","","2026-04-29T03:33:19.577831+00:00","","","false","","",""
"2602","Locker 14 Can Opener-02","locker_misc","Green","2051-04-22","0","6843","IN","Locker 14 standard kit","Locker 14","","","2026-04-29T03:33:19.577831+00:00","","","false","","",""
"2603","Locker 14 Biolite Stove","locker_misc","Green","2051-04-22","0","6843","IN","Locker 14 standard kit","Locker 14","","","2026-04-29T03:33:19.577831+00:00","","","false","","",""
"2604","Locker 15 Bush Rope","cord_tape","Green","2036-04-25","0","2737","IN","Locker 15 standard kit","Locker 15","","","2026-04-29T03:33:19.577831+00:00","","","false","","",""
"2605","Locker 15 Sling 120cm-01","locker_slings","Green","2036-04-25","0","2737","IN","Locker 15 standard kit","Locker 15","","","2026-04-29T03:33:19.577831+00:00","","","false","","",""
"2606","Locker 15 Sling 120cm-02","locker_slings","Green","2036-04-25","0","2737","IN","Locker 15 standard kit","Locker 15","","","2026-04-29T03:33:19.577831+00:00","","","false","","",""
"2607","Locker 15 Carabiner Alloy-01","locker_carabiners","Green","2036-04-25","0","2737","IN","Locker 15 standard kit","Locker 15","","","2026-04-29T03:33:19.577831+00:00","","","false","","",""
"2608","Locker 15 Carabiner Alloy-02","locker_carabiners","Green","2036-04-25","0","2737","IN","Locker 15 standard kit","Locker 15","","","2026-04-29T03:33:19.577831+00:00","","","false","","",""
"2609","Locker 15 Carabiner Alloy-03","locker_carabiners","Green","2036-04-25","0","2737","IN","Locker 15 standard kit","Locker 15","","","2026-04-29T03:33:19.577831+00:00","","","false","","",""
"2610","Locker 15 Carabiner Alloy-04","locker_carabiners","Green","2036-04-25","0","2737","IN","Locker 15 standard kit","Locker 15","","","2026-04-29T03:33:19.577831+00:00","","","false","","",""
"2611","Locker 15 Carabiner Alloy-05","locker_carabiners","Green","2036-04-25","0","2737","IN","Locker 15 standard kit","Locker 15","","","2026-04-29T03:33:19.577831+00:00","","","false","","",""
"2612","Locker 15 Carabiner Alloy-06","locker_carabiners","Green","2036-04-25","0","2737","IN","Locker 15 standard kit","Locker 15","","","2026-04-29T03:33:19.577831+00:00","","","false","","",""
"2613","Locker 15 Carabiner Steel","locker_carabiners","Green","2036-04-25","0","2737","IN","Locker 15 standard kit","Locker 15","","","2026-04-29T03:33:19.577831+00:00","","","false","","",""
"2614","Locker 15 Prusik Loop","locker_prusiks","Green","2036-04-25","0","2737","IN","Locker 15 standard kit","Locker 15","","","2026-04-29T03:33:19.577831+00:00","","","false","","",""
"2615","Locker 15 Dry Bag","locker_dry_bags","Green","2051-04-22","0","6843","IN","Locker 15 standard kit","Locker 15","","","2026-04-29T03:33:19.577831+00:00","","","false","","",""
"2616","Locker 15 Radio Dry Bag","locker_dry_bags","Green","2051-04-22","0","6843","IN","Locker 15 standard kit","Locker 15","","","2026-04-29T03:33:20.765948+00:00","","","false","","",""
"2617","Locker 15 Emergency Shelter","locker_shelter","Green","2036-04-25","0","2737","IN","Locker 15 standard kit","Locker 15","","","2026-04-29T03:33:20.765948+00:00","","","false","","",""
"2618","Locker 15 Emergency Roll Mat","locker_misc","Green","2051-04-22","0","6843","IN","Locker 15 standard kit","Locker 15","","","2026-04-29T03:33:20.765948+00:00","","","false","","",""
"2619","Locker 15 Thermos-01","locker_misc","Green","2051-04-22","0","6843","IN","Locker 15 standard kit","Locker 15","","","2026-04-29T03:33:20.765948+00:00","","","false","","",""
"2620","Locker 15 Thermos-02","locker_misc","Green","2051-04-22","0","6843","IN","Locker 15 standard kit","Locker 15","","","2026-04-29T03:33:20.765948+00:00","","","false","","",""
"2621","Locker 15 Cups-01","locker_misc","Green","2051-04-22","0","6843","IN","Locker 15 standard kit","Locker 15","","","2026-04-29T03:33:20.765948+00:00","","","false","","",""
"2622","Locker 15 Cups-02","locker_misc","Green","2051-04-22","0","6843","IN","Locker 15 standard kit","Locker 15","","","2026-04-29T03:33:20.765948+00:00","","","false","","",""
"2623","Locker 15 Compass-01","locker_misc","Green","2051-04-22","0","6843","IN","Locker 15 standard kit","Locker 15","","","2026-04-29T03:33:20.765948+00:00","","","false","","",""
"2624","Locker 15 Compass-02","locker_misc","Green","2051-04-22","0","6843","IN","Locker 15 standard kit","Locker 15","","","2026-04-29T03:33:20.765948+00:00","","","false","","",""
"2625","Locker 15 Head Torch-01","locker_misc","Green","2051-04-22","0","6843","IN","Locker 15 standard kit","Locker 15","","","2026-04-29T03:33:20.765948+00:00","","","false","","",""
"2626","Locker 15 Head Torch-02","locker_misc","Green","2051-04-22","0","6843","IN","Locker 15 standard kit","Locker 15","","","2026-04-29T03:33:20.765948+00:00","","","false","","",""
"2627","Locker 15 Sunglasses-01","locker_misc","Green","2051-04-22","0","6843","IN","Locker 15 standard kit","Locker 15","","","2026-04-29T03:33:20.765948+00:00","","","false","","",""
"2628","Locker 15 Sunglasses-02","locker_misc","Green","2051-04-22","0","6843","IN","Locker 15 standard kit","Locker 15","","","2026-04-29T03:33:20.765948+00:00","","","false","","",""
"2629","Locker 15 Sunglasses-03","locker_misc","Green","2051-04-22","0","6843","IN","Locker 15 standard kit","Locker 15","","","2026-04-29T03:33:20.765948+00:00","","","false","","",""
"2630","Locker 15 Sunglasses-04","locker_misc","Green","2051-04-22","0","6843","IN","Locker 15 standard kit","Locker 15","","","2026-04-29T03:33:20.765948+00:00","","","false","","",""
"2631","Locker 15 Sunglasses-05","locker_misc","Green","2051-04-22","0","6843","IN","Locker 15 standard kit","Locker 15","","","2026-04-29T03:33:20.765948+00:00","","","false","","",""
"2632","Locker 15 Sunglasses-06","locker_misc","Green","2051-04-22","0","6843","IN","Locker 15 standard kit","Locker 15","","","2026-04-29T03:33:20.765948+00:00","","","false","","",""
"2633","Locker 15 Sunglasses-07","locker_misc","Green","2051-04-22","0","6843","IN","Locker 15 standard kit","Locker 15","","","2026-04-29T03:33:20.765948+00:00","","","false","","",""
"2634","Locker 15 Sunglasses-08","locker_misc","Green","2051-04-22","0","6843","IN","Locker 15 standard kit","Locker 15","","","2026-04-29T03:33:20.765948+00:00","","","false","","",""
"2635","Locker 15 Sunglasses-09","locker_misc","Green","2051-04-22","0","6843","IN","Locker 15 standard kit","Locker 15","","","2026-04-29T03:33:20.765948+00:00","","","false","","",""
"2636","Locker 15 Sunglasses-10","locker_misc","Green","2051-04-22","0","6843","IN","Locker 15 standard kit","Locker 15","","","2026-04-29T03:33:20.765948+00:00","","","false","","",""
"2637","Locker 15 Sunglasses-11","locker_misc","Green","2051-04-22","0","6843","IN","Locker 15 standard kit","Locker 15","","","2026-04-29T03:33:20.765948+00:00","","","false","","",""
"2638","Locker 15 Sunglasses-12","locker_misc","Green","2051-04-22","0","6843","IN","Locker 15 standard kit","Locker 15","","","2026-04-29T03:33:20.765948+00:00","","","false","","",""
"2639","Locker 15 Tent Pegs-01","locker_misc","Green","2051-04-22","0","6843","IN","Locker 15 standard kit","Locker 15","","","2026-04-29T03:33:20.765948+00:00","","","false","","",""
"2640","Locker 15 Tent Pegs-02","locker_misc","Green","2051-04-22","0","6843","IN","Locker 15 standard kit","Locker 15","","","2026-04-29T03:33:20.765948+00:00","","","false","","",""
"2641","Locker 15 Tent Pegs-03","locker_misc","Green","2051-04-22","0","6843","IN","Locker 15 standard kit","Locker 15","","","2026-04-29T03:33:20.765948+00:00","","","false","","",""
"2642","Locker 15 Tent Pegs-04","locker_misc","Green","2051-04-22","0","6843","IN","Locker 15 standard kit","Locker 15","","","2026-04-29T03:33:20.765948+00:00","","","false","","",""
"2643","Locker 15 Tent Pegs-05","locker_misc","Green","2051-04-22","0","6843","IN","Locker 15 standard kit","Locker 15","","","2026-04-29T03:33:20.765948+00:00","","","false","","",""
"2644","Locker 15 Tent Pegs-06","locker_misc","Green","2051-04-22","0","6843","IN","Locker 15 standard kit","Locker 15","","","2026-04-29T03:33:20.765948+00:00","","","false","","",""
"2645","Locker 15 Tent Pegs-07","locker_misc","Green","2051-04-22","0","6843","IN","Locker 15 standard kit","Locker 15","","","2026-04-29T03:33:20.765948+00:00","","","false","","",""
"2646","Locker 15 Tent Pegs-08","locker_misc","Green","2051-04-22","0","6843","IN","Locker 15 standard kit","Locker 15","","","2026-04-29T03:33:20.765948+00:00","","","false","","",""
"2647","Locker 15 Tent Pegs-09","locker_misc","Green","2051-04-22","0","6843","IN","Locker 15 standard kit","Locker 15","","","2026-04-29T03:33:20.765948+00:00","","","false","","",""
"2648","Locker 15 Tent Pegs-10","locker_misc","Green","2051-04-22","0","6843","IN","Locker 15 standard kit","Locker 15","","","2026-04-29T03:33:20.765948+00:00","","","false","","",""
"2649","Locker 15 Tent Pegs-11","locker_misc","Green","2051-04-22","0","6843","IN","Locker 15 standard kit","Locker 15","","","2026-04-29T03:33:20.765948+00:00","","","false","","",""
"2650","Locker 15 Tent Pegs-12","locker_misc","Green","2051-04-22","0","6843","IN","Locker 15 standard kit","Locker 15","","","2026-04-29T03:33:20.765948+00:00","","","false","","",""
"2651","Locker 15 Tent Pegs-13","locker_misc","Green","2051-04-22","0","6843","IN","Locker 15 standard kit","Locker 15","","","2026-04-29T03:33:20.765948+00:00","","","false","","",""
"2652","Locker 15 Tent Pegs-14","locker_misc","Green","2051-04-22","0","6843","IN","Locker 15 standard kit","Locker 15","","","2026-04-29T03:33:20.765948+00:00","","","false","","",""
"2653","Locker 15 Tent Pegs-15","locker_misc","Green","2051-04-22","0","6843","IN","Locker 15 standard kit","Locker 15","","","2026-04-29T03:33:20.765948+00:00","","","false","","",""
"2654","Locker 15 Tent Pegs-16","locker_misc","Green","2051-04-22","0","6843","IN","Locker 15 standard kit","Locker 15","","","2026-04-29T03:33:20.765948+00:00","","","false","","",""
"2655","Locker 15 Tent Pegs-17","locker_misc","Green","2051-04-22","0","6843","IN","Locker 15 standard kit","Locker 15","","","2026-04-29T03:33:20.765948+00:00","","","false","","",""
"2656","Locker 15 Tent Pegs-18","locker_misc","Green","2051-04-22","0","6843","IN","Locker 15 standard kit","Locker 15","","","2026-04-29T03:33:20.765948+00:00","","","false","","",""
"2657","Locker 15 Tent Pegs-19","locker_misc","Green","2051-04-22","0","6843","IN","Locker 15 standard kit","Locker 15","","","2026-04-29T03:33:20.765948+00:00","","","false","","",""
"2658","Locker 15 Tent Pegs-20","locker_misc","Green","2051-04-22","0","6843","IN","Locker 15 standard kit","Locker 15","","","2026-04-29T03:33:20.765948+00:00","","","false","","",""
"2659","Locker 15 Tent Pegs-21","locker_misc","Green","2051-04-22","0","6843","IN","Locker 15 standard kit","Locker 15","","","2026-04-29T03:33:20.765948+00:00","","","false","","",""
"2660","Locker 15 Tent Pegs-22","locker_misc","Green","2051-04-22","0","6843","IN","Locker 15 standard kit","Locker 15","","","2026-04-29T03:33:20.765948+00:00","","","false","","",""
"2661","Locker 15 Tent Pegs-23","locker_misc","Green","2051-04-22","0","6843","IN","Locker 15 standard kit","Locker 15","","","2026-04-29T03:33:20.765948+00:00","","","false","","",""
"2662","Locker 15 Tent Pegs-24","locker_misc","Green","2051-04-22","0","6843","IN","Locker 15 standard kit","Locker 15","","","2026-04-29T03:33:20.765948+00:00","","","false","","",""
"2663","Locker 15 Tent Pegs-25","locker_misc","Green","2051-04-22","0","6843","IN","Locker 15 standard kit","Locker 15","","","2026-04-29T03:33:20.765948+00:00","","","false","","",""
"2664","Locker 15 Tent Pegs-26","locker_misc","Green","2051-04-22","0","6843","IN","Locker 15 standard kit","Locker 15","","","2026-04-29T03:33:20.765948+00:00","","","false","","",""
"2665","Locker 15 Tent Pegs-27","locker_misc","Green","2051-04-22","0","6843","IN","Locker 15 standard kit","Locker 15","","","2026-04-29T03:33:20.765948+00:00","","","false","","",""
"2666","Locker 15 Tent Pegs-28","locker_misc","Green","2051-04-22","0","6843","IN","Locker 15 standard kit","Locker 15","","","2026-04-29T03:33:20.765948+00:00","","","false","","",""
"2667","Locker 15 Tent Pegs-29","locker_misc","Green","2051-04-22","0","6843","IN","Locker 15 standard kit","Locker 15","","","2026-04-29T03:33:20.765948+00:00","","","false","","",""
"2668","Locker 15 Tent Pegs-30","locker_misc","Green","2051-04-22","0","6843","IN","Locker 15 standard kit","Locker 15","","","2026-04-29T03:33:20.765948+00:00","","","false","","",""
"2669","Locker 15 Tent Pegs-31","locker_misc","Green","2051-04-22","0","6843","IN","Locker 15 standard kit","Locker 15","","","2026-04-29T03:33:20.765948+00:00","","","false","","",""
"2670","Locker 15 Tent Pegs-32","locker_misc","Green","2051-04-22","0","6843","IN","Locker 15 standard kit","Locker 15","","","2026-04-29T03:33:20.765948+00:00","","","false","","",""
"2671","Locker 15 Tent Pegs-33","locker_misc","Green","2051-04-22","0","6843","IN","Locker 15 standard kit","Locker 15","","","2026-04-29T03:33:20.765948+00:00","","","false","","",""
"2672","Locker 15 Tent Pegs-34","locker_misc","Green","2051-04-22","0","6843","IN","Locker 15 standard kit","Locker 15","","","2026-04-29T03:33:20.765948+00:00","","","false","","",""
"2673","Locker 15 Tent Pegs-35","locker_misc","Green","2051-04-22","0","6843","IN","Locker 15 standard kit","Locker 15","","","2026-04-29T03:33:20.765948+00:00","","","false","","",""
"2674","Locker 15 Tent Pegs-36","locker_misc","Green","2051-04-22","0","6843","IN","Locker 15 standard kit","Locker 15","","","2026-04-29T03:33:20.765948+00:00","","","false","","",""
"2675","Locker 15 Tent Pegs-37","locker_misc","Green","2051-04-22","0","6843","IN","Locker 15 standard kit","Locker 15","","","2026-04-29T03:33:20.765948+00:00","","","false","","",""
"2676","Locker 15 Tent Pegs-38","locker_misc","Green","2051-04-22","0","6843","IN","Locker 15 standard kit","Locker 15","","","2026-04-29T03:33:20.765948+00:00","","","false","","",""
"2677","Locker 15 Tent Pegs-39","locker_misc","Green","2051-04-22","0","6843","IN","Locker 15 standard kit","Locker 15","","","2026-04-29T03:33:20.765948+00:00","","","false","","",""
"2678","Locker 15 Tent Pegs-40","locker_misc","Green","2051-04-22","0","6843","IN","Locker 15 standard kit","Locker 15","","","2026-04-29T03:33:20.765948+00:00","","","false","","",""
"2679","Locker 15 Tent Peg Bag-01","locker_misc","Green","2051-04-22","0","6843","IN","Locker 15 standard kit","Locker 15","","","2026-04-29T03:33:20.765948+00:00","","","false","","",""
"2680","Locker 15 Tent Peg Bag-02","locker_misc","Green","2051-04-22","0","6843","IN","Locker 15 standard kit","Locker 15","","","2026-04-29T03:33:20.765948+00:00","","","false","","",""
"2681","Locker 15 Whistle-01","locker_misc","Green","2051-04-22","0","6843","IN","Locker 15 standard kit","Locker 15","","","2026-04-29T03:33:20.765948+00:00","","","false","","",""
"2682","Locker 15 Whistle-02","locker_misc","Green","2051-04-22","0","6843","IN","Locker 15 standard kit","Locker 15","","","2026-04-29T03:33:20.765948+00:00","","","false","","",""
"2683","Locker 15 Large Spoon-01","locker_misc","Green","2051-04-22","0","6843","IN","Locker 15 standard kit","Locker 15","","","2026-04-29T03:33:20.765948+00:00","","","false","","",""
"2684","Locker 15 Large Spoon-02","locker_misc","Green","2051-04-22","0","6843","IN","Locker 15 standard kit","Locker 15","","","2026-04-29T03:33:20.765948+00:00","","","false","","",""
"2685","Locker 15 Large Pot + Lid-01","locker_misc","Green","2051-04-22","0","6843","IN","Locker 15 standard kit","Locker 15","","","2026-04-29T03:33:20.765948+00:00","","","false","","",""
"2686","Locker 15 Large Pot + Lid-02","locker_misc","Green","2051-04-22","0","6843","IN","Locker 15 standard kit","Locker 15","","","2026-04-29T03:33:20.765948+00:00","","","false","","",""
"2687","Locker 15 Trangia + Base","locker_misc","Green","2051-04-22","0","6843","IN","Locker 15 standard kit","Locker 15","","","2026-04-29T03:33:20.765948+00:00","","","false","","",""
"2688","Locker 15 Small Pot","locker_misc","Green","2051-04-22","0","6843","IN","Locker 15 standard kit","Locker 15","","","2026-04-29T03:33:20.765948+00:00","","","false","","",""
"2689","Locker 15 Can Opener-01","locker_misc","Green","2051-04-22","0","6843","IN","Locker 15 standard kit","Locker 15","","","2026-04-29T03:33:20.765948+00:00","","","false","","",""
"2690","Locker 15 Can Opener-02","locker_misc","Green","2051-04-22","0","6843","IN","Locker 15 standard kit","Locker 15","","","2026-04-29T03:33:20.765948+00:00","","","false","","",""
"2691","Locker 15 Biolite Stove","locker_misc","Green","2051-04-22","0","6843","IN","Locker 15 standard kit","Locker 15","","","2026-04-29T03:33:20.765948+00:00","","","false","","",""
"2692","Locker 16 Bush Rope","cord_tape","Green","2036-04-25","0","2737","IN","Locker 16 standard kit","Locker 16","","","2026-04-29T03:33:20.765948+00:00","","","false","","",""
"2693","Locker 16 Sling 120cm-01","locker_slings","Green","2036-04-25","0","2737","IN","Locker 16 standard kit","Locker 16","","","2026-04-29T03:33:20.765948+00:00","","","false","","",""
"2694","Locker 16 Sling 120cm-02","locker_slings","Green","2036-04-25","0","2737","IN","Locker 16 standard kit","Locker 16","","","2026-04-29T03:33:20.765948+00:00","","","false","","",""
"2695","Locker 16 Carabiner Alloy-01","locker_carabiners","Green","2036-04-25","0","2737","IN","Locker 16 standard kit","Locker 16","","","2026-04-29T03:33:20.765948+00:00","","","false","","",""
"2696","Locker 16 Carabiner Alloy-02","locker_carabiners","Green","2036-04-25","0","2737","IN","Locker 16 standard kit","Locker 16","","","2026-04-29T03:33:20.765948+00:00","","","false","","",""
"2697","Locker 16 Carabiner Alloy-03","locker_carabiners","Green","2036-04-25","0","2737","IN","Locker 16 standard kit","Locker 16","","","2026-04-29T03:33:20.765948+00:00","","","false","","",""
"2698","Locker 16 Carabiner Alloy-04","locker_carabiners","Green","2036-04-25","0","2737","IN","Locker 16 standard kit","Locker 16","","","2026-04-29T03:33:20.765948+00:00","","","false","","",""
"2699","Locker 16 Carabiner Alloy-05","locker_carabiners","Green","2036-04-25","0","2737","IN","Locker 16 standard kit","Locker 16","","","2026-04-29T03:33:20.765948+00:00","","","false","","",""
"2700","Locker 16 Carabiner Alloy-06","locker_carabiners","Green","2036-04-25","0","2737","IN","Locker 16 standard kit","Locker 16","","","2026-04-29T03:33:20.765948+00:00","","","false","","",""
"2701","Locker 16 Carabiner Steel","locker_carabiners","Green","2036-04-25","0","2737","IN","Locker 16 standard kit","Locker 16","","","2026-04-29T03:33:20.765948+00:00","","","false","","",""
"2702","Locker 16 Prusik Loop","locker_prusiks","Green","2036-04-25","0","2737","IN","Locker 16 standard kit","Locker 16","","","2026-04-29T03:33:20.765948+00:00","","","false","","",""
"2703","Locker 16 Dry Bag","locker_dry_bags","Green","2051-04-22","0","6843","IN","Locker 16 standard kit","Locker 16","","","2026-04-29T03:33:20.765948+00:00","","","false","","",""
"2704","Locker 16 Radio Dry Bag","locker_dry_bags","Green","2051-04-22","0","6843","IN","Locker 16 standard kit","Locker 16","","","2026-04-29T03:33:20.765948+00:00","","","false","","",""
"2705","Locker 16 Emergency Shelter","locker_shelter","Green","2036-04-25","0","2737","IN","Locker 16 standard kit","Locker 16","","","2026-04-29T03:33:20.765948+00:00","","","false","","",""
"2706","Locker 16 Emergency Roll Mat","locker_misc","Green","2051-04-22","0","6843","IN","Locker 16 standard kit","Locker 16","","","2026-04-29T03:33:20.765948+00:00","","","false","","",""
"2707","Locker 16 Thermos-01","locker_misc","Green","2051-04-22","0","6843","IN","Locker 16 standard kit","Locker 16","","","2026-04-29T03:33:20.765948+00:00","","","false","","",""
"2708","Locker 16 Thermos-02","locker_misc","Green","2051-04-22","0","6843","IN","Locker 16 standard kit","Locker 16","","","2026-04-29T03:33:20.765948+00:00","","","false","","",""
"2709","Locker 16 Cups-01","locker_misc","Green","2051-04-22","0","6843","IN","Locker 16 standard kit","Locker 16","","","2026-04-29T03:33:20.765948+00:00","","","false","","",""
"2710","Locker 16 Cups-02","locker_misc","Green","2051-04-22","0","6843","IN","Locker 16 standard kit","Locker 16","","","2026-04-29T03:33:20.765948+00:00","","","false","","",""
"2711","Locker 16 Compass-01","locker_misc","Green","2051-04-22","0","6843","IN","Locker 16 standard kit","Locker 16","","","2026-04-29T03:33:20.765948+00:00","","","false","","",""
"2712","Locker 16 Compass-02","locker_misc","Green","2051-04-22","0","6843","IN","Locker 16 standard kit","Locker 16","","","2026-04-29T03:33:20.765948+00:00","","","false","","",""
"2713","Locker 16 Head Torch-01","locker_misc","Green","2051-04-22","0","6843","IN","Locker 16 standard kit","Locker 16","","","2026-04-29T03:33:20.765948+00:00","","","false","","",""
"2714","Locker 16 Head Torch-02","locker_misc","Green","2051-04-22","0","6843","IN","Locker 16 standard kit","Locker 16","","","2026-04-29T03:33:20.765948+00:00","","","false","","",""
"2715","Locker 16 Sunglasses-01","locker_misc","Green","2051-04-22","0","6843","IN","Locker 16 standard kit","Locker 16","","","2026-04-29T03:33:20.765948+00:00","","","false","","",""
"2716","Locker 16 Sunglasses-02","locker_misc","Green","2051-04-22","0","6843","IN","Locker 16 standard kit","Locker 16","","","2026-04-29T03:33:20.765948+00:00","","","false","","",""
"2717","Locker 16 Sunglasses-03","locker_misc","Green","2051-04-22","0","6843","IN","Locker 16 standard kit","Locker 16","","","2026-04-29T03:33:20.765948+00:00","","","false","","",""
"2718","Locker 16 Sunglasses-04","locker_misc","Green","2051-04-22","0","6843","IN","Locker 16 standard kit","Locker 16","","","2026-04-29T03:33:20.765948+00:00","","","false","","",""
"2719","Locker 16 Sunglasses-05","locker_misc","Green","2051-04-22","0","6843","IN","Locker 16 standard kit","Locker 16","","","2026-04-29T03:33:20.765948+00:00","","","false","","",""
"2720","Locker 16 Sunglasses-06","locker_misc","Green","2051-04-22","0","6843","IN","Locker 16 standard kit","Locker 16","","","2026-04-29T03:33:20.765948+00:00","","","false","","",""
"2721","Locker 16 Sunglasses-07","locker_misc","Green","2051-04-22","0","6843","IN","Locker 16 standard kit","Locker 16","","","2026-04-29T03:33:20.765948+00:00","","","false","","",""
"2722","Locker 16 Sunglasses-08","locker_misc","Green","2051-04-22","0","6843","IN","Locker 16 standard kit","Locker 16","","","2026-04-29T03:33:20.765948+00:00","","","false","","",""
"2723","Locker 16 Sunglasses-09","locker_misc","Green","2051-04-22","0","6843","IN","Locker 16 standard kit","Locker 16","","","2026-04-29T03:33:20.765948+00:00","","","false","","",""
"2724","Locker 16 Sunglasses-10","locker_misc","Green","2051-04-22","0","6843","IN","Locker 16 standard kit","Locker 16","","","2026-04-29T03:33:20.765948+00:00","","","false","","",""
"2725","Locker 16 Sunglasses-11","locker_misc","Green","2051-04-22","0","6843","IN","Locker 16 standard kit","Locker 16","","","2026-04-29T03:33:20.765948+00:00","","","false","","",""
"2726","Locker 16 Sunglasses-12","locker_misc","Green","2051-04-22","0","6843","IN","Locker 16 standard kit","Locker 16","","","2026-04-29T03:33:20.765948+00:00","","","false","","",""
"2727","Locker 16 Tent Pegs-01","locker_misc","Green","2051-04-22","0","6843","IN","Locker 16 standard kit","Locker 16","","","2026-04-29T03:33:20.765948+00:00","","","false","","",""
"2728","Locker 16 Tent Pegs-02","locker_misc","Green","2051-04-22","0","6843","IN","Locker 16 standard kit","Locker 16","","","2026-04-29T03:33:20.765948+00:00","","","false","","",""
"2729","Locker 16 Tent Pegs-03","locker_misc","Green","2051-04-22","0","6843","IN","Locker 16 standard kit","Locker 16","","","2026-04-29T03:33:20.765948+00:00","","","false","","",""
"2730","Locker 16 Tent Pegs-04","locker_misc","Green","2051-04-22","0","6843","IN","Locker 16 standard kit","Locker 16","","","2026-04-29T03:33:20.765948+00:00","","","false","","",""
"2731","Locker 16 Tent Pegs-05","locker_misc","Green","2051-04-22","0","6843","IN","Locker 16 standard kit","Locker 16","","","2026-04-29T03:33:20.765948+00:00","","","false","","",""
"2732","Locker 16 Tent Pegs-06","locker_misc","Green","2051-04-22","0","6843","IN","Locker 16 standard kit","Locker 16","","","2026-04-29T03:33:20.765948+00:00","","","false","","",""
"2733","Locker 16 Tent Pegs-07","locker_misc","Green","2051-04-22","0","6843","IN","Locker 16 standard kit","Locker 16","","","2026-04-29T03:33:20.765948+00:00","","","false","","",""
"2734","Locker 16 Tent Pegs-08","locker_misc","Green","2051-04-22","0","6843","IN","Locker 16 standard kit","Locker 16","","","2026-04-29T03:33:20.765948+00:00","","","false","","",""
"2735","Locker 16 Tent Pegs-09","locker_misc","Green","2051-04-22","0","6843","IN","Locker 16 standard kit","Locker 16","","","2026-04-29T03:33:20.765948+00:00","","","false","","",""
"2736","Locker 16 Tent Pegs-10","locker_misc","Green","2051-04-22","0","6843","IN","Locker 16 standard kit","Locker 16","","","2026-04-29T03:33:20.765948+00:00","","","false","","",""
"2737","Locker 16 Tent Pegs-11","locker_misc","Green","2051-04-22","0","6843","IN","Locker 16 standard kit","Locker 16","","","2026-04-29T03:33:20.765948+00:00","","","false","","",""
"2738","Locker 16 Tent Pegs-12","locker_misc","Green","2051-04-22","0","6843","IN","Locker 16 standard kit","Locker 16","","","2026-04-29T03:33:20.765948+00:00","","","false","","",""
"2739","Locker 16 Tent Pegs-13","locker_misc","Green","2051-04-22","0","6843","IN","Locker 16 standard kit","Locker 16","","","2026-04-29T03:33:20.765948+00:00","","","false","","",""
"2740","Locker 16 Tent Pegs-14","locker_misc","Green","2051-04-22","0","6843","IN","Locker 16 standard kit","Locker 16","","","2026-04-29T03:33:20.765948+00:00","","","false","","",""
"2741","Locker 16 Tent Pegs-15","locker_misc","Green","2051-04-22","0","6843","IN","Locker 16 standard kit","Locker 16","","","2026-04-29T03:33:20.765948+00:00","","","false","","",""
"2742","Locker 16 Tent Pegs-16","locker_misc","Green","2051-04-22","0","6843","IN","Locker 16 standard kit","Locker 16","","","2026-04-29T03:33:20.765948+00:00","","","false","","",""
"2743","Locker 16 Tent Pegs-17","locker_misc","Green","2051-04-22","0","6843","IN","Locker 16 standard kit","Locker 16","","","2026-04-29T03:33:20.765948+00:00","","","false","","",""
"2744","Locker 16 Tent Pegs-18","locker_misc","Green","2051-04-22","0","6843","IN","Locker 16 standard kit","Locker 16","","","2026-04-29T03:33:20.765948+00:00","","","false","","",""
"2745","Locker 16 Tent Pegs-19","locker_misc","Green","2051-04-22","0","6843","IN","Locker 16 standard kit","Locker 16","","","2026-04-29T03:33:20.765948+00:00","","","false","","",""
"2746","Locker 16 Tent Pegs-20","locker_misc","Green","2051-04-22","0","6843","IN","Locker 16 standard kit","Locker 16","","","2026-04-29T03:33:20.765948+00:00","","","false","","",""
"2747","Locker 16 Tent Pegs-21","locker_misc","Green","2051-04-22","0","6843","IN","Locker 16 standard kit","Locker 16","","","2026-04-29T03:33:20.765948+00:00","","","false","","",""
"2748","Locker 16 Tent Pegs-22","locker_misc","Green","2051-04-22","0","6843","IN","Locker 16 standard kit","Locker 16","","","2026-04-29T03:33:20.765948+00:00","","","false","","",""
"2749","Locker 16 Tent Pegs-23","locker_misc","Green","2051-04-22","0","6843","IN","Locker 16 standard kit","Locker 16","","","2026-04-29T03:33:20.765948+00:00","","","false","","",""
"2750","Locker 16 Tent Pegs-24","locker_misc","Green","2051-04-22","0","6843","IN","Locker 16 standard kit","Locker 16","","","2026-04-29T03:33:20.765948+00:00","","","false","","",""
"2751","Locker 16 Tent Pegs-25","locker_misc","Green","2051-04-22","0","6843","IN","Locker 16 standard kit","Locker 16","","","2026-04-29T03:33:20.765948+00:00","","","false","","",""
"2752","Locker 16 Tent Pegs-26","locker_misc","Green","2051-04-22","0","6843","IN","Locker 16 standard kit","Locker 16","","","2026-04-29T03:33:20.765948+00:00","","","false","","",""
"2753","Locker 16 Tent Pegs-27","locker_misc","Green","2051-04-22","0","6843","IN","Locker 16 standard kit","Locker 16","","","2026-04-29T03:33:20.765948+00:00","","","false","","",""
"2754","Locker 16 Tent Pegs-28","locker_misc","Green","2051-04-22","0","6843","IN","Locker 16 standard kit","Locker 16","","","2026-04-29T03:33:20.765948+00:00","","","false","","",""
"2755","Locker 16 Tent Pegs-29","locker_misc","Green","2051-04-22","0","6843","IN","Locker 16 standard kit","Locker 16","","","2026-04-29T03:33:20.765948+00:00","","","false","","",""
"2756","Locker 16 Tent Pegs-30","locker_misc","Green","2051-04-22","0","6843","IN","Locker 16 standard kit","Locker 16","","","2026-04-29T03:33:20.765948+00:00","","","false","","",""
"2757","Locker 16 Tent Pegs-31","locker_misc","Green","2051-04-22","0","6843","IN","Locker 16 standard kit","Locker 16","","","2026-04-29T03:33:20.765948+00:00","","","false","","",""
"2758","Locker 16 Tent Pegs-32","locker_misc","Green","2051-04-22","0","6843","IN","Locker 16 standard kit","Locker 16","","","2026-04-29T03:33:20.765948+00:00","","","false","","",""
"2759","Locker 16 Tent Pegs-33","locker_misc","Green","2051-04-22","0","6843","IN","Locker 16 standard kit","Locker 16","","","2026-04-29T03:33:20.765948+00:00","","","false","","",""
"2760","Locker 16 Tent Pegs-34","locker_misc","Green","2051-04-22","0","6843","IN","Locker 16 standard kit","Locker 16","","","2026-04-29T03:33:20.765948+00:00","","","false","","",""
"2761","Locker 16 Tent Pegs-35","locker_misc","Green","2051-04-22","0","6843","IN","Locker 16 standard kit","Locker 16","","","2026-04-29T03:33:20.765948+00:00","","","false","","",""
"2762","Locker 16 Tent Pegs-36","locker_misc","Green","2051-04-22","0","6843","IN","Locker 16 standard kit","Locker 16","","","2026-04-29T03:33:20.765948+00:00","","","false","","",""
"2763","Locker 16 Tent Pegs-37","locker_misc","Green","2051-04-22","0","6843","IN","Locker 16 standard kit","Locker 16","","","2026-04-29T03:33:20.765948+00:00","","","false","","",""
"2764","Locker 16 Tent Pegs-38","locker_misc","Green","2051-04-22","0","6843","IN","Locker 16 standard kit","Locker 16","","","2026-04-29T03:33:20.765948+00:00","","","false","","",""
"2765","Locker 16 Tent Pegs-39","locker_misc","Green","2051-04-22","0","6843","IN","Locker 16 standard kit","Locker 16","","","2026-04-29T03:33:20.765948+00:00","","","false","","",""
"2766","Locker 16 Tent Pegs-40","locker_misc","Green","2051-04-22","0","6843","IN","Locker 16 standard kit","Locker 16","","","2026-04-29T03:33:20.765948+00:00","","","false","","",""
"2767","Locker 16 Tent Peg Bag-01","locker_misc","Green","2051-04-22","0","6843","IN","Locker 16 standard kit","Locker 16","","","2026-04-29T03:33:20.765948+00:00","","","false","","",""
"2768","Locker 16 Tent Peg Bag-02","locker_misc","Green","2051-04-22","0","6843","IN","Locker 16 standard kit","Locker 16","","","2026-04-29T03:33:20.765948+00:00","","","false","","",""
"2769","Locker 16 Whistle-01","locker_misc","Green","2051-04-22","0","6843","IN","Locker 16 standard kit","Locker 16","","","2026-04-29T03:33:20.765948+00:00","","","false","","",""
"2770","Locker 16 Whistle-02","locker_misc","Green","2051-04-22","0","6843","IN","Locker 16 standard kit","Locker 16","","","2026-04-29T03:33:20.765948+00:00","","","false","","",""
"2771","Locker 16 Large Spoon-01","locker_misc","Green","2051-04-22","0","6843","IN","Locker 16 standard kit","Locker 16","","","2026-04-29T03:33:20.765948+00:00","","","false","","",""
"2772","Locker 16 Large Spoon-02","locker_misc","Green","2051-04-22","0","6843","IN","Locker 16 standard kit","Locker 16","","","2026-04-29T03:33:20.765948+00:00","","","false","","",""
"2773","Locker 16 Large Pot + Lid-01","locker_misc","Green","2051-04-22","0","6843","IN","Locker 16 standard kit","Locker 16","","","2026-04-29T03:33:20.765948+00:00","","","false","","",""
"2774","Locker 16 Large Pot + Lid-02","locker_misc","Green","2051-04-22","0","6843","IN","Locker 16 standard kit","Locker 16","","","2026-04-29T03:33:20.765948+00:00","","","false","","",""
"2775","Locker 16 Trangia + Base","locker_misc","Green","2051-04-22","0","6843","IN","Locker 16 standard kit","Locker 16","","","2026-04-29T03:33:20.765948+00:00","","","false","","",""
"2776","Locker 16 Small Pot","locker_misc","Green","2051-04-22","0","6843","IN","Locker 16 standard kit","Locker 16","","","2026-04-29T03:33:20.765948+00:00","","","false","","",""
"2777","Locker 16 Can Opener-01","locker_misc","Green","2051-04-22","0","6843","IN","Locker 16 standard kit","Locker 16","","","2026-04-29T03:33:20.765948+00:00","","","false","","",""
"2778","Locker 16 Can Opener-02","locker_misc","Green","2051-04-22","0","6843","IN","Locker 16 standard kit","Locker 16","","","2026-04-29T03:33:20.765948+00:00","","","false","","",""
"2779","Locker 16 Biolite Stove","locker_misc","Green","2051-04-22","0","6843","IN","Locker 16 standard kit","Locker 16","","","2026-04-29T03:33:20.765948+00:00","","","false","","",""
"2780","Locker 17 Bush Rope","cord_tape","Green","2036-04-25","0","2737","IN","Locker 17 standard kit","Locker 17","","","2026-04-29T03:33:20.765948+00:00","","","false","","",""
"2781","Locker 17 Sling 120cm-01","locker_slings","Green","2036-04-25","0","2737","IN","Locker 17 standard kit","Locker 17","","","2026-04-29T03:33:20.765948+00:00","","","false","","",""
"2782","Locker 17 Sling 120cm-02","locker_slings","Green","2036-04-25","0","2737","IN","Locker 17 standard kit","Locker 17","","","2026-04-29T03:33:20.765948+00:00","","","false","","",""
"2783","Locker 17 Carabiner Alloy-01","locker_carabiners","Green","2036-04-25","0","2737","IN","Locker 17 standard kit","Locker 17","","","2026-04-29T03:33:20.765948+00:00","","","false","","",""
"2784","Locker 17 Carabiner Alloy-02","locker_carabiners","Green","2036-04-25","0","2737","IN","Locker 17 standard kit","Locker 17","","","2026-04-29T03:33:20.765948+00:00","","","false","","",""
"2785","Locker 17 Carabiner Alloy-03","locker_carabiners","Green","2036-04-25","0","2737","IN","Locker 17 standard kit","Locker 17","","","2026-04-29T03:33:20.765948+00:00","","","false","","",""
"2786","Locker 17 Carabiner Alloy-04","locker_carabiners","Green","2036-04-25","0","2737","IN","Locker 17 standard kit","Locker 17","","","2026-04-29T03:33:20.765948+00:00","","","false","","",""
"2787","Locker 17 Carabiner Alloy-05","locker_carabiners","Green","2036-04-25","0","2737","IN","Locker 17 standard kit","Locker 17","","","2026-04-29T03:33:20.765948+00:00","","","false","","",""
"2788","Locker 17 Carabiner Alloy-06","locker_carabiners","Green","2036-04-25","0","2737","IN","Locker 17 standard kit","Locker 17","","","2026-04-29T03:33:20.765948+00:00","","","false","","",""
"2789","Locker 17 Carabiner Steel","locker_carabiners","Green","2036-04-25","0","2737","IN","Locker 17 standard kit","Locker 17","","","2026-04-29T03:33:20.765948+00:00","","","false","","",""
"2790","Locker 17 Prusik Loop","locker_prusiks","Green","2036-04-25","0","2737","IN","Locker 17 standard kit","Locker 17","","","2026-04-29T03:33:20.765948+00:00","","","false","","",""
"2791","Locker 17 Dry Bag","locker_dry_bags","Green","2051-04-22","0","6843","IN","Locker 17 standard kit","Locker 17","","","2026-04-29T03:33:20.765948+00:00","","","false","","",""
"2792","Locker 17 Radio Dry Bag","locker_dry_bags","Green","2051-04-22","0","6843","IN","Locker 17 standard kit","Locker 17","","","2026-04-29T03:33:20.765948+00:00","","","false","","",""
"2793","Locker 17 Emergency Shelter","locker_shelter","Green","2036-04-25","0","2737","IN","Locker 17 standard kit","Locker 17","","","2026-04-29T03:33:20.765948+00:00","","","false","","",""
"2794","Locker 17 Emergency Roll Mat","locker_misc","Green","2051-04-22","0","6843","IN","Locker 17 standard kit","Locker 17","","","2026-04-29T03:33:20.765948+00:00","","","false","","",""
"2795","Locker 17 Thermos-01","locker_misc","Green","2051-04-22","0","6843","IN","Locker 17 standard kit","Locker 17","","","2026-04-29T03:33:20.765948+00:00","","","false","","",""
"2796","Locker 17 Thermos-02","locker_misc","Green","2051-04-22","0","6843","IN","Locker 17 standard kit","Locker 17","","","2026-04-29T03:33:20.765948+00:00","","","false","","",""
"2797","Locker 17 Cups-01","locker_misc","Green","2051-04-22","0","6843","IN","Locker 17 standard kit","Locker 17","","","2026-04-29T03:33:20.765948+00:00","","","false","","",""
"2798","Locker 17 Cups-02","locker_misc","Green","2051-04-22","0","6843","IN","Locker 17 standard kit","Locker 17","","","2026-04-29T03:33:20.765948+00:00","","","false","","",""
"2799","Locker 17 Compass-01","locker_misc","Green","2051-04-22","0","6843","IN","Locker 17 standard kit","Locker 17","","","2026-04-29T03:33:20.765948+00:00","","","false","","",""
"2800","Locker 17 Compass-02","locker_misc","Green","2051-04-22","0","6843","IN","Locker 17 standard kit","Locker 17","","","2026-04-29T03:33:20.765948+00:00","","","false","","",""
"2801","Locker 17 Head Torch-01","locker_misc","Green","2051-04-22","0","6843","IN","Locker 17 standard kit","Locker 17","","","2026-04-29T03:33:20.765948+00:00","","","false","","",""
"2802","Locker 17 Head Torch-02","locker_misc","Green","2051-04-22","0","6843","IN","Locker 17 standard kit","Locker 17","","","2026-04-29T03:33:20.765948+00:00","","","false","","",""
"2803","Locker 17 Sunglasses-01","locker_misc","Green","2051-04-22","0","6843","IN","Locker 17 standard kit","Locker 17","","","2026-04-29T03:33:20.765948+00:00","","","false","","",""
"2804","Locker 17 Sunglasses-02","locker_misc","Green","2051-04-22","0","6843","IN","Locker 17 standard kit","Locker 17","","","2026-04-29T03:33:20.765948+00:00","","","false","","",""
"2805","Locker 17 Sunglasses-03","locker_misc","Green","2051-04-22","0","6843","IN","Locker 17 standard kit","Locker 17","","","2026-04-29T03:33:20.765948+00:00","","","false","","",""
"2806","Locker 17 Sunglasses-04","locker_misc","Green","2051-04-22","0","6843","IN","Locker 17 standard kit","Locker 17","","","2026-04-29T03:33:20.765948+00:00","","","false","","",""
"2807","Locker 17 Sunglasses-05","locker_misc","Green","2051-04-22","0","6843","IN","Locker 17 standard kit","Locker 17","","","2026-04-29T03:33:20.765948+00:00","","","false","","",""
"2808","Locker 17 Sunglasses-06","locker_misc","Green","2051-04-22","0","6843","IN","Locker 17 standard kit","Locker 17","","","2026-04-29T03:33:20.765948+00:00","","","false","","",""
"2809","Locker 17 Sunglasses-07","locker_misc","Green","2051-04-22","0","6843","IN","Locker 17 standard kit","Locker 17","","","2026-04-29T03:33:20.765948+00:00","","","false","","",""
"2810","Locker 17 Sunglasses-08","locker_misc","Green","2051-04-22","0","6843","IN","Locker 17 standard kit","Locker 17","","","2026-04-29T03:33:20.765948+00:00","","","false","","",""
"2811","Locker 17 Sunglasses-09","locker_misc","Green","2051-04-22","0","6843","IN","Locker 17 standard kit","Locker 17","","","2026-04-29T03:33:20.765948+00:00","","","false","","",""
"2812","Locker 17 Sunglasses-10","locker_misc","Green","2051-04-22","0","6843","IN","Locker 17 standard kit","Locker 17","","","2026-04-29T03:33:20.765948+00:00","","","false","","",""
"2813","Locker 17 Sunglasses-11","locker_misc","Green","2051-04-22","0","6843","IN","Locker 17 standard kit","Locker 17","","","2026-04-29T03:33:20.765948+00:00","","","false","","",""
"2814","Locker 17 Sunglasses-12","locker_misc","Green","2051-04-22","0","6843","IN","Locker 17 standard kit","Locker 17","","","2026-04-29T03:33:20.765948+00:00","","","false","","",""
"2815","Locker 17 Tent Pegs-01","locker_misc","Green","2051-04-22","0","6843","IN","Locker 17 standard kit","Locker 17","","","2026-04-29T03:33:20.765948+00:00","","","false","","",""
"2816","Locker 17 Tent Pegs-02","locker_misc","Green","2051-04-22","0","6843","IN","Locker 17 standard kit","Locker 17","","","2026-04-29T03:33:20.765948+00:00","","","false","","",""
"2817","Locker 17 Tent Pegs-03","locker_misc","Green","2051-04-22","0","6843","IN","Locker 17 standard kit","Locker 17","","","2026-04-29T03:33:20.765948+00:00","","","false","","",""
"2818","Locker 17 Tent Pegs-04","locker_misc","Green","2051-04-22","0","6843","IN","Locker 17 standard kit","Locker 17","","","2026-04-29T03:33:20.765948+00:00","","","false","","",""
"2819","Locker 17 Tent Pegs-05","locker_misc","Green","2051-04-22","0","6843","IN","Locker 17 standard kit","Locker 17","","","2026-04-29T03:33:20.765948+00:00","","","false","","",""
"2820","Locker 17 Tent Pegs-06","locker_misc","Green","2051-04-22","0","6843","IN","Locker 17 standard kit","Locker 17","","","2026-04-29T03:33:20.765948+00:00","","","false","","",""
"2821","Locker 17 Tent Pegs-07","locker_misc","Green","2051-04-22","0","6843","IN","Locker 17 standard kit","Locker 17","","","2026-04-29T03:33:20.765948+00:00","","","false","","",""
"2822","Locker 17 Tent Pegs-08","locker_misc","Green","2051-04-22","0","6843","IN","Locker 17 standard kit","Locker 17","","","2026-04-29T03:33:20.765948+00:00","","","false","","",""
"2823","Locker 17 Tent Pegs-09","locker_misc","Green","2051-04-22","0","6843","IN","Locker 17 standard kit","Locker 17","","","2026-04-29T03:33:20.765948+00:00","","","false","","",""
"2824","Locker 17 Tent Pegs-10","locker_misc","Green","2051-04-22","0","6843","IN","Locker 17 standard kit","Locker 17","","","2026-04-29T03:33:20.765948+00:00","","","false","","",""
"2825","Locker 17 Tent Pegs-11","locker_misc","Green","2051-04-22","0","6843","IN","Locker 17 standard kit","Locker 17","","","2026-04-29T03:33:20.765948+00:00","","","false","","",""
"2826","Locker 17 Tent Pegs-12","locker_misc","Green","2051-04-22","0","6843","IN","Locker 17 standard kit","Locker 17","","","2026-04-29T03:33:20.765948+00:00","","","false","","",""
"2827","Locker 17 Tent Pegs-13","locker_misc","Green","2051-04-22","0","6843","IN","Locker 17 standard kit","Locker 17","","","2026-04-29T03:33:20.765948+00:00","","","false","","",""
"2828","Locker 17 Tent Pegs-14","locker_misc","Green","2051-04-22","0","6843","IN","Locker 17 standard kit","Locker 17","","","2026-04-29T03:33:20.765948+00:00","","","false","","",""
"2829","Locker 17 Tent Pegs-15","locker_misc","Green","2051-04-22","0","6843","IN","Locker 17 standard kit","Locker 17","","","2026-04-29T03:33:20.765948+00:00","","","false","","",""
"2830","Locker 17 Tent Pegs-16","locker_misc","Green","2051-04-22","0","6843","IN","Locker 17 standard kit","Locker 17","","","2026-04-29T03:33:20.765948+00:00","","","false","","",""
"2831","Locker 17 Tent Pegs-17","locker_misc","Green","2051-04-22","0","6843","IN","Locker 17 standard kit","Locker 17","","","2026-04-29T03:33:20.765948+00:00","","","false","","",""
"2832","Locker 17 Tent Pegs-18","locker_misc","Green","2051-04-22","0","6843","IN","Locker 17 standard kit","Locker 17","","","2026-04-29T03:33:20.765948+00:00","","","false","","",""
"2833","Locker 17 Tent Pegs-19","locker_misc","Green","2051-04-22","0","6843","IN","Locker 17 standard kit","Locker 17","","","2026-04-29T03:33:20.765948+00:00","","","false","","",""
"2834","Locker 17 Tent Pegs-20","locker_misc","Green","2051-04-22","0","6843","IN","Locker 17 standard kit","Locker 17","","","2026-04-29T03:33:20.765948+00:00","","","false","","",""
"2835","Locker 17 Tent Pegs-21","locker_misc","Green","2051-04-22","0","6843","IN","Locker 17 standard kit","Locker 17","","","2026-04-29T03:33:20.765948+00:00","","","false","","",""
"2836","Locker 17 Tent Pegs-22","locker_misc","Green","2051-04-22","0","6843","IN","Locker 17 standard kit","Locker 17","","","2026-04-29T03:33:20.765948+00:00","","","false","","",""
"2837","Locker 17 Tent Pegs-23","locker_misc","Green","2051-04-22","0","6843","IN","Locker 17 standard kit","Locker 17","","","2026-04-29T03:33:20.765948+00:00","","","false","","",""
"2838","Locker 17 Tent Pegs-24","locker_misc","Green","2051-04-22","0","6843","IN","Locker 17 standard kit","Locker 17","","","2026-04-29T03:33:20.765948+00:00","","","false","","",""
"2839","Locker 17 Tent Pegs-25","locker_misc","Green","2051-04-22","0","6843","IN","Locker 17 standard kit","Locker 17","","","2026-04-29T03:33:20.765948+00:00","","","false","","",""
"2840","Locker 17 Tent Pegs-26","locker_misc","Green","2051-04-22","0","6843","IN","Locker 17 standard kit","Locker 17","","","2026-04-29T03:33:20.765948+00:00","","","false","","",""
"2841","Locker 17 Tent Pegs-27","locker_misc","Green","2051-04-22","0","6843","IN","Locker 17 standard kit","Locker 17","","","2026-04-29T03:33:20.765948+00:00","","","false","","",""
"2842","Locker 17 Tent Pegs-28","locker_misc","Green","2051-04-22","0","6843","IN","Locker 17 standard kit","Locker 17","","","2026-04-29T03:33:20.765948+00:00","","","false","","",""
"2843","Locker 17 Tent Pegs-29","locker_misc","Green","2051-04-22","0","6843","IN","Locker 17 standard kit","Locker 17","","","2026-04-29T03:33:20.765948+00:00","","","false","","",""
"2844","Locker 17 Tent Pegs-30","locker_misc","Green","2051-04-22","0","6843","IN","Locker 17 standard kit","Locker 17","","","2026-04-29T03:33:20.765948+00:00","","","false","","",""
"2845","Locker 17 Tent Pegs-31","locker_misc","Green","2051-04-22","0","6843","IN","Locker 17 standard kit","Locker 17","","","2026-04-29T03:33:20.765948+00:00","","","false","","",""
"2846","Locker 17 Tent Pegs-32","locker_misc","Green","2051-04-22","0","6843","IN","Locker 17 standard kit","Locker 17","","","2026-04-29T03:33:20.765948+00:00","","","false","","",""
"2847","Locker 17 Tent Pegs-33","locker_misc","Green","2051-04-22","0","6843","IN","Locker 17 standard kit","Locker 17","","","2026-04-29T03:33:20.765948+00:00","","","false","","",""
"2848","Locker 17 Tent Pegs-34","locker_misc","Green","2051-04-22","0","6843","IN","Locker 17 standard kit","Locker 17","","","2026-04-29T03:33:20.765948+00:00","","","false","","",""
"2849","Locker 17 Tent Pegs-35","locker_misc","Green","2051-04-22","0","6843","IN","Locker 17 standard kit","Locker 17","","","2026-04-29T03:33:20.765948+00:00","","","false","","",""
"2850","Locker 17 Tent Pegs-36","locker_misc","Green","2051-04-22","0","6843","IN","Locker 17 standard kit","Locker 17","","","2026-04-29T03:33:20.765948+00:00","","","false","","",""
"2851","Locker 17 Tent Pegs-37","locker_misc","Green","2051-04-22","0","6843","IN","Locker 17 standard kit","Locker 17","","","2026-04-29T03:33:20.765948+00:00","","","false","","",""
"2852","Locker 17 Tent Pegs-38","locker_misc","Green","2051-04-22","0","6843","IN","Locker 17 standard kit","Locker 17","","","2026-04-29T03:33:20.765948+00:00","","","false","","",""
"2853","Locker 17 Tent Pegs-39","locker_misc","Green","2051-04-22","0","6843","IN","Locker 17 standard kit","Locker 17","","","2026-04-29T03:33:20.765948+00:00","","","false","","",""
"2854","Locker 17 Tent Pegs-40","locker_misc","Green","2051-04-22","0","6843","IN","Locker 17 standard kit","Locker 17","","","2026-04-29T03:33:20.765948+00:00","","","false","","",""
"2855","Locker 17 Tent Peg Bag-01","locker_misc","Green","2051-04-22","0","6843","IN","Locker 17 standard kit","Locker 17","","","2026-04-29T03:33:20.765948+00:00","","","false","","",""
"2856","Locker 17 Tent Peg Bag-02","locker_misc","Green","2051-04-22","0","6843","IN","Locker 17 standard kit","Locker 17","","","2026-04-29T03:33:20.765948+00:00","","","false","","",""
"2857","Locker 17 Whistle-01","locker_misc","Green","2051-04-22","0","6843","IN","Locker 17 standard kit","Locker 17","","","2026-04-29T03:33:20.765948+00:00","","","false","","",""
"2858","Locker 17 Whistle-02","locker_misc","Green","2051-04-22","0","6843","IN","Locker 17 standard kit","Locker 17","","","2026-04-29T03:33:20.765948+00:00","","","false","","",""
"2859","Locker 17 Large Spoon-01","locker_misc","Green","2051-04-22","0","6843","IN","Locker 17 standard kit","Locker 17","","","2026-04-29T03:33:20.765948+00:00","","","false","","",""
"2860","Locker 17 Large Spoon-02","locker_misc","Green","2051-04-22","0","6843","IN","Locker 17 standard kit","Locker 17","","","2026-04-29T03:33:20.765948+00:00","","","false","","",""
"2861","Locker 17 Large Pot + Lid-01","locker_misc","Green","2051-04-22","0","6843","IN","Locker 17 standard kit","Locker 17","","","2026-04-29T03:33:20.765948+00:00","","","false","","",""
"2862","Locker 17 Large Pot + Lid-02","locker_misc","Green","2051-04-22","0","6843","IN","Locker 17 standard kit","Locker 17","","","2026-04-29T03:33:20.765948+00:00","","","false","","",""
"2863","Locker 17 Trangia + Base","locker_misc","Green","2051-04-22","0","6843","IN","Locker 17 standard kit","Locker 17","","","2026-04-29T03:33:20.765948+00:00","","","false","","",""
"2864","Locker 17 Small Pot","locker_misc","Green","2051-04-22","0","6843","IN","Locker 17 standard kit","Locker 17","","","2026-04-29T03:33:20.765948+00:00","","","false","","",""
"2865","Locker 17 Can Opener-01","locker_misc","Green","2051-04-22","0","6843","IN","Locker 17 standard kit","Locker 17","","","2026-04-29T03:33:20.765948+00:00","","","false","","",""
"2866","Locker 17 Can Opener-02","locker_misc","Green","2051-04-22","0","6843","IN","Locker 17 standard kit","Locker 17","","","2026-04-29T03:33:20.765948+00:00","","","false","","",""
"2867","Locker 17 Biolite Stove","locker_misc","Green","2051-04-22","0","6843","IN","Locker 17 standard kit","Locker 17","","","2026-04-29T03:33:20.765948+00:00","","","false","","",""
"2868","Locker 18 Bush Rope","cord_tape","Green","2036-04-25","0","2737","IN","Locker 18 standard kit","Locker 18","","","2026-04-29T03:33:20.765948+00:00","","","false","","",""
"2869","Locker 18 Sling 120cm-01","locker_slings","Green","2036-04-25","0","2737","IN","Locker 18 standard kit","Locker 18","","","2026-04-29T03:33:20.765948+00:00","","","false","","",""
"2870","Locker 18 Sling 120cm-02","locker_slings","Green","2036-04-25","0","2737","IN","Locker 18 standard kit","Locker 18","","","2026-04-29T03:33:20.765948+00:00","","","false","","",""
"2871","Locker 18 Carabiner Alloy-01","locker_carabiners","Green","2036-04-25","0","2737","IN","Locker 18 standard kit","Locker 18","","","2026-04-29T03:33:20.765948+00:00","","","false","","",""
"2872","Locker 18 Carabiner Alloy-02","locker_carabiners","Green","2036-04-25","0","2737","IN","Locker 18 standard kit","Locker 18","","","2026-04-29T03:33:20.765948+00:00","","","false","","",""
"2873","Locker 18 Carabiner Alloy-03","locker_carabiners","Green","2036-04-25","0","2737","IN","Locker 18 standard kit","Locker 18","","","2026-04-29T03:33:20.765948+00:00","","","false","","",""
"2874","Locker 18 Carabiner Alloy-04","locker_carabiners","Green","2036-04-25","0","2737","IN","Locker 18 standard kit","Locker 18","","","2026-04-29T03:33:20.765948+00:00","","","false","","",""
"2875","Locker 18 Carabiner Alloy-05","locker_carabiners","Green","2036-04-25","0","2737","IN","Locker 18 standard kit","Locker 18","","","2026-04-29T03:33:20.765948+00:00","","","false","","",""
"2876","Locker 18 Carabiner Alloy-06","locker_carabiners","Green","2036-04-25","0","2737","IN","Locker 18 standard kit","Locker 18","","","2026-04-29T03:33:20.765948+00:00","","","false","","",""
"2877","Locker 18 Carabiner Steel","locker_carabiners","Green","2036-04-25","0","2737","IN","Locker 18 standard kit","Locker 18","","","2026-04-29T03:33:20.765948+00:00","","","false","","",""
"2878","Locker 18 Prusik Loop","locker_prusiks","Green","2036-04-25","0","2737","IN","Locker 18 standard kit","Locker 18","","","2026-04-29T03:33:20.765948+00:00","","","false","","",""
"2879","Locker 18 Dry Bag","locker_dry_bags","Green","2051-04-22","0","6843","IN","Locker 18 standard kit","Locker 18","","","2026-04-29T03:33:20.765948+00:00","","","false","","",""
"2880","Locker 18 Radio Dry Bag","locker_dry_bags","Green","2051-04-22","0","6843","IN","Locker 18 standard kit","Locker 18","","","2026-04-29T03:33:20.765948+00:00","","","false","","",""
"2881","Locker 18 Emergency Shelter","locker_shelter","Green","2036-04-25","0","2737","IN","Locker 18 standard kit","Locker 18","","","2026-04-29T03:33:20.765948+00:00","","","false","","",""
"2882","Locker 18 Emergency Roll Mat","locker_misc","Green","2051-04-22","0","6843","IN","Locker 18 standard kit","Locker 18","","","2026-04-29T03:33:20.765948+00:00","","","false","","",""
"2883","Locker 18 Thermos-01","locker_misc","Green","2051-04-22","0","6843","IN","Locker 18 standard kit","Locker 18","","","2026-04-29T03:33:20.765948+00:00","","","false","","",""
"2884","Locker 18 Thermos-02","locker_misc","Green","2051-04-22","0","6843","IN","Locker 18 standard kit","Locker 18","","","2026-04-29T03:33:20.765948+00:00","","","false","","",""
"2885","Locker 18 Cups-01","locker_misc","Green","2051-04-22","0","6843","IN","Locker 18 standard kit","Locker 18","","","2026-04-29T03:33:20.765948+00:00","","","false","","",""
"2886","Locker 18 Cups-02","locker_misc","Green","2051-04-22","0","6843","IN","Locker 18 standard kit","Locker 18","","","2026-04-29T03:33:20.765948+00:00","","","false","","",""
"2887","Locker 18 Compass-01","locker_misc","Green","2051-04-22","0","6843","IN","Locker 18 standard kit","Locker 18","","","2026-04-29T03:33:20.765948+00:00","","","false","","",""
"2888","Locker 18 Compass-02","locker_misc","Green","2051-04-22","0","6843","IN","Locker 18 standard kit","Locker 18","","","2026-04-29T03:33:20.765948+00:00","","","false","","",""
"2889","Locker 18 Head Torch-01","locker_misc","Green","2051-04-22","0","6843","IN","Locker 18 standard kit","Locker 18","","","2026-04-29T03:33:20.765948+00:00","","","false","","",""
"2890","Locker 18 Head Torch-02","locker_misc","Green","2051-04-22","0","6843","IN","Locker 18 standard kit","Locker 18","","","2026-04-29T03:33:20.765948+00:00","","","false","","",""
"2891","Locker 18 Sunglasses-01","locker_misc","Green","2051-04-22","0","6843","IN","Locker 18 standard kit","Locker 18","","","2026-04-29T03:33:20.765948+00:00","","","false","","",""
"2892","Locker 18 Sunglasses-02","locker_misc","Green","2051-04-22","0","6843","IN","Locker 18 standard kit","Locker 18","","","2026-04-29T03:33:20.765948+00:00","","","false","","",""
"2893","Locker 18 Sunglasses-03","locker_misc","Green","2051-04-22","0","6843","IN","Locker 18 standard kit","Locker 18","","","2026-04-29T03:33:20.765948+00:00","","","false","","",""
"2894","Locker 18 Sunglasses-04","locker_misc","Green","2051-04-22","0","6843","IN","Locker 18 standard kit","Locker 18","","","2026-04-29T03:33:20.765948+00:00","","","false","","",""
"2895","Locker 18 Sunglasses-05","locker_misc","Green","2051-04-22","0","6843","IN","Locker 18 standard kit","Locker 18","","","2026-04-29T03:33:20.765948+00:00","","","false","","",""
"2896","Locker 18 Sunglasses-06","locker_misc","Green","2051-04-22","0","6843","IN","Locker 18 standard kit","Locker 18","","","2026-04-29T03:33:20.765948+00:00","","","false","","",""
"2897","Locker 18 Sunglasses-07","locker_misc","Green","2051-04-22","0","6843","IN","Locker 18 standard kit","Locker 18","","","2026-04-29T03:33:20.765948+00:00","","","false","","",""
"2898","Locker 18 Sunglasses-08","locker_misc","Green","2051-04-22","0","6843","IN","Locker 18 standard kit","Locker 18","","","2026-04-29T03:33:20.765948+00:00","","","false","","",""
"2899","Locker 18 Sunglasses-09","locker_misc","Green","2051-04-22","0","6843","IN","Locker 18 standard kit","Locker 18","","","2026-04-29T03:33:20.765948+00:00","","","false","","",""
"2900","Locker 18 Sunglasses-10","locker_misc","Green","2051-04-22","0","6843","IN","Locker 18 standard kit","Locker 18","","","2026-04-29T03:33:20.765948+00:00","","","false","","",""
"2901","Locker 18 Sunglasses-11","locker_misc","Green","2051-04-22","0","6843","IN","Locker 18 standard kit","Locker 18","","","2026-04-29T03:33:20.765948+00:00","","","false","","",""
"2902","Locker 18 Sunglasses-12","locker_misc","Green","2051-04-22","0","6843","IN","Locker 18 standard kit","Locker 18","","","2026-04-29T03:33:20.765948+00:00","","","false","","",""
"2903","Locker 18 Tent Pegs-01","locker_misc","Green","2051-04-22","0","6843","IN","Locker 18 standard kit","Locker 18","","","2026-04-29T03:33:20.765948+00:00","","","false","","",""
"2904","Locker 18 Tent Pegs-02","locker_misc","Green","2051-04-22","0","6843","IN","Locker 18 standard kit","Locker 18","","","2026-04-29T03:33:20.765948+00:00","","","false","","",""
"2905","Locker 18 Tent Pegs-03","locker_misc","Green","2051-04-22","0","6843","IN","Locker 18 standard kit","Locker 18","","","2026-04-29T03:33:20.765948+00:00","","","false","","",""
"2906","Locker 18 Tent Pegs-04","locker_misc","Green","2051-04-22","0","6843","IN","Locker 18 standard kit","Locker 18","","","2026-04-29T03:33:20.765948+00:00","","","false","","",""
"2907","Locker 18 Tent Pegs-05","locker_misc","Green","2051-04-22","0","6843","IN","Locker 18 standard kit","Locker 18","","","2026-04-29T03:33:20.765948+00:00","","","false","","",""
"2908","Locker 18 Tent Pegs-06","locker_misc","Green","2051-04-22","0","6843","IN","Locker 18 standard kit","Locker 18","","","2026-04-29T03:33:20.765948+00:00","","","false","","",""
"2909","Locker 18 Tent Pegs-07","locker_misc","Green","2051-04-22","0","6843","IN","Locker 18 standard kit","Locker 18","","","2026-04-29T03:33:20.765948+00:00","","","false","","",""
"2910","Locker 18 Tent Pegs-08","locker_misc","Green","2051-04-22","0","6843","IN","Locker 18 standard kit","Locker 18","","","2026-04-29T03:33:20.765948+00:00","","","false","","",""
"2911","Locker 18 Tent Pegs-09","locker_misc","Green","2051-04-22","0","6843","IN","Locker 18 standard kit","Locker 18","","","2026-04-29T03:33:20.765948+00:00","","","false","","",""
"2912","Locker 18 Tent Pegs-10","locker_misc","Green","2051-04-22","0","6843","IN","Locker 18 standard kit","Locker 18","","","2026-04-29T03:33:20.765948+00:00","","","false","","",""
"2913","Locker 18 Tent Pegs-11","locker_misc","Green","2051-04-22","0","6843","IN","Locker 18 standard kit","Locker 18","","","2026-04-29T03:33:20.765948+00:00","","","false","","",""
"2914","Locker 18 Tent Pegs-12","locker_misc","Green","2051-04-22","0","6843","IN","Locker 18 standard kit","Locker 18","","","2026-04-29T03:33:20.765948+00:00","","","false","","",""
"2915","Locker 18 Tent Pegs-13","locker_misc","Green","2051-04-22","0","6843","IN","Locker 18 standard kit","Locker 18","","","2026-04-29T03:33:20.765948+00:00","","","false","","",""
"2916","Locker 18 Tent Pegs-14","locker_misc","Green","2051-04-22","0","6843","IN","Locker 18 standard kit","Locker 18","","","2026-04-29T03:33:20.765948+00:00","","","false","","",""
"2917","Locker 18 Tent Pegs-15","locker_misc","Green","2051-04-22","0","6843","IN","Locker 18 standard kit","Locker 18","","","2026-04-29T03:33:20.765948+00:00","","","false","","",""
"2918","Locker 18 Tent Pegs-16","locker_misc","Green","2051-04-22","0","6843","IN","Locker 18 standard kit","Locker 18","","","2026-04-29T03:33:20.765948+00:00","","","false","","",""
"2919","Locker 18 Tent Pegs-17","locker_misc","Green","2051-04-22","0","6843","IN","Locker 18 standard kit","Locker 18","","","2026-04-29T03:33:20.765948+00:00","","","false","","",""
"2920","Locker 18 Tent Pegs-18","locker_misc","Green","2051-04-22","0","6843","IN","Locker 18 standard kit","Locker 18","","","2026-04-29T03:33:20.765948+00:00","","","false","","",""
"2921","Locker 18 Tent Pegs-19","locker_misc","Green","2051-04-22","0","6843","IN","Locker 18 standard kit","Locker 18","","","2026-04-29T03:33:20.765948+00:00","","","false","","",""
"2922","Locker 18 Tent Pegs-20","locker_misc","Green","2051-04-22","0","6843","IN","Locker 18 standard kit","Locker 18","","","2026-04-29T03:33:20.765948+00:00","","","false","","",""
"2923","Locker 18 Tent Pegs-21","locker_misc","Green","2051-04-22","0","6843","IN","Locker 18 standard kit","Locker 18","","","2026-04-29T03:33:20.765948+00:00","","","false","","",""
"2924","Locker 18 Tent Pegs-22","locker_misc","Green","2051-04-22","0","6843","IN","Locker 18 standard kit","Locker 18","","","2026-04-29T03:33:20.765948+00:00","","","false","","",""
"2925","Locker 18 Tent Pegs-23","locker_misc","Green","2051-04-22","0","6843","IN","Locker 18 standard kit","Locker 18","","","2026-04-29T03:33:20.765948+00:00","","","false","","",""
"2926","Locker 18 Tent Pegs-24","locker_misc","Green","2051-04-22","0","6843","IN","Locker 18 standard kit","Locker 18","","","2026-04-29T03:33:20.765948+00:00","","","false","","",""
"2927","Locker 18 Tent Pegs-25","locker_misc","Green","2051-04-22","0","6843","IN","Locker 18 standard kit","Locker 18","","","2026-04-29T03:33:20.765948+00:00","","","false","","",""
"2928","Locker 18 Tent Pegs-26","locker_misc","Green","2051-04-22","0","6843","IN","Locker 18 standard kit","Locker 18","","","2026-04-29T03:33:20.765948+00:00","","","false","","",""
"2929","Locker 18 Tent Pegs-27","locker_misc","Green","2051-04-22","0","6843","IN","Locker 18 standard kit","Locker 18","","","2026-04-29T03:33:20.765948+00:00","","","false","","",""
"2930","Locker 18 Tent Pegs-28","locker_misc","Green","2051-04-22","0","6843","IN","Locker 18 standard kit","Locker 18","","","2026-04-29T03:33:20.765948+00:00","","","false","","",""
"2931","Locker 18 Tent Pegs-29","locker_misc","Green","2051-04-22","0","6843","IN","Locker 18 standard kit","Locker 18","","","2026-04-29T03:33:20.765948+00:00","","","false","","",""
"2932","Locker 18 Tent Pegs-30","locker_misc","Green","2051-04-22","0","6843","IN","Locker 18 standard kit","Locker 18","","","2026-04-29T03:33:20.765948+00:00","","","false","","",""
"2933","Locker 18 Tent Pegs-31","locker_misc","Green","2051-04-22","0","6843","IN","Locker 18 standard kit","Locker 18","","","2026-04-29T03:33:20.765948+00:00","","","false","","",""
"2934","Locker 18 Tent Pegs-32","locker_misc","Green","2051-04-22","0","6843","IN","Locker 18 standard kit","Locker 18","","","2026-04-29T03:33:20.765948+00:00","","","false","","",""
"2935","Locker 18 Tent Pegs-33","locker_misc","Green","2051-04-22","0","6843","IN","Locker 18 standard kit","Locker 18","","","2026-04-29T03:33:20.765948+00:00","","","false","","",""
"2936","Locker 18 Tent Pegs-34","locker_misc","Green","2051-04-22","0","6843","IN","Locker 18 standard kit","Locker 18","","","2026-04-29T03:33:20.765948+00:00","","","false","","",""
"2937","Locker 18 Tent Pegs-35","locker_misc","Green","2051-04-22","0","6843","IN","Locker 18 standard kit","Locker 18","","","2026-04-29T03:33:20.765948+00:00","","","false","","",""
"2938","Locker 18 Tent Pegs-36","locker_misc","Green","2051-04-22","0","6843","IN","Locker 18 standard kit","Locker 18","","","2026-04-29T03:33:20.765948+00:00","","","false","","",""
"2939","Locker 18 Tent Pegs-37","locker_misc","Green","2051-04-22","0","6843","IN","Locker 18 standard kit","Locker 18","","","2026-04-29T03:33:20.765948+00:00","","","false","","",""
"2940","Locker 18 Tent Pegs-38","locker_misc","Green","2051-04-22","0","6843","IN","Locker 18 standard kit","Locker 18","","","2026-04-29T03:33:20.765948+00:00","","","false","","",""
"2941","Locker 18 Tent Pegs-39","locker_misc","Green","2051-04-22","0","6843","IN","Locker 18 standard kit","Locker 18","","","2026-04-29T03:33:20.765948+00:00","","","false","","",""
"2942","Locker 18 Tent Pegs-40","locker_misc","Green","2051-04-22","0","6843","IN","Locker 18 standard kit","Locker 18","","","2026-04-29T03:33:20.765948+00:00","","","false","","",""
"2943","Locker 18 Tent Peg Bag-01","locker_misc","Green","2051-04-22","0","6843","IN","Locker 18 standard kit","Locker 18","","","2026-04-29T03:33:20.765948+00:00","","","false","","",""
"2944","Locker 18 Tent Peg Bag-02","locker_misc","Green","2051-04-22","0","6843","IN","Locker 18 standard kit","Locker 18","","","2026-04-29T03:33:20.765948+00:00","","","false","","",""
"2945","Locker 18 Whistle-01","locker_misc","Green","2051-04-22","0","6843","IN","Locker 18 standard kit","Locker 18","","","2026-04-29T03:33:20.765948+00:00","","","false","","",""
"2946","Locker 18 Whistle-02","locker_misc","Green","2051-04-22","0","6843","IN","Locker 18 standard kit","Locker 18","","","2026-04-29T03:33:20.765948+00:00","","","false","","",""
"2947","Locker 18 Large Spoon-01","locker_misc","Green","2051-04-22","0","6843","IN","Locker 18 standard kit","Locker 18","","","2026-04-29T03:33:20.765948+00:00","","","false","","",""
"2948","Locker 18 Large Spoon-02","locker_misc","Green","2051-04-22","0","6843","IN","Locker 18 standard kit","Locker 18","","","2026-04-29T03:33:20.765948+00:00","","","false","","",""
"2949","Locker 18 Large Pot + Lid-01","locker_misc","Green","2051-04-22","0","6843","IN","Locker 18 standard kit","Locker 18","","","2026-04-29T03:33:20.765948+00:00","","","false","","",""
"2950","Locker 18 Large Pot + Lid-02","locker_misc","Green","2051-04-22","0","6843","IN","Locker 18 standard kit","Locker 18","","","2026-04-29T03:33:20.765948+00:00","","","false","","",""
"2951","Locker 18 Trangia + Base","locker_misc","Green","2051-04-22","0","6843","IN","Locker 18 standard kit","Locker 18","","","2026-04-29T03:33:20.765948+00:00","","","false","","",""
"2952","Locker 18 Small Pot","locker_misc","Green","2051-04-22","0","6843","IN","Locker 18 standard kit","Locker 18","","","2026-04-29T03:33:20.765948+00:00","","","false","","",""
"2953","Locker 18 Can Opener-01","locker_misc","Green","2051-04-22","0","6843","IN","Locker 18 standard kit","Locker 18","","","2026-04-29T03:33:20.765948+00:00","","","false","","",""
"2954","Locker 18 Can Opener-02","locker_misc","Green","2051-04-22","0","6843","IN","Locker 18 standard kit","Locker 18","","","2026-04-29T03:33:20.765948+00:00","","","false","","",""
"2955","Locker 18 Biolite Stove","locker_misc","Green","2051-04-22","0","6843","IN","Locker 18 standard kit","Locker 18","","","2026-04-29T03:33:20.765948+00:00","","","false","","",""
"2963","Rafting PFD L Pool","pfds_rafting","Green","2035-02-17","0","2737","IN","","White water shipping container","","","2026-04-29T03:33:20.765948+00:00","","L","true","10","10",""
"2964","Rafting PFD M Pool","pfds_rafting","Green","2035-02-17","0","2737","IN","","White water shipping container","","","2026-04-29T03:33:20.765948+00:00","","M","true","30","30",""
"2965","Tech PFD S Pool","pfds_tech","Green","2036-02-10","0","2737","IN","","Tech Shipping Container","","","2026-04-29T03:33:20.765948+00:00","","S","true","2","2",""
"2960","PFD S Pool","pfds","Yellow","2034-03-06","0","2737","IN","","Wetsuit Shipping Container","","","2026-04-29T03:33:20.765948+00:00","","S","true","25","25",""
"2957","PFD 2XS Pool","pfds","Green","2033-12-01","0","2737","IN","","Wetsuit Shipping Container","","","2026-04-29T03:33:20.765948+00:00","","2XS","true","10","10",""
"2961","PFD XL Pool","pfds","Green","2034-03-06","0","2737","IN","","Wetsuit Shipping Container","","","2026-04-29T03:33:20.765948+00:00","","XL","true","9","9",""
"2956","PFD 2XL Pool","pfds","Green","2034-03-06","0","2737","IN","","Wetsuit Shipping Container","","","2026-04-29T03:33:20.765948+00:00","","2XL","true","10","10",""
"836","Climbing room LD03 60m","dynamic_ropes","Green","2027-09-01","0","0","IN","","Climbing Room","","Hillary Outdoors - Upstairs climbing room - 049","2026-04-29T03:33:16.61595+00:00","LD3","","false","","",""
"361","Climbing room Harness L16","cr_harnesses","Green","2033-01-01","0","2737","IN","","Climbing Room","","","2026-04-29T03:33:16.61595+00:00","CR L16","L","false","","",""
"366","Climbing room Harness L22","cr_harnesses","Green","2033-01-01","0","2737","IN","","Climbing Room","","","2026-04-29T03:33:16.61595+00:00","CR L22","L","false","","",""
"368","Climbing room Harness L24","cr_harnesses","Green","2033-01-01","0","2737","IN","","Climbing Room","","","2026-04-29T03:33:16.61595+00:00","CR L24","L","false","","",""
"384","Climbing room Harness M15","cr_harnesses","Green","2033-01-01","0","2737","IN","","Climbing Room","","","2026-04-29T03:33:16.61595+00:00","CR M15","M","false","","",""
"356","Climbing room Harness L05","cr_harnesses","Yellow","2027-01-01","0","2737","IN","","Climbing Room","","","2026-04-29T03:33:16.61595+00:00","CR L05","L","false","","",""
"370","Climbing room Harness M01","cr_harnesses","Green","2032-10-01","0","2737","IN","","Climbing Room","","","2026-04-29T03:33:16.61595+00:00","CR M01","M","false","","",""
"367","Climbing room Harness L23","cr_harnesses","Green","2033-01-01","0","2737","IN","","Climbing Room","","","2026-04-29T03:33:16.61595+00:00","CR L23","L","false","","",""
"358","Climbing room Harness L12","cr_harnesses","Green","2027-01-01","0","2737","IN","","Climbing Room","","","2026-04-29T03:33:16.61595+00:00","CR L12","L","false","","",""
"383","Climbing room Harness M14","cr_harnesses","Green","2032-10-01","0","2737","IN","","Climbing Room","","","2026-04-29T03:33:16.61595+00:00","CR M14","M","false","","",""
"390","Climbing room Harness M21","cr_harnesses","Green","2032-10-01","0","2737","IN","","Climbing Room","","","2026-04-29T03:33:16.61595+00:00","CR M21","M","false","","",""
"363","Climbing room Harness L18","cr_harnesses","Green","2033-01-01","0","2737","IN","","Climbing Room","","","2026-04-29T03:33:16.61595+00:00","CR L18","L","false","","",""
"359","Climbing room Harness L13","cr_harnesses","Green","2027-01-01","0","2737","IN","","Climbing Room","","","2026-04-29T03:33:16.61595+00:00","CR L13","L","false","","",""
"362","Climbing room Harness L17","cr_harnesses","Green","2033-01-01","0","2737","IN","","Climbing Room","","","2026-04-29T03:33:16.61595+00:00","CR L17","L","false","","",""
"360","Climbing room Harness L14","cr_harnesses","Green","2033-01-01","0","2737","IN","","Climbing Room","","","2026-04-29T03:33:16.61595+00:00","CR L14","L","false","","",""
"393","Climbing room Harness M24","cr_harnesses","Yellow","2027-01-01","0","2737","IN","","Climbing Room","","","2026-04-29T03:33:16.61595+00:00","CR M24","M","false","","",""
"395","Climbing room Harness M26","cr_harnesses","Yellow","2027-01-01","0","2737","IN","","Climbing Room","","","2026-04-29T03:33:16.61595+00:00","CR M26","M","false","","",""
"391","Climbing room Harness M22","cr_harnesses","Yellow","2027-01-01","0","2737","IN","","Climbing Room","","","2026-04-29T03:33:16.61595+00:00","CR M22","M","false","","",""
"392","Climbing room Harness M23","cr_harnesses","Green","2036-03-09","0","2737","IN","","Climbing Room","","","2026-04-29T03:33:16.61595+00:00","CR M23_01","M","false","","",""
"409","Climbing room Harness M40","cr_harnesses","Green","2036-03-09","0","2737","IN","","Climbing Room","","","2026-04-29T03:33:16.61595+00:00","CR M40_01","M","false","","",""
"413","Climbing room Harness M44","cr_harnesses","Green","2036-03-09","0","2737","IN","","Climbing Room","","","2026-04-29T03:33:16.61595+00:00","CR M44_01","M","false","","",""
"435","Climbing room Harness S14","cr_harnesses","Green","2026-12-30","0","2737","IN","","Climbing Room","","","2026-04-29T03:33:16.61595+00:00","CR S14","S","false","","",""
"410","Climbing room Harness M41","cr_harnesses","Green","2036-03-09","0","2737","IN","","Climbing Room","","","2026-04-29T03:33:16.61595+00:00","CR M41_01","M","false","","",""
"406","Climbing room Harness M37","cr_harnesses","Green","2036-03-09","0","2737","IN","","Climbing Room","","","2026-04-29T03:33:16.61595+00:00","CR M37_01","M","false","","",""
"419","Climbing room Harness M50","cr_harnesses","Green","2036-03-09","0","2737","IN","","Climbing Room","","","2026-04-29T03:33:16.61595+00:00","CR M50_01","M","false","","",""
"424","Climbing room Harness S03","cr_harnesses","Green","2034-06-03","0","2737","IN","","Climbing Room","","","2026-04-29T03:33:16.61595+00:00","CR S03","S","false","","",""
"418","Climbing room Harness M49","cr_harnesses","Green","2036-03-09","0","2737","IN","","Climbing Room","","","2026-04-29T03:33:16.61595+00:00","CR M49_01","M","false","","",""
"399","Climbing room Harness M30","cr_harnesses","Green","2036-03-09","0","2737","IN","","Climbing Room","","","2026-04-29T03:33:16.61595+00:00","CR M30_01","M","false","","",""
"408","Climbing room Harness M39","cr_harnesses","Green","2036-03-09","0","2737","IN","","Climbing Room","","","2026-04-29T03:33:16.61595+00:00","CR M39_01","M","false","","",""
"434","Climbing room Harness S13","cr_harnesses","Green","2034-06-03","0","2737","IN","","Climbing Room","","","2026-04-29T03:33:16.61595+00:00","CR S13","S","false","","",""
"440","Climbing room Harness S19","cr_harnesses","Green","2026-12-30","0","2737","IN","","Climbing Room","","","2026-04-29T03:33:16.61595+00:00","CR S19","S","false","","",""
"439","Climbing room Harness S18","cr_harnesses","Green","2036-03-08","0","2737","IN","","Climbing Room","","","2026-04-29T03:33:16.61595+00:00","CR S18_01","S","false","","",""
"407","Climbing room Harness M38","cr_harnesses","Green","2036-03-09","0","2737","IN","","Climbing Room","","","2026-04-29T03:33:16.61595+00:00","CR M38_01","M","false","","",""
"437","Climbing room Harness S16","cr_harnesses","Green","2034-06-03","0","2737","IN","","Climbing Room","","","2026-04-29T03:33:16.61595+00:00","CR S16","S","false","","",""
"436","Climbing room Harness S15","cr_harnesses","Green","2034-06-03","0","2737","IN","","Climbing Room","","","2026-04-29T03:33:16.61595+00:00","CR S15","S","false","","",""
"423","Climbing room Harness S02","cr_harnesses","Green","2026-12-30","0","2737","IN","","Climbing Room","","","2026-04-29T03:33:16.61595+00:00","CR S02","S","false","","",""
"430","Climbing room Harness S09","cr_harnesses","Green","2034-06-03","0","2737","IN","","Climbing Room","","","2026-04-29T03:33:16.61595+00:00","CR S09","S","false","","",""
"431","Climbing room Harness S10","cr_harnesses","Green","2034-06-03","0","2737","IN","","Climbing Room","","","2026-04-29T03:33:16.61595+00:00","CR S10","S","false","","",""
"402","Climbing room Harness M33","cr_harnesses","Green","2032-10-01","0","2737","IN","","Climbing Room","","","2026-04-29T03:33:16.61595+00:00","CR M33","M","false","","",""
"398","Climbing room Harness M29","cr_harnesses","Yellow","2033-05-01","0","2737","IN","","Climbing Room","","","2026-04-29T03:33:16.61595+00:00","CR M29","M","false","","",""
"444","Climbing room Harness S23","cr_harnesses","Green","2036-03-08","0","2737","IN","","Climbing Room","","","2026-04-29T03:33:16.61595+00:00","CR S23_01","S","false","","",""
"832","Climbing room Puke RigP 15m - Black","static_ropes","Green","2031-02-15","4","1368","IN","","Climbing Room","","","2026-04-29T03:33:16.61595+00:00","RigP_01","","false","","",""
"841","Climbing room Puke LS Puke 50m","dynamic_ropes","Green","2028-06-01","26","1368","IN","","Climbing Room","","","2026-04-29T03:33:18.042269+00:00","LS Puke","","false","","",""
"445","Climbing room Harness S24","cr_harnesses","Green","2036-03-08","0","2737","IN","","Climbing Room","","","2026-04-29T03:33:16.61595+00:00","CR S24_01","S","false","","",""
"871","Climbing room LS04 50m","dynamic_ropes","Green","2029-03-01","8","1368","IN","","Climbing Room","","","2026-04-29T03:33:18.042269+00:00","LS4","","false","","",""
"1074","Climbing room student shovel green","snow_shovels","Green","2051-01-27","0","6843","IN","","Climbing Room","","","2026-04-29T03:33:18.042269+00:00","CR SS Green","","false","","","4"
"447","Climbing room Harness S30","cr_harnesses","Green","2026-12-30","0","2737","IN","","Climbing Room","","","2026-04-29T03:33:16.61595+00:00","CR S30","S","false","","",""
"833","Climbing room Rig14 15m","static_ropes","Green","2030-01-31","9","1368","OUT","","Climbing Room","","","2026-04-29T03:33:16.61595+00:00","Rig14_01","","false","","",""
"858","Climbing room LD05 50m","dynamic_ropes","Green","2027-09-01","19","1368","IN","","Climbing Room","","","2026-04-29T03:33:18.042269+00:00","LD5","","false","","",""
"843","Climbing room SD02  35m","dynamic_ropes","Green","2029-02-01","26","1368","OUT","","Climbing Room","","","2026-04-29T03:33:18.042269+00:00","SD2","","false","","",""
"1073","Climbing room student shovel blue","snow_shovels","Green","2051-01-27","0","6843","IN","","Climbing Room","","","2026-04-29T03:33:18.042269+00:00","CR SS Blue","","false","","","4"
"845","Climbing room SD04 35m","dynamic_ropes","Green","2029-02-01","26","1368","IN","","Climbing Room","","","2026-04-29T03:33:18.042269+00:00","SD4","","false","","",""
"885","Climbing room SS07 30m","dynamic_ropes","Green","2026-02-01","6","1368","IN","","Climbing Room","","","2026-04-29T03:33:18.042269+00:00","","","false","","",""
"840","Climbing room LS02 50m","dynamic_ropes","Green","2027-10-01","17","1368","OUT","","Climbing Room","","","2026-04-29T03:33:18.042269+00:00","LS2","","false","","",""
"883","Climbing room Puke LD Puke 60m","dynamic_ropes","Green","2027-09-01","26","1368","IN","","Climbing Room","","","2026-04-29T03:33:18.042269+00:00","LD Puke","","false","","",""
"1315","Campstove 2+","biolites","Green","","0","9999","IN","Pool stock: 20 of 20","Locker","","","2026-04-29T03:33:18.042269+00:00","","","false","","",""
"968","High Ropes Fall Arrest Lanyards","fall_arrest","Green","2034-09-11","0","2737","IN","","High Ropes Shed","","","2026-04-29T03:33:18.042269+00:00","50357","","false","","",""
"962","Cage Trailer (393D9)","trailers","Green","2051-04-22","0","6843","IN","","Yard","","","2026-04-29T03:33:18.042269+00:00","393D9","","false","","",""
"963","Galvanized Trailer (807AG)","trailers","Green","2051-04-22","0","6843","IN","","Yard","","","2026-04-29T03:33:18.042269+00:00","807AG","","false","","",""
"1229","10 4XLWetsuits","wetsuits","Green","2049-06-03","0","6843","IN","","Wetsuit Shipping Container","","","2026-04-29T03:33:18.042269+00:00","","4XL","true","1","1",""
"1231","12 6XL Wetsuits","wetsuits","Green","2049-06-03","0","6843","IN","","Wetsuit Shipping Container","","","2026-04-29T03:33:18.042269+00:00","","6XL","true","1","1",""
"2962","PFD XS Pool","pfds","Yellow","2034-03-06","0","2737","IN","","Wetsuit Shipping Container","","","2026-04-29T03:33:20.765948+00:00","","XS","true","25","25",""
"2959","PFD M Pool","pfds","Yellow","2034-03-06","0","2737","IN","","Wetsuit Shipping Container","","","2026-04-29T03:33:20.765948+00:00","","M","true","41","41",""
"2958","PFD L Pool","pfds","Red","2034-03-06","0","2737","IN","","Wetsuit Shipping Container","","","2026-04-29T03:33:20.765948+00:00","","L","true","19","20",""
"1269","01/ XS Fleece Tops","fleece_tops","Green","","0","9999","IN","","Clothes Room","","","2026-04-29T03:33:18.042269+00:00","","XS","true","19","40",""
"1282","Hiking boot 10 (EU44)","boots_hiking","Green","","0","9999","IN","","Clothes Room","","","2026-04-29T03:33:18.042269+00:00","","10 (EU 44)","true","10","10",""
"1291","Hiking boot 7 (EU 41)","boots_hiking","Green","","0","9999","IN","","Clothes Room","","","2026-04-29T03:33:18.042269+00:00","","7 (EU 41)","true","12","12",""
"1288","Hiking boot 5 (EU 38)","boots_hiking","Green","","0","9999","IN","","Clothes Room","","","2026-04-29T03:33:18.042269+00:00","","5 (EU 38)","true","6","6",""
"1285","Hiking boot 14 (EU47)","boots_hiking","Green","","0","9999","IN","","Clothes Room","","","2026-04-29T03:33:18.042269+00:00","","14 (EU 47)","true","2","2",""
"1292","Hiking boot 8 (EU 42)","boots_hiking","Green","","0","9999","IN","","Clothes Room","","","2026-04-29T03:33:18.042269+00:00","","8 (EU 42)","true","13","13",""
"1289","Hiking boot 6 (EU 39)","boots_hiking","Green","","0","9999","IN","","Clothes Room","","","2026-04-29T03:33:18.042269+00:00","","6 (EU 39)","true","8","8",""
"1293","Hiking boot 9 (EU 43)","boots_hiking","Green","","0","9999","IN","","Clothes Room","","","2026-04-29T03:33:18.042269+00:00","","9 (EU 43)","true","12","12",""
"1304","03/ Medium Rain Pants","rain_pants","Green","","0","9999","IN","","Clothes Room","","","2026-04-29T03:33:18.042269+00:00","","M","true","27","45",""
"1286","Hiking boot 15 (EU48)","boots_hiking","Green","","0","9999","IN","","Clothes Room","","","2026-04-29T03:33:18.042269+00:00","","15 (EU 48)","true","2","2",""
"1290","Hiking boot 6.5 (EU 40)","boots_hiking","Green","","0","9999","IN","","Clothes Room","","","2026-04-29T03:33:18.042269+00:00","","6.5 (EU 40)","true","10","10",""
"1306","05/ XL Rain Pants","rain_pants","Green","","0","9999","IN","","Clothes Room","","","2026-04-29T03:33:18.042269+00:00","","XL","true","7","16",""
"1283","Hiking boot 11 (EU45)","boots_hiking","Green","","0","9999","IN","","Clothes Room","","","2026-04-29T03:33:18.042269+00:00","","11 (EU 45)","true","8","8",""
"1305","04/ Large Rain Pants","rain_pants","Green","","0","9999","IN","","Clothes Room","","","2026-04-29T03:33:18.042269+00:00","","L","true","28","40",""
"1303","02/ Small Rain Pants","rain_pants","Green","","0","9999","IN","","Clothes Room","","","2026-04-29T03:33:18.042269+00:00","","S","true","15","45",""
"1309","08/ 4XL Rain Pants","rain_pants","Green","","0","9999","IN","","Clothes Room","","","2026-04-29T03:33:18.042269+00:00","","4XL","true","6","6",""
"1311","10/ 6XL Rain Pants","rain_pants","Green","","0","9999","IN","","Clothes Room","","","2026-04-29T03:33:18.042269+00:00","","6XL","true","1","2",""
"1310","09/ 5XL Rain Pants","rain_pants","Green","","0","9999","IN","","Clothes Room","","","2026-04-29T03:33:18.042269+00:00","","5XL","true","3","5",""
"2977","Caving Jackets — S","cat_caving_jackets","Green","","0","0","IN","","","","","2026-04-30T01:18:34.062328+00:00","","S","true","8","8",""
"2979","Caving Jackets — L","cat_caving_jackets","Green","","0","0","IN","","","","","2026-04-30T01:18:59.218643+00:00","","L","true","8","8",""
"2976","Caving Jackets — XS","cat_caving_jackets","Green","","0","0","IN","","","","","2026-04-30T01:18:26.325242+00:00","","XS","true","2","2",""
"2983","Winter Gloves — M","cat_winter_gloves","Green","","0","0","IN","","","","","2026-04-30T01:22:09.11525+00:00","","M","true","7","7",""
"2984","Winter Gloves — L","cat_winter_gloves","Green","","0","0","IN","","","","","2026-04-30T01:22:14.548576+00:00","","L","true","20","20",""
"2978","Caving Jackets — M","cat_caving_jackets","Green","","0","0","IN","","","","","2026-04-30T01:18:52.856156+00:00","","M","true","14","14",""
"2980","Caving Jackets — XL","cat_caving_jackets","Green","","0","0","IN","","","","","2026-04-30T01:19:07.155364+00:00","","XL","true","7","7",""
"2985","Winter Gloves — XL","cat_winter_gloves","Green","","0","0","IN","","","","","2026-04-30T01:22:20.118412+00:00","","XL","true","10","10",""
"2982","Winter Gloves — S","cat_winter_gloves","Green","","0","0","IN","","","","","2026-04-30T01:22:03.186331+00:00","","S","true","3","3",""
"631","Climbing room Rigging Plate Red","cat_rigging_plates","Green","2048-12-25","6","2737","IN","","Climbing Room","","","2026-04-29T03:33:16.61595+00:00","CR red rig plate","","false","","",""
"632","Climbing room Puke Ab rigging Plate / Blue","cat_rigging_plates","Green","2048-12-25","17","2737","OUT","","Climbing Room","","","2026-04-29T03:33:16.61595+00:00","CR Puke blue rig plate","","false","","",""
"2986","Winter Gloves — 2XL","cat_winter_gloves","Green","","0","0","IN","","","","","2026-04-30T01:22:27.741728+00:00","","2XL","true","10","10",""
"778","Dry bag 001","cat_dry_bags","Green","2051-04-22","0","4106","IN","","Climbing Room","","","2026-04-29T03:33:16.61595+00:00","DB001","","false","","",""
"2987","Roll Mats — STAN","cat_roll_mats","Green","","0","0","IN","","","","","2026-04-30T02:24:55.923389+00:00","","STAN","true","60","60",""
"788","Locker Dry bag 007","locker_dry_bags","Green","2051-04-22","0","4106","IN","","Climbing Room","","","2026-04-29T03:33:16.61595+00:00","LDB007","","false","","",""
"798","Tech rope bag - 02","rope_bags","Green","2050-10-30","3","6843","OUT","","Tech Climbing Room","","","2026-04-29T03:33:16.61595+00:00","TRB-02","","false","","",""
"803","Tech rope bag - 07","rope_bags","Green","2050-10-30","4","6843","IN","","Tech Climbing Room","","","2026-04-29T03:33:16.61595+00:00","TRB-07","","false","","",""
"807","High Ropes Energy Absorber/lanyard","cat_energy_absorber","Green","2034-08-30","0","2737","IN","","High Ropes Shed","","","2026-04-29T03:33:16.61595+00:00","HR energy absorber","","false","","",""
"949","Tait Li-ion Battery B5","comms","Green","2050-03-01","0","6843","IN","","Meeting Room","","","2026-04-29T03:33:18.042269+00:00","33030092","","false","","",""
"1088","Surfboards (Bosun Chairs)","hr_gear_other","Green","2051-04-22","0","2737","IN","","High Ropes Shed","","","2026-04-29T03:33:18.042269+00:00","","","false","","",""
"27","Climbing room ATC / Green #1","cat_atcs","Green","2049-10-26","12","2737","IN","","Climbing Room","","","2026-04-29T03:33:16.61595+00:00","CR ATC Green-01","","false","","",""
"28","Climbing room ATC / Green #2","cat_atcs","Green","2049-10-26","12","2737","IN","","Climbing Room","","","2026-04-29T03:33:16.61595+00:00","CR ATC Green-02","","false","","",""
"29","Climbing room ATC / Green #3","cat_atcs","Green","2049-10-26","12","2737","IN","","Climbing Room","","","2026-04-29T03:33:16.61595+00:00","CR ATC Green-03","","false","","",""
"30","Climbing room ATC / Red #1","cat_atcs","Green","2048-12-25","6","2737","IN","","Climbing Room","","","2026-04-29T03:33:16.61595+00:00","CR ATC Red-01","","false","","",""
"31","Climbing room ATC / Red #2","cat_atcs","Green","2048-12-25","6","2737","IN","","Climbing Room","","","2026-04-29T03:33:16.61595+00:00","CR ATC Red-02","","false","","",""
"32","Climbing room ATC / Red #3","cat_atcs","Green","2048-12-25","6","2737","IN","","Climbing Room","","","2026-04-29T03:33:16.61595+00:00","CR ATC Red-03","","false","","",""
"33","Climbing room ATC / Yellow #1","cat_atcs","Green","2049-12-26","19","2737","IN","","Climbing Room","","","2026-04-29T03:33:16.61595+00:00","CR ATC Yellow-01","","false","","",""
"34","Climbing room ATC / Yellow #2","cat_atcs","Green","2049-12-26","19","2737","IN","","Climbing Room","","","2026-04-29T03:33:16.61595+00:00","CR ATC Yellow-02","","false","","",""
"35","Climbing room ATC / Yellow #3","cat_atcs","Green","2049-12-26","19","2737","IN","","Climbing Room","","","2026-04-29T03:33:16.61595+00:00","CR ATC Yellow-03","","false","","",""
"47","High ropes ATC / Black #1","cat_atcs","Green","2051-04-22","2","2737","IN","","High Ropes Shed","","","2026-04-29T03:33:16.61595+00:00","BlackATCHR-01","","false","","",""
"48","High ropes ATC / Black #2","cat_atcs","Green","2051-04-22","2","2737","IN","","High Ropes Shed","","","2026-04-29T03:33:16.61595+00:00","BlackATCHR-02","","false","","",""
"49","High ropes ATC / Black #3","cat_atcs","Green","2051-04-22","2","2737","IN","","High Ropes Shed","","","2026-04-29T03:33:16.61595+00:00","BlackATCHR-03","","false","","",""
"50","High ropes ATC / White #1","cat_atcs","Green","2051-04-22","0","2737","IN","","High Ropes Shed","","","2026-04-29T03:33:16.61595+00:00","WhiteATCHR-01","","false","","",""
"12","Tech room Guide ATC-09 / Blue-Green","cat_atc_guide","Green","2048-12-25","11","2737","IN","","Tech Climbing Room","","","2026-04-29T03:33:16.61595+00:00","T-ATC-09 / Blue-Green","","false","","",""
"13","Tech room Guide ATC-10 / Red-White","cat_atc_guide","Green","2048-12-25","10","2737","IN","","Tech Climbing Room","","","2026-04-29T03:33:16.61595+00:00","T-ATC-10 / Red-White","","false","","",""
"14","Tech room Guide ATC-11 / Black-Green","cat_atc_guide","Green","2048-12-25","10","2737","IN","","Tech Climbing Room","","","2026-04-29T03:33:16.61595+00:00","T-ATC-11 / Black-Green","","false","","",""
"15","Tech room Guide ATC-12 / Blue-Yellow","cat_atc_guide","Green","2048-12-25","10","2737","IN","","Tech Climbing Room","","","2026-04-29T03:33:16.61595+00:00","T-ATC-12 / Blue-Yellow","","false","","",""
"16","Tech room Guide ATC-13 / Red-Black","cat_atc_guide","Green","2048-12-25","12","2737","IN","","Tech Climbing Room","","","2026-04-29T03:33:16.61595+00:00","T-ATC-13 / Red-Black","","false","","",""
"17","Tech room Guide ATC-14 / Blue-Red","cat_atc_guide","Green","2048-12-25","10","2737","IN","","Tech Climbing Room","","","2026-04-29T03:33:16.61595+00:00","T-ATC-14 / Blue-Red","","false","","",""
"18","Tech room Guide ATC-15 / White-Green","cat_atc_guide","Green","2048-12-25","12","2737","IN","","Tech Climbing Room","","","2026-04-29T03:33:16.61595+00:00","T-ATC-15 / White-Green","","false","","",""
"19","Tech room Guide ATC-16 / Blue-Black","cat_atc_guide","Green","2048-12-25","13","2737","IN","","Tech Climbing Room","","","2026-04-29T03:33:16.61595+00:00","T-ATC-16 / Blue-Black","","false","","",""
"20","Tech room Guide ATC-17 / Green-Red","cat_atc_guide","Green","2048-12-25","4","2737","IN","","Tech Climbing Room","","","2026-04-29T03:33:16.61595+00:00","T-ATC-17 / Green-Red","","false","","",""
"21","Tech room Guide ATC-18 / Yellow-Green","cat_atc_guide","Green","2050-10-31","2","2737","IN","","Tech Climbing Room","","","2026-04-29T03:33:16.61595+00:00","T-ATC-18 / Yellow-Green","","false","","",""
"22","Tech room Guide ATC-19 / White-Blue","cat_atc_guide","Green","2050-10-31","10","2737","OUT","","Tech Climbing Room","","","2026-04-29T03:33:16.61595+00:00","T-ATC-19 / White-Blue","","false","","",""
"23","Tech room Guide ATC-20 / Yellow-Black","cat_atc_guide","Green","2050-10-31","2","2737","IN","","Tech Climbing Room","","","2026-04-29T03:33:16.61595+00:00","T-ATC-20 / Yellow-Black","","false","","",""
"36","Climbing room Figure 8 / Blue #1","cat_figure_8","Green","2048-12-25","6","2737","IN","","Climbing Room","","","2026-04-29T03:33:16.61595+00:00","CR Figure 8 Blue-01","","false","","",""
"37","Climbing room Figure 8 / Blue #2","cat_figure_8","Green","2048-12-25","6","2737","IN","","Climbing Room","","","2026-04-29T03:33:16.61595+00:00","CR Figure 8 Blue-02","","false","","",""
"38","Climbing room Figure 8 / Blue #3","cat_figure_8","Green","2048-12-25","6","2737","IN","","Climbing Room","","","2026-04-29T03:33:16.61595+00:00","CR Figure 8 Blue-03","","false","","",""
"39","Climbing room Figure 8 / Red #1","cat_figure_8","Green","2048-12-25","15","2737","IN","","Climbing Room","","","2026-04-29T03:33:16.61595+00:00","CR Figure 8 Red-01","","false","","",""
"40","Climbing room Figure 8 / Red #2","cat_figure_8","Green","2048-12-25","15","2737","IN","","Climbing Room","","","2026-04-29T03:33:16.61595+00:00","CR Figure 8 Red-02","","false","","",""
"41","Climbing room Figure 8 / Red #3","cat_figure_8","Green","2048-12-25","15","2737","IN","","Climbing Room","","","2026-04-29T03:33:16.61595+00:00","CR Figure 8 Red-03","","false","","",""
"42","Climbing room Figure 8 Orange #1","cat_figure_8","Green","2048-12-25","10","2737","OUT","","Climbing Room","","","2026-04-29T03:33:16.61595+00:00","CR Figure 8 Orange-01","","false","","",""
"43","Climbing room Figure 8 Orange #2","cat_figure_8","Green","2048-12-25","10","2737","OUT","","Climbing Room","","","2026-04-29T03:33:16.61595+00:00","CR Figure 8 Orange-02","","false","","",""
"44","Climbing room Figure 8 Orange #3","cat_figure_8","Green","2048-12-25","10","2737","OUT","","Climbing Room","","","2026-04-29T03:33:16.61595+00:00","CR Figure 8 Orange-03","","false","","",""
"45","Climbing room Figure 8 Puke Ab/ Black #1","cat_figure_8","Green","2048-12-25","23","2737","IN","","Climbing Room","","","2026-04-29T03:33:16.61595+00:00","CR Figure 8 Canyon-01","","false","","",""
"46","Climbing room Figure 8 Puke Ab/ Black #2","cat_figure_8","Green","2048-12-25","23","2737","IN","","Climbing Room","","","2026-04-29T03:33:16.61595+00:00","CR Figure 8 Canyon-02","","false","","",""
"56","High ropes Figure 8 / Black #4","cat_figure_8","Green","2051-04-22","0","2737","IN","","High Ropes Shed","","","2026-04-29T03:33:16.61595+00:00","Figure8HR-04","","false","","",""
"57","High ropes Figure 8 / Black #5","cat_figure_8","Green","2051-04-22","0","2737","IN","","High Ropes Shed","","","2026-04-29T03:33:16.61595+00:00","Figure8HR-05","","false","","",""
"58","High ropes Figure 8 / Black #6","cat_figure_8","Green","2051-04-22","0","2737","IN","","High Ropes Shed","","","2026-04-29T03:33:16.61595+00:00","Figure8HR-06","","false","","",""
"59","Climbing room GriGri / Green","cat_gri_gri","Green","2035-01-25","8","2737","IN","","Climbing Room","","","2026-04-29T03:33:16.61595+00:00","CRGriGri Green","","false","","",""
"60","Climbing room GriGri Red","cat_gri_gri","Green","2035-01-25","7","2737","IN","","Climbing Room","","","2026-04-29T03:33:16.61595+00:00","CRGriGri Red","","false","","",""
"61","Tech room Grigri-01 / Black","cat_gri_gri","Green","2048-12-25","14","2737","IN","","Tech Climbing Room","","","2026-04-29T03:33:16.61595+00:00","T-Grigri-01 / Black","","false","","",""
"62","Tech room Grigri-02 / White","cat_gri_gri","Green","2048-12-25","12","2737","IN","","Tech Climbing Room","","","2026-04-29T03:33:16.61595+00:00","T-Grigri-02 / White","","false","","",""
"63","Tech room Grigri-03 / Yellow","cat_gri_gri","Green","2048-12-25","6","2737","IN","","Tech Climbing Room","","","2026-04-29T03:33:16.61595+00:00","T-Grigri-03 / Yellow","","false","","",""
"64","Tech room Grigri-04 / Red","cat_gri_gri","Green","2048-12-25","8","2737","IN","","Tech Climbing Room","","","2026-04-29T03:33:16.61595+00:00","T-Grigri-04 / Red","","false","","",""
"65","Tech room Grigri-05 / Blue","cat_gri_gri","Green","2048-12-25","15","2737","IN","","Tech Climbing Room","","","2026-04-29T03:33:16.61595+00:00","T-Grigri-05 / Blue","","false","","",""
"66","Tech room Grigri-06 / Green","cat_gri_gri","Green","2048-12-25","6","2737","IN","","Tech Climbing Room","","","2026-04-29T03:33:16.61595+00:00","T-Grigri-06 / Green","","false","","",""
"67","Tech room Grigri-07 / Black-White","cat_gri_gri","Green","2048-12-25","8","2737","IN","","Tech Climbing Room","","","2026-04-29T03:33:16.61595+00:00","T-Grigri-07 / Black-White","","false","","",""
"68","Tech room Grigri-08 / Yellow-Red","cat_gri_gri","Green","2048-12-25","4","2737","IN","","Tech Climbing Room","","","2026-04-29T03:33:16.61595+00:00","T-Grigri-08 / Yellow-Red","","false","","",""
"69","Tech room Grigri-09 / Blue-Green","cat_gri_gri","Green","2050-10-31","11","2737","IN","","Tech Climbing Room","","","2026-04-29T03:33:16.61595+00:00","T-Grigri-09 / Blue-Green","","false","","",""
"70","Tech room Grigri-10 / White-Red","cat_gri_gri","Green","2050-10-31","0","2737","IN","","Tech Climbing Room","","","2026-04-29T03:33:16.61595+00:00","T-Grigri-10 / White-Red","","false","","",""
"196","Climbing room Alloy Carabiners / Blue #6","cat_alloy_carabiners","Green","2048-11-24","26","2737","OUT","","Climbing Room","","","2026-04-29T03:33:16.61595+00:00","CR AlloyBiners / Blue-06","","false","","",""
"197","Climbing room Alloy Carabiners / Blue #7","cat_alloy_carabiners","Green","2048-11-24","26","2737","OUT","","Climbing Room","","","2026-04-29T03:33:16.61595+00:00","CR AlloyBiners / Blue-07","","false","","",""
"198","Climbing room Alloy Carabiners / Blue #8","cat_alloy_carabiners","Green","2048-11-24","26","2737","OUT","","Climbing Room","","","2026-04-29T03:33:16.61595+00:00","CR AlloyBiners / Blue-08","","false","","",""
"199","Climbing room Alloy Carabiners / Blue #9","cat_alloy_carabiners","Green","2048-11-24","26","2737","OUT","","Climbing Room","","","2026-04-29T03:33:16.61595+00:00","CR AlloyBiners / Blue-09","","false","","",""
"200","Climbing room Alloy Carabiners / Green #1","cat_alloy_carabiners","Green","2048-11-24","19","2737","IN","","Climbing Room","","","2026-04-29T03:33:16.61595+00:00","CR AlloyBiners / Green-01","","false","","",""
"201","Climbing room Alloy Carabiners / Green #2","cat_alloy_carabiners","Green","2048-11-24","19","2737","IN","","Climbing Room","","","2026-04-29T03:33:16.61595+00:00","CR AlloyBiners / Green-02","","false","","",""
"202","Climbing room Alloy Carabiners / Green #3","cat_alloy_carabiners","Green","2048-11-24","19","2737","IN","","Climbing Room","","","2026-04-29T03:33:16.61595+00:00","CR AlloyBiners / Green-03","","false","","",""
"203","Climbing room Alloy Carabiners / Green #4","cat_alloy_carabiners","Green","2048-11-24","19","2737","IN","","Climbing Room","","","2026-04-29T03:33:16.61595+00:00","CR AlloyBiners / Green-04","","false","","",""
"204","Climbing room Alloy Carabiners / Green #5","cat_alloy_carabiners","Green","2048-11-24","19","2737","IN","","Climbing Room","","","2026-04-29T03:33:16.61595+00:00","CR AlloyBiners / Green-05","","false","","",""
"205","Climbing room Alloy Carabiners / Green #6","cat_alloy_carabiners","Green","2048-11-24","19","2737","IN","","Climbing Room","","","2026-04-29T03:33:16.61595+00:00","CR AlloyBiners / Green-06","","false","","",""
"206","Climbing room Alloy Carabiners / Green #7","cat_alloy_carabiners","Green","2048-11-24","19","2737","IN","","Climbing Room","","","2026-04-29T03:33:16.61595+00:00","CR AlloyBiners / Green-07","","false","","",""
"207","Climbing room Alloy Carabiners / Green #8","cat_alloy_carabiners","Green","2048-11-24","19","2737","IN","","Climbing Room","","","2026-04-29T03:33:16.61595+00:00","CR AlloyBiners / Green-08","","false","","",""
"208","Climbing room Alloy Carabiners / Green #9","cat_alloy_carabiners","Green","2048-11-24","19","2737","IN","","Climbing Room","","","2026-04-29T03:33:16.61595+00:00","CR AlloyBiners / Green-09","","false","","",""
"209","Climbing room Alloy Carabiners / Yellow #1","cat_alloy_carabiners","Green","2048-11-24","20","2737","IN","","Climbing Room","","","2026-04-29T03:33:16.61595+00:00","CR AlloyBiners / Yellow-01","","false","","",""
"210","Climbing room Alloy Carabiners / Yellow #2","cat_alloy_carabiners","Green","2048-11-24","20","2737","IN","","Climbing Room","","","2026-04-29T03:33:16.61595+00:00","CR AlloyBiners / Yellow-02","","false","","",""
"211","Climbing room Alloy Carabiners / Yellow #3","cat_alloy_carabiners","Green","2048-11-24","20","2737","IN","","Climbing Room","","","2026-04-29T03:33:16.61595+00:00","CR AlloyBiners / Yellow-03","","false","","",""
"212","Climbing room Alloy Carabiners / Yellow #4","cat_alloy_carabiners","Green","2048-11-24","20","2737","IN","","Climbing Room","","","2026-04-29T03:33:16.61595+00:00","CR AlloyBiners / Yellow-04","","false","","",""
"213","Climbing room Alloy Carabiners / Yellow #5","cat_alloy_carabiners","Green","2048-11-24","20","2737","IN","","Climbing Room","","","2026-04-29T03:33:16.61595+00:00","CR AlloyBiners / Yellow-05","","false","","",""
"214","Climbing room Alloy Carabiners / Yellow #6","cat_alloy_carabiners","Green","2048-11-24","20","2737","IN","","Climbing Room","","","2026-04-29T03:33:16.61595+00:00","CR AlloyBiners / Yellow-06","","false","","",""
"215","Climbing room Alloy Carabiners / Yellow #7","cat_alloy_carabiners","Green","2048-11-24","20","2737","IN","","Climbing Room","","","2026-04-29T03:33:16.61595+00:00","CR AlloyBiners / Yellow-07","","false","","",""
"216","Climbing room Alloy Carabiners / Yellow #8","cat_alloy_carabiners","Green","2048-11-24","20","2737","IN","","Climbing Room","","","2026-04-29T03:33:16.61595+00:00","CR AlloyBiners / Yellow-08","","false","","",""
"217","Climbing room Alloy Carabiners / Yellow #9","cat_alloy_carabiners","Green","2048-11-24","20","2737","IN","","Climbing Room","","","2026-04-29T03:33:16.61595+00:00","CR AlloyBiners / Yellow-09","","false","","",""
"218","Climbing room Alloy Carabiners / Yellow-Green #1","cat_alloy_carabiners","Green","2048-11-24","21","2737","IN","","Climbing Room","","","2026-04-29T03:33:16.61595+00:00","CR AlloyBiners / Yellow-Green-01","","false","","",""
"219","Climbing room Alloy Carabiners / Yellow-Green #2","cat_alloy_carabiners","Green","2048-11-24","21","2737","IN","","Climbing Room","","","2026-04-29T03:33:16.61595+00:00","CR AlloyBiners / Yellow-Green-02","","false","","",""
"220","Climbing room Alloy Carabiners / Yellow-Green #3","cat_alloy_carabiners","Green","2048-11-24","21","2737","IN","","Climbing Room","","","2026-04-29T03:33:16.61595+00:00","CR AlloyBiners / Yellow-Green-03","","false","","",""
"221","Climbing room Alloy Carabiners / Yellow-Green #4","cat_alloy_carabiners","Green","2048-11-24","21","2737","IN","","Climbing Room","","","2026-04-29T03:33:16.61595+00:00","CR AlloyBiners / Yellow-Green-04","","false","","",""
"222","Climbing room Alloy Carabiners / Yellow-Green #5","cat_alloy_carabiners","Green","2048-11-24","21","2737","IN","","Climbing Room","","","2026-04-29T03:33:16.61595+00:00","CR AlloyBiners / Yellow-Green-05","","false","","",""
"223","Climbing room Alloy Carabiners / Yellow-Green #6","cat_alloy_carabiners","Green","2048-11-24","21","2737","IN","","Climbing Room","","","2026-04-29T03:33:16.61595+00:00","CR AlloyBiners / Yellow-Green-06","","false","","",""
"224","Climbing room Alloy Carabiners / Yellow-Green #7","cat_alloy_carabiners","Green","2048-11-24","21","2737","IN","","Climbing Room","","","2026-04-29T03:33:16.61595+00:00","CR AlloyBiners / Yellow-Green-07","","false","","",""
"225","Climbing room Alloy Carabiners / Yellow-Green #8","cat_alloy_carabiners","Green","2048-11-24","21","2737","IN","","Climbing Room","","","2026-04-29T03:33:16.61595+00:00","CR AlloyBiners / Yellow-Green-08","","false","","",""
"226","Climbing room Alloy Carabiners / Yellow-Green #9","cat_alloy_carabiners","Green","2048-11-24","21","2737","IN","","Climbing Room","","","2026-04-29T03:33:16.61595+00:00","CR AlloyBiners / Yellow-Green-09","","false","","",""
"241","Climbing room Puke Ab Steel Carabiners / Black-White-Red #1","cat_steel_carabiners","Green","2048-11-24","25","2737","IN","","Climbing Room","","","2026-04-29T03:33:16.61595+00:00","CR-Steel / Red-01","","false","","",""
"242","Climbing room Puke Ab Steel Carabiners / Black-White-Red #2","cat_steel_carabiners","Green","2048-11-24","25","2737","IN","","Climbing Room","","","2026-04-29T03:33:16.61595+00:00","CR-Steel / Red-02","","false","","",""
"243","Climbing room Puke Ab Steel Carabiners / Black-White-Red #3","cat_steel_carabiners","Green","2048-11-24","25","2737","IN","","Climbing Room","","","2026-04-29T03:33:16.61595+00:00","CR-Steel / Red-03","","false","","",""
"244","Climbing room Puke Ab Steel Carabiners / Black-White-Red #4","cat_steel_carabiners","Green","2048-11-24","25","2737","IN","","Climbing Room","","","2026-04-29T03:33:16.61595+00:00","CR-Steel / Red-04","","false","","",""
"2988","Tech Climbing Room Trad Rack Yellow Cam 1","camming_devices","Green","2051-04-22","0","200","IN","","Tech Climbing Room","","","2026-04-30T20:36:58.875328+00:00","TR-Yellow-Cam-01","","false","","",""
"2989","Tech Climbing Room Trad Rack Yellow Cam 2","camming_devices","Green","2051-04-22","0","200","IN","","Tech Climbing Room","","","2026-04-30T20:36:58.875328+00:00","TR-Yellow-Cam-02","","false","","",""
"2990","Tech Climbing Room Trad Rack Yellow Cam 3","camming_devices","Green","2051-04-22","0","200","IN","","Tech Climbing Room","","","2026-04-30T20:36:58.875328+00:00","TR-Yellow-Cam-03","","false","","",""
"2991","Tech Climbing Room Trad Rack Yellow Cam 4","camming_devices","Green","2051-04-22","0","200","IN","","Tech Climbing Room","","","2026-04-30T20:36:58.875328+00:00","TR-Yellow-Cam-04","","false","","",""
"2992","Tech Climbing Room Trad Rack Yellow Cam 5","camming_devices","Green","2051-04-22","0","200","IN","","Tech Climbing Room","","","2026-04-30T20:36:58.875328+00:00","TR-Yellow-Cam-05","","false","","",""
"2993","Tech Climbing Room Trad Rack Yellow Cam 6","camming_devices","Green","2051-04-22","0","200","IN","","Tech Climbing Room","","","2026-04-30T20:36:58.875328+00:00","TR-Yellow-Cam-06","","false","","",""
"2994","Tech Climbing Room Trad Rack Yellow Cam 7","camming_devices","Green","2051-04-22","0","200","IN","","Tech Climbing Room","","","2026-04-30T20:36:58.875328+00:00","TR-Yellow-Cam-07","","false","","",""
"2995","Tech Climbing Room Trad Rack Yellow Cam 8","camming_devices","Green","2051-04-22","0","200","IN","","Tech Climbing Room","","","2026-04-30T20:36:58.875328+00:00","TR-Yellow-Cam-08","","false","","",""
"2996","Tech Climbing Room Trad Rack Yellow Cam 9","camming_devices","Green","2051-04-22","0","200","IN","","Tech Climbing Room","","","2026-04-30T20:36:58.875328+00:00","TR-Yellow-Cam-09","","false","","",""
"2997","Tech Climbing Room Trad Rack Yellow Nut 1","camming_devices","Green","2051-04-22","0","200","IN","","Tech Climbing Room","","","2026-04-30T20:36:58.875328+00:00","TR-Yellow-Nut-01","","false","","",""
"2998","Tech Climbing Room Trad Rack Yellow Nut 2","camming_devices","Green","2051-04-22","0","200","IN","","Tech Climbing Room","","","2026-04-30T20:36:58.875328+00:00","TR-Yellow-Nut-02","","false","","",""
"2999","Tech Climbing Room Trad Rack Yellow Nut 3","camming_devices","Green","2051-04-22","0","200","IN","","Tech Climbing Room","","","2026-04-30T20:36:58.875328+00:00","TR-Yellow-Nut-03","","false","","",""
"3000","Tech Climbing Room Trad Rack Yellow Nut 4","camming_devices","Green","2051-04-22","0","200","IN","","Tech Climbing Room","","","2026-04-30T20:36:58.875328+00:00","TR-Yellow-Nut-04","","false","","",""
"3001","Tech Climbing Room Trad Rack Yellow Nut 5","camming_devices","Green","2051-04-22","0","200","IN","","Tech Climbing Room","","","2026-04-30T20:36:58.875328+00:00","TR-Yellow-Nut-05","","false","","",""
"3002","Tech Climbing Room Trad Rack Yellow Nut 6","camming_devices","Green","2051-04-22","0","200","IN","","Tech Climbing Room","","","2026-04-30T20:36:58.875328+00:00","TR-Yellow-Nut-06","","false","","",""
"3003","Tech Climbing Room Trad Rack Yellow Nut 7","camming_devices","Green","2051-04-22","0","200","IN","","Tech Climbing Room","","","2026-04-30T20:36:58.875328+00:00","TR-Yellow-Nut-07","","false","","",""
"3004","Tech Climbing Room Trad Rack Yellow Nut 8","camming_devices","Green","2051-04-22","0","200","IN","","Tech Climbing Room","","","2026-04-30T20:36:58.875328+00:00","TR-Yellow-Nut-08","","false","","",""
"3005","Tech Climbing Room Trad Rack Yellow Nut 9","camming_devices","Green","2051-04-22","0","200","IN","","Tech Climbing Room","","","2026-04-30T20:36:58.875328+00:00","TR-Yellow-Nut-09","","false","","",""
"3006","Tech Climbing Room Trad Rack Yellow Nut 10","camming_devices","Green","2051-04-22","0","200","IN","","Tech Climbing Room","","","2026-04-30T20:36:58.875328+00:00","TR-Yellow-Nut-10","","false","","",""
"3007","Tech Climbing Room Trad Rack Yellow Nut 11","camming_devices","Green","2051-04-22","0","200","IN","","Tech Climbing Room","","","2026-04-30T20:36:58.875328+00:00","TR-Yellow-Nut-11","","false","","",""
"3008","Tech Climbing Room Trad Rack Yellow Nut 12","camming_devices","Green","2051-04-22","0","200","IN","","Tech Climbing Room","","","2026-04-30T20:36:58.875328+00:00","TR-Yellow-Nut-12","","false","","",""
"3009","Tech Climbing Room Trad Rack Yellow Nut 13","camming_devices","Green","2051-04-22","0","200","IN","","Tech Climbing Room","","","2026-04-30T20:36:58.875328+00:00","TR-Yellow-Nut-13","","false","","",""
"3010","Tech Climbing Room Trad Rack Yellow Nut 14","camming_devices","Green","2051-04-22","0","200","IN","","Tech Climbing Room","","","2026-04-30T20:36:58.875328+00:00","TR-Yellow-Nut-14","","false","","",""
"3011","Tech Climbing Room Trad Rack Yellow Nut 15","camming_devices","Green","2051-04-22","0","200","IN","","Tech Climbing Room","","","2026-04-30T20:36:58.875328+00:00","TR-Yellow-Nut-15","","false","","",""
"3012","Tech Climbing Room Trad Rack Yellow Nut 16","camming_devices","Green","2051-04-22","0","200","IN","","Tech Climbing Room","","","2026-04-30T20:36:58.875328+00:00","TR-Yellow-Nut-16","","false","","",""
"3013","Tech Climbing Room Trad Rack Yellow Hex 1","camming_devices","Green","2051-04-22","0","200","IN","","Tech Climbing Room","","","2026-04-30T20:36:58.875328+00:00","TR-Yellow-Hex-01","","false","","",""
"3014","Tech Climbing Room Trad Rack Yellow Hex 2","camming_devices","Green","2051-04-22","0","200","IN","","Tech Climbing Room","","","2026-04-30T20:36:58.875328+00:00","TR-Yellow-Hex-02","","false","","",""
"3015","Tech Climbing Room Trad Rack Yellow Hex 3","camming_devices","Green","2051-04-22","0","200","IN","","Tech Climbing Room","","","2026-04-30T20:36:58.875328+00:00","TR-Yellow-Hex-03","","false","","",""
"3016","Tech Climbing Room Trad Rack Yellow Nut Tool 1","camming_devices","Green","2051-04-22","0","200","IN","","Tech Climbing Room","","","2026-04-30T20:36:58.875328+00:00","TR-Yellow-NutTool-01","","false","","",""
"3017","Tech Climbing Room Trad Rack Yellow Nut Tool 2","camming_devices","Green","2051-04-22","0","200","IN","","Tech Climbing Room","","","2026-04-30T20:36:58.875328+00:00","TR-Yellow-NutTool-02","","false","","",""
"3018","Tech Climbing Room Trad Rack Yellow Snap 1","camming_devices","Green","2051-04-22","0","200","IN","","Tech Climbing Room","","","2026-04-30T20:36:58.875328+00:00","TR-Yellow-Snap-01","","false","","",""
"3019","Tech Climbing Room Trad Rack Yellow Snap 2","camming_devices","Green","2051-04-22","0","200","IN","","Tech Climbing Room","","","2026-04-30T20:36:58.875328+00:00","TR-Yellow-Snap-02","","false","","",""
"3020","Tech Climbing Room Trad Rack Yellow Snap 3","camming_devices","Green","2051-04-22","0","200","IN","","Tech Climbing Room","","","2026-04-30T20:36:58.875328+00:00","TR-Yellow-Snap-03","","false","","",""
"3021","Tech Climbing Room Trad Rack Yellow Snap 4","camming_devices","Green","2051-04-22","0","200","IN","","Tech Climbing Room","","","2026-04-30T20:36:58.875328+00:00","TR-Yellow-Snap-04","","false","","",""
"3022","Tech Climbing Room Trad Rack Yellow Snap 5","camming_devices","Green","2051-04-22","0","200","IN","","Tech Climbing Room","","","2026-04-30T20:36:58.875328+00:00","TR-Yellow-Snap-05","","false","","",""
"3023","Tech Climbing Room Trad Rack Yellow Snap 6","camming_devices","Green","2051-04-22","0","200","IN","","Tech Climbing Room","","","2026-04-30T20:36:58.875328+00:00","TR-Yellow-Snap-06","","false","","",""
"3024","Tech Climbing Room Trad Rack Yellow Snap 7","camming_devices","Green","2051-04-22","0","200","IN","","Tech Climbing Room","","","2026-04-30T20:36:58.875328+00:00","TR-Yellow-Snap-07","","false","","",""
"3025","Tech Climbing Room Trad Rack Yellow Snap 8","camming_devices","Green","2051-04-22","0","200","IN","","Tech Climbing Room","","","2026-04-30T20:36:58.875328+00:00","TR-Yellow-Snap-08","","false","","",""
"3026","Tech Climbing Room Trad Rack Yellow Snap 9","camming_devices","Green","2051-04-22","0","200","IN","","Tech Climbing Room","","","2026-04-30T20:36:58.875328+00:00","TR-Yellow-Snap-09","","false","","",""
"3027","Tech Climbing Room Trad Rack Yellow Snap 10","camming_devices","Green","2051-04-22","0","200","IN","","Tech Climbing Room","","","2026-04-30T20:36:58.875328+00:00","TR-Yellow-Snap-10","","false","","",""
"3028","Tech Climbing Room Trad Rack Yellow Snap 11","camming_devices","Green","2051-04-22","0","200","IN","","Tech Climbing Room","","","2026-04-30T20:36:58.875328+00:00","TR-Yellow-Snap-11","","false","","",""
"3029","Tech Climbing Room Trad Rack Yellow Snap 12","camming_devices","Green","2051-04-22","0","200","IN","","Tech Climbing Room","","","2026-04-30T20:36:58.875328+00:00","TR-Yellow-Snap-12","","false","","",""
"3030","Tech Climbing Room Trad Rack Yellow Snap 13","camming_devices","Green","2051-04-22","0","200","IN","","Tech Climbing Room","","","2026-04-30T20:36:58.875328+00:00","TR-Yellow-Snap-13","","false","","",""
"3031","Tech Climbing Room Trad Rack Yellow Snap 14","camming_devices","Green","2051-04-22","0","200","IN","","Tech Climbing Room","","","2026-04-30T20:36:58.875328+00:00","TR-Yellow-Snap-14","","false","","",""
"3032","Tech Climbing Room Trad Rack Red Cam 1","camming_devices","Green","2051-04-22","0","200","IN","","Tech Climbing Room","","","2026-04-30T20:36:58.875328+00:00","TR-Red-Cam-01","","false","","",""
"3033","Tech Climbing Room Trad Rack Red Cam 2","camming_devices","Green","2051-04-22","0","200","IN","","Tech Climbing Room","","","2026-04-30T20:36:58.875328+00:00","TR-Red-Cam-02","","false","","",""
"3034","Tech Climbing Room Trad Rack Red Cam 3","camming_devices","Green","2051-04-22","0","200","IN","","Tech Climbing Room","","","2026-04-30T20:36:58.875328+00:00","TR-Red-Cam-03","","false","","",""
"3035","Tech Climbing Room Trad Rack Red Cam 4","camming_devices","Green","2051-04-22","0","200","IN","","Tech Climbing Room","","","2026-04-30T20:36:58.875328+00:00","TR-Red-Cam-04","","false","","",""
"3036","Tech Climbing Room Trad Rack Red Cam 5","camming_devices","Green","2051-04-22","0","200","IN","","Tech Climbing Room","","","2026-04-30T20:36:58.875328+00:00","TR-Red-Cam-05","","false","","",""
"3037","Tech Climbing Room Trad Rack Red Cam 6","camming_devices","Green","2051-04-22","0","200","IN","","Tech Climbing Room","","","2026-04-30T20:36:58.875328+00:00","TR-Red-Cam-06","","false","","",""
"3038","Tech Climbing Room Trad Rack Red Cam 7","camming_devices","Green","2051-04-22","0","200","IN","","Tech Climbing Room","","","2026-04-30T20:36:58.875328+00:00","TR-Red-Cam-07","","false","","",""
"3039","Tech Climbing Room Trad Rack Red Cam 8","camming_devices","Green","2051-04-22","0","200","IN","","Tech Climbing Room","","","2026-04-30T20:36:58.875328+00:00","TR-Red-Cam-08","","false","","",""
"3040","Tech Climbing Room Trad Rack Red Cam 9","camming_devices","Green","2051-04-22","0","200","IN","","Tech Climbing Room","","","2026-04-30T20:36:58.875328+00:00","TR-Red-Cam-09","","false","","",""
"3041","Tech Climbing Room Trad Rack Red Nut 1","camming_devices","Green","2051-04-22","0","200","IN","","Tech Climbing Room","","","2026-04-30T20:36:58.875328+00:00","TR-Red-Nut-01","","false","","",""
"3042","Tech Climbing Room Trad Rack Red Nut 2","camming_devices","Green","2051-04-22","0","200","IN","","Tech Climbing Room","","","2026-04-30T20:36:58.875328+00:00","TR-Red-Nut-02","","false","","",""
"3043","Tech Climbing Room Trad Rack Red Nut 3","camming_devices","Green","2051-04-22","0","200","IN","","Tech Climbing Room","","","2026-04-30T20:36:58.875328+00:00","TR-Red-Nut-03","","false","","",""
"3044","Tech Climbing Room Trad Rack Red Nut 4","camming_devices","Green","2051-04-22","0","200","IN","","Tech Climbing Room","","","2026-04-30T20:36:58.875328+00:00","TR-Red-Nut-04","","false","","",""
"3045","Tech Climbing Room Trad Rack Red Nut 5","camming_devices","Green","2051-04-22","0","200","IN","","Tech Climbing Room","","","2026-04-30T20:36:58.875328+00:00","TR-Red-Nut-05","","false","","",""
"3046","Tech Climbing Room Trad Rack Red Nut 6","camming_devices","Green","2051-04-22","0","200","IN","","Tech Climbing Room","","","2026-04-30T20:36:58.875328+00:00","TR-Red-Nut-06","","false","","",""
"3047","Tech Climbing Room Trad Rack Red Nut 7","camming_devices","Green","2051-04-22","0","200","IN","","Tech Climbing Room","","","2026-04-30T20:36:58.875328+00:00","TR-Red-Nut-07","","false","","",""
"3048","Tech Climbing Room Trad Rack Red Nut 8","camming_devices","Green","2051-04-22","0","200","IN","","Tech Climbing Room","","","2026-04-30T20:36:58.875328+00:00","TR-Red-Nut-08","","false","","",""
"3049","Tech Climbing Room Trad Rack Red Nut 9","camming_devices","Green","2051-04-22","0","200","IN","","Tech Climbing Room","","","2026-04-30T20:36:58.875328+00:00","TR-Red-Nut-09","","false","","",""
"3050","Tech Climbing Room Trad Rack Red Nut 10","camming_devices","Green","2051-04-22","0","200","IN","","Tech Climbing Room","","","2026-04-30T20:36:58.875328+00:00","TR-Red-Nut-10","","false","","",""
"3051","Tech Climbing Room Trad Rack Red Nut 11","camming_devices","Green","2051-04-22","0","200","IN","","Tech Climbing Room","","","2026-04-30T20:36:58.875328+00:00","TR-Red-Nut-11","","false","","",""
"3052","Tech Climbing Room Trad Rack Red Nut 12","camming_devices","Green","2051-04-22","0","200","IN","","Tech Climbing Room","","","2026-04-30T20:36:58.875328+00:00","TR-Red-Nut-12","","false","","",""
"3053","Tech Climbing Room Trad Rack Red Nut 13","camming_devices","Green","2051-04-22","0","200","IN","","Tech Climbing Room","","","2026-04-30T20:36:58.875328+00:00","TR-Red-Nut-13","","false","","",""
"3054","Tech Climbing Room Trad Rack Red Nut 14","camming_devices","Green","2051-04-22","0","200","IN","","Tech Climbing Room","","","2026-04-30T20:36:58.875328+00:00","TR-Red-Nut-14","","false","","",""
"3055","Tech Climbing Room Trad Rack Red Nut 15","camming_devices","Green","2051-04-22","0","200","IN","","Tech Climbing Room","","","2026-04-30T20:36:58.875328+00:00","TR-Red-Nut-15","","false","","",""
"3056","Tech Climbing Room Trad Rack Red Nut 16","camming_devices","Green","2051-04-22","0","200","IN","","Tech Climbing Room","","","2026-04-30T20:36:58.875328+00:00","TR-Red-Nut-16","","false","","",""
"3057","Tech Climbing Room Trad Rack Red Hex 1","camming_devices","Green","2051-04-22","0","200","IN","","Tech Climbing Room","","","2026-04-30T20:36:58.875328+00:00","TR-Red-Hex-01","","false","","",""
"3058","Tech Climbing Room Trad Rack Red Hex 2","camming_devices","Green","2051-04-22","0","200","IN","","Tech Climbing Room","","","2026-04-30T20:36:58.875328+00:00","TR-Red-Hex-02","","false","","",""
"3059","Tech Climbing Room Trad Rack Red Hex 3","camming_devices","Green","2051-04-22","0","200","IN","","Tech Climbing Room","","","2026-04-30T20:36:58.875328+00:00","TR-Red-Hex-03","","false","","",""
"3060","Tech Climbing Room Trad Rack Red Nut Tool 1","camming_devices","Green","2051-04-22","0","200","IN","","Tech Climbing Room","","","2026-04-30T20:36:58.875328+00:00","TR-Red-NutTool-01","","false","","",""
"3061","Tech Climbing Room Trad Rack Red Nut Tool 2","camming_devices","Green","2051-04-22","0","200","IN","","Tech Climbing Room","","","2026-04-30T20:36:58.875328+00:00","TR-Red-NutTool-02","","false","","",""
"3062","Tech Climbing Room Trad Rack Red Snap 1","camming_devices","Green","2051-04-22","0","200","IN","","Tech Climbing Room","","","2026-04-30T20:36:58.875328+00:00","TR-Red-Snap-01","","false","","",""
"3063","Tech Climbing Room Trad Rack Red Snap 2","camming_devices","Green","2051-04-22","0","200","IN","","Tech Climbing Room","","","2026-04-30T20:36:58.875328+00:00","TR-Red-Snap-02","","false","","",""
"3064","Tech Climbing Room Trad Rack Red Snap 3","camming_devices","Green","2051-04-22","0","200","IN","","Tech Climbing Room","","","2026-04-30T20:36:58.875328+00:00","TR-Red-Snap-03","","false","","",""
"3065","Tech Climbing Room Trad Rack Red Snap 4","camming_devices","Green","2051-04-22","0","200","IN","","Tech Climbing Room","","","2026-04-30T20:36:58.875328+00:00","TR-Red-Snap-04","","false","","",""
"3066","Tech Climbing Room Trad Rack Red Snap 5","camming_devices","Green","2051-04-22","0","200","IN","","Tech Climbing Room","","","2026-04-30T20:36:58.875328+00:00","TR-Red-Snap-05","","false","","",""
"3067","Tech Climbing Room Trad Rack Red Snap 6","camming_devices","Green","2051-04-22","0","200","IN","","Tech Climbing Room","","","2026-04-30T20:36:58.875328+00:00","TR-Red-Snap-06","","false","","",""
"3068","Tech Climbing Room Trad Rack Red Snap 7","camming_devices","Green","2051-04-22","0","200","IN","","Tech Climbing Room","","","2026-04-30T20:36:58.875328+00:00","TR-Red-Snap-07","","false","","",""
"3069","Tech Climbing Room Trad Rack Red Snap 8","camming_devices","Green","2051-04-22","0","200","IN","","Tech Climbing Room","","","2026-04-30T20:36:58.875328+00:00","TR-Red-Snap-08","","false","","",""
"3070","Tech Climbing Room Trad Rack Red Snap 9","camming_devices","Green","2051-04-22","0","200","IN","","Tech Climbing Room","","","2026-04-30T20:36:58.875328+00:00","TR-Red-Snap-09","","false","","",""
"3071","Tech Climbing Room Trad Rack Red Snap 10","camming_devices","Green","2051-04-22","0","200","IN","","Tech Climbing Room","","","2026-04-30T20:36:58.875328+00:00","TR-Red-Snap-10","","false","","",""
"3072","Tech Climbing Room Trad Rack Red Snap 11","camming_devices","Green","2051-04-22","0","200","IN","","Tech Climbing Room","","","2026-04-30T20:36:58.875328+00:00","TR-Red-Snap-11","","false","","",""
"3073","Tech Climbing Room Trad Rack Red Snap 12","camming_devices","Green","2051-04-22","0","200","IN","","Tech Climbing Room","","","2026-04-30T20:36:58.875328+00:00","TR-Red-Snap-12","","false","","",""
"3074","Tech Climbing Room Trad Rack Red Snap 13","camming_devices","Green","2051-04-22","0","200","IN","","Tech Climbing Room","","","2026-04-30T20:36:58.875328+00:00","TR-Red-Snap-13","","false","","",""
"3075","Tech Climbing Room Trad Rack Red Snap 14","camming_devices","Green","2051-04-22","0","200","IN","","Tech Climbing Room","","","2026-04-30T20:36:58.875328+00:00","TR-Red-Snap-14","","false","","",""
"3076","Tech Climbing Room Trad Rack Green Cam 1","camming_devices","Green","2035-12-30","0","200","IN","","Tech Climbing Room","","","2026-04-30T20:36:58.875328+00:00","TR-Green-Cam-01","","false","","",""
"3077","Tech Climbing Room Trad Rack Green Cam 2","camming_devices","Green","2035-12-30","0","200","IN","","Tech Climbing Room","","","2026-04-30T20:36:58.875328+00:00","TR-Green-Cam-02","","false","","",""
"3078","Tech Climbing Room Trad Rack Green Cam 3","camming_devices","Green","2035-12-30","0","200","IN","","Tech Climbing Room","","","2026-04-30T20:36:58.875328+00:00","TR-Green-Cam-03","","false","","",""
"3079","Tech Climbing Room Trad Rack Green Cam 4","camming_devices","Green","2035-12-30","0","200","IN","","Tech Climbing Room","","","2026-04-30T20:36:58.875328+00:00","TR-Green-Cam-04","","false","","",""
"3080","Tech Climbing Room Trad Rack Green Cam 5","camming_devices","Green","2035-12-30","0","200","IN","","Tech Climbing Room","","","2026-04-30T20:36:58.875328+00:00","TR-Green-Cam-05","","false","","",""
"3081","Tech Climbing Room Trad Rack Green Cam 6","camming_devices","Green","2035-12-30","0","200","IN","","Tech Climbing Room","","","2026-04-30T20:36:58.875328+00:00","TR-Green-Cam-06","","false","","",""
"3082","Tech Climbing Room Trad Rack Green Cam 7","camming_devices","Green","2035-12-30","0","200","IN","","Tech Climbing Room","","","2026-04-30T20:36:58.875328+00:00","TR-Green-Cam-07","","false","","",""
"3083","Tech Climbing Room Trad Rack Green Cam 8","camming_devices","Green","2035-12-30","0","200","IN","","Tech Climbing Room","","","2026-04-30T20:36:58.875328+00:00","TR-Green-Cam-08","","false","","",""
"3084","Tech Climbing Room Trad Rack Green Cam 9","camming_devices","Green","2035-12-30","0","200","IN","","Tech Climbing Room","","","2026-04-30T20:36:58.875328+00:00","TR-Green-Cam-09","","false","","",""
"3085","Tech Climbing Room Trad Rack Green Nut 1","camming_devices","Green","2035-12-30","0","200","IN","","Tech Climbing Room","","","2026-04-30T20:36:58.875328+00:00","TR-Green-Nut-01","","false","","",""
"3086","Tech Climbing Room Trad Rack Green Nut 2","camming_devices","Green","2035-12-30","0","200","IN","","Tech Climbing Room","","","2026-04-30T20:36:58.875328+00:00","TR-Green-Nut-02","","false","","",""
"3087","Tech Climbing Room Trad Rack Green Nut 3","camming_devices","Green","2035-12-30","0","200","IN","","Tech Climbing Room","","","2026-04-30T20:36:58.875328+00:00","TR-Green-Nut-03","","false","","",""
"3088","Tech Climbing Room Trad Rack Green Nut 4","camming_devices","Green","2035-12-30","0","200","IN","","Tech Climbing Room","","","2026-04-30T20:36:58.875328+00:00","TR-Green-Nut-04","","false","","",""
"3089","Tech Climbing Room Trad Rack Green Nut 5","camming_devices","Green","2035-12-30","0","200","IN","","Tech Climbing Room","","","2026-04-30T20:36:58.875328+00:00","TR-Green-Nut-05","","false","","",""
"3090","Tech Climbing Room Trad Rack Green Nut 6","camming_devices","Green","2035-12-30","0","200","IN","","Tech Climbing Room","","","2026-04-30T20:36:58.875328+00:00","TR-Green-Nut-06","","false","","",""
"3091","Tech Climbing Room Trad Rack Green Nut 7","camming_devices","Green","2035-12-30","0","200","IN","","Tech Climbing Room","","","2026-04-30T20:36:58.875328+00:00","TR-Green-Nut-07","","false","","",""
"3092","Tech Climbing Room Trad Rack Green Nut 8","camming_devices","Green","2035-12-30","0","200","IN","","Tech Climbing Room","","","2026-04-30T20:36:58.875328+00:00","TR-Green-Nut-08","","false","","",""
"3093","Tech Climbing Room Trad Rack Green Nut 9","camming_devices","Green","2035-12-30","0","200","IN","","Tech Climbing Room","","","2026-04-30T20:36:58.875328+00:00","TR-Green-Nut-09","","false","","",""
"3094","Tech Climbing Room Trad Rack Green Nut 10","camming_devices","Green","2035-12-30","0","200","IN","","Tech Climbing Room","","","2026-04-30T20:36:58.875328+00:00","TR-Green-Nut-10","","false","","",""
"3095","Tech Climbing Room Trad Rack Green Nut 11","camming_devices","Green","2035-12-30","0","200","IN","","Tech Climbing Room","","","2026-04-30T20:36:58.875328+00:00","TR-Green-Nut-11","","false","","",""
"3096","Tech Climbing Room Trad Rack Green Nut 12","camming_devices","Green","2035-12-30","0","200","IN","","Tech Climbing Room","","","2026-04-30T20:36:58.875328+00:00","TR-Green-Nut-12","","false","","",""
"3097","Tech Climbing Room Trad Rack Green Nut 13","camming_devices","Green","2035-12-30","0","200","IN","","Tech Climbing Room","","","2026-04-30T20:36:58.875328+00:00","TR-Green-Nut-13","","false","","",""
"3098","Tech Climbing Room Trad Rack Green Nut 14","camming_devices","Green","2035-12-30","0","200","IN","","Tech Climbing Room","","","2026-04-30T20:36:58.875328+00:00","TR-Green-Nut-14","","false","","",""
"3099","Tech Climbing Room Trad Rack Green Nut 15","camming_devices","Green","2035-12-30","0","200","IN","","Tech Climbing Room","","","2026-04-30T20:36:58.875328+00:00","TR-Green-Nut-15","","false","","",""
"3100","Tech Climbing Room Trad Rack Green Nut 16","camming_devices","Green","2035-12-30","0","200","IN","","Tech Climbing Room","","","2026-04-30T20:36:58.875328+00:00","TR-Green-Nut-16","","false","","",""
"3101","Tech Climbing Room Trad Rack Green Hex 1","camming_devices","Green","2035-12-30","0","200","IN","","Tech Climbing Room","","","2026-04-30T20:36:58.875328+00:00","TR-Green-Hex-01","","false","","",""
"3102","Tech Climbing Room Trad Rack Green Hex 2","camming_devices","Green","2035-12-30","0","200","IN","","Tech Climbing Room","","","2026-04-30T20:36:58.875328+00:00","TR-Green-Hex-02","","false","","",""
"3103","Tech Climbing Room Trad Rack Green Hex 3","camming_devices","Green","2035-12-30","0","200","IN","","Tech Climbing Room","","","2026-04-30T20:36:58.875328+00:00","TR-Green-Hex-03","","false","","",""
"3104","Tech Climbing Room Trad Rack Green Nut Tool 1","camming_devices","Green","2035-12-30","0","200","IN","","Tech Climbing Room","","","2026-04-30T20:36:58.875328+00:00","TR-Green-NutTool-01","","false","","",""
"3105","Tech Climbing Room Trad Rack Green Nut Tool 2","camming_devices","Green","2035-12-30","0","200","IN","","Tech Climbing Room","","","2026-04-30T20:36:58.875328+00:00","TR-Green-NutTool-02","","false","","",""
"3106","Tech Climbing Room Trad Rack Green Snap 1","camming_devices","Green","2035-12-30","0","200","IN","","Tech Climbing Room","","","2026-04-30T20:36:58.875328+00:00","TR-Green-Snap-01","","false","","",""
"3303","Locker 05 - Helmet D","locker_helmets","Green","2036-03-01","0","200","IN","","Locker 05","","","2026-04-30T20:36:58.875328+00:00","Locker 05/D","","false","","",""
"3107","Tech Climbing Room Trad Rack Green Snap 2","camming_devices","Green","2035-12-30","0","200","IN","","Tech Climbing Room","","","2026-04-30T20:36:58.875328+00:00","TR-Green-Snap-02","","false","","",""
"3108","Tech Climbing Room Trad Rack Green Snap 3","camming_devices","Green","2035-12-30","0","200","IN","","Tech Climbing Room","","","2026-04-30T20:36:58.875328+00:00","TR-Green-Snap-03","","false","","",""
"3109","Tech Climbing Room Trad Rack Green Snap 4","camming_devices","Green","2035-12-30","0","200","IN","","Tech Climbing Room","","","2026-04-30T20:36:58.875328+00:00","TR-Green-Snap-04","","false","","",""
"3110","Tech Climbing Room Trad Rack Green Snap 5","camming_devices","Green","2035-12-30","0","200","IN","","Tech Climbing Room","","","2026-04-30T20:36:58.875328+00:00","TR-Green-Snap-05","","false","","",""
"3111","Tech Climbing Room Trad Rack Green Snap 6","camming_devices","Green","2035-12-30","0","200","IN","","Tech Climbing Room","","","2026-04-30T20:36:58.875328+00:00","TR-Green-Snap-06","","false","","",""
"3112","Tech Climbing Room Trad Rack Green Snap 7","camming_devices","Green","2035-12-30","0","200","IN","","Tech Climbing Room","","","2026-04-30T20:36:58.875328+00:00","TR-Green-Snap-07","","false","","",""
"3113","Tech Climbing Room Trad Rack Green Snap 8","camming_devices","Green","2035-12-30","0","200","IN","","Tech Climbing Room","","","2026-04-30T20:36:58.875328+00:00","TR-Green-Snap-08","","false","","",""
"3114","Tech Climbing Room Trad Rack Green Snap 9","camming_devices","Green","2035-12-30","0","200","IN","","Tech Climbing Room","","","2026-04-30T20:36:58.875328+00:00","TR-Green-Snap-09","","false","","",""
"3115","Tech Climbing Room Trad Rack Green Snap 10","camming_devices","Green","2035-12-30","0","200","IN","","Tech Climbing Room","","","2026-04-30T20:36:58.875328+00:00","TR-Green-Snap-10","","false","","",""
"3116","Tech Climbing Room Trad Rack Green Snap 11","camming_devices","Green","2035-12-30","0","200","IN","","Tech Climbing Room","","","2026-04-30T20:36:58.875328+00:00","TR-Green-Snap-11","","false","","",""
"3117","Tech Climbing Room Trad Rack Green Snap 12","camming_devices","Green","2035-12-30","0","200","IN","","Tech Climbing Room","","","2026-04-30T20:36:58.875328+00:00","TR-Green-Snap-12","","false","","",""
"3118","Tech Climbing Room Trad Rack Green Snap 13","camming_devices","Green","2035-12-30","0","200","IN","","Tech Climbing Room","","","2026-04-30T20:36:58.875328+00:00","TR-Green-Snap-13","","false","","",""
"3119","Tech Climbing Room Trad Rack Green Snap 14","camming_devices","Green","2035-12-30","0","200","IN","","Tech Climbing Room","","","2026-04-30T20:36:58.875328+00:00","TR-Green-Snap-14","","false","","",""
"3120","Tech Climbing Room Trad Rack White Cam 1","camming_devices","Green","2051-04-22","0","200","IN","","Tech Climbing Room","","","2026-04-30T20:36:58.875328+00:00","TR-White-Cam-01","","false","","",""
"3121","Tech Climbing Room Trad Rack White Cam 2","camming_devices","Green","2051-04-22","0","200","IN","","Tech Climbing Room","","","2026-04-30T20:36:58.875328+00:00","TR-White-Cam-02","","false","","",""
"3122","Tech Climbing Room Trad Rack White Cam 3","camming_devices","Green","2051-04-22","0","200","IN","","Tech Climbing Room","","","2026-04-30T20:36:58.875328+00:00","TR-White-Cam-03","","false","","",""
"3123","Tech Climbing Room Trad Rack White Cam 4","camming_devices","Green","2051-04-22","0","200","IN","","Tech Climbing Room","","","2026-04-30T20:36:58.875328+00:00","TR-White-Cam-04","","false","","",""
"3124","Tech Climbing Room Trad Rack White Cam 5","camming_devices","Green","2051-04-22","0","200","IN","","Tech Climbing Room","","","2026-04-30T20:36:58.875328+00:00","TR-White-Cam-05","","false","","",""
"3125","Tech Climbing Room Trad Rack White Cam 6","camming_devices","Green","2051-04-22","0","200","IN","","Tech Climbing Room","","","2026-04-30T20:36:58.875328+00:00","TR-White-Cam-06","","false","","",""
"3126","Tech Climbing Room Trad Rack White Cam 7","camming_devices","Green","2051-04-22","0","200","IN","","Tech Climbing Room","","","2026-04-30T20:36:58.875328+00:00","TR-White-Cam-07","","false","","",""
"3127","Tech Climbing Room Trad Rack White Cam 8","camming_devices","Green","2051-04-22","0","200","IN","","Tech Climbing Room","","","2026-04-30T20:36:58.875328+00:00","TR-White-Cam-08","","false","","",""
"3128","Tech Climbing Room Trad Rack White Cam 9","camming_devices","Green","2051-04-22","0","200","IN","","Tech Climbing Room","","","2026-04-30T20:36:58.875328+00:00","TR-White-Cam-09","","false","","",""
"3129","Tech Climbing Room Trad Rack White Nut 1","camming_devices","Green","2051-04-22","0","200","IN","","Tech Climbing Room","","","2026-04-30T20:36:58.875328+00:00","TR-White-Nut-01","","false","","",""
"3130","Tech Climbing Room Trad Rack White Nut 2","camming_devices","Green","2051-04-22","0","200","IN","","Tech Climbing Room","","","2026-04-30T20:36:58.875328+00:00","TR-White-Nut-02","","false","","",""
"3131","Tech Climbing Room Trad Rack White Nut 3","camming_devices","Green","2051-04-22","0","200","IN","","Tech Climbing Room","","","2026-04-30T20:36:58.875328+00:00","TR-White-Nut-03","","false","","",""
"3132","Tech Climbing Room Trad Rack White Nut 4","camming_devices","Green","2051-04-22","0","200","IN","","Tech Climbing Room","","","2026-04-30T20:36:58.875328+00:00","TR-White-Nut-04","","false","","",""
"3133","Tech Climbing Room Trad Rack White Nut 5","camming_devices","Green","2051-04-22","0","200","IN","","Tech Climbing Room","","","2026-04-30T20:36:58.875328+00:00","TR-White-Nut-05","","false","","",""
"3134","Tech Climbing Room Trad Rack White Nut 6","camming_devices","Green","2051-04-22","0","200","IN","","Tech Climbing Room","","","2026-04-30T20:36:58.875328+00:00","TR-White-Nut-06","","false","","",""
"3135","Tech Climbing Room Trad Rack White Nut 7","camming_devices","Green","2051-04-22","0","200","IN","","Tech Climbing Room","","","2026-04-30T20:36:58.875328+00:00","TR-White-Nut-07","","false","","",""
"3136","Tech Climbing Room Trad Rack White Nut 8","camming_devices","Green","2051-04-22","0","200","IN","","Tech Climbing Room","","","2026-04-30T20:36:58.875328+00:00","TR-White-Nut-08","","false","","",""
"3137","Tech Climbing Room Trad Rack White Nut 9","camming_devices","Green","2051-04-22","0","200","IN","","Tech Climbing Room","","","2026-04-30T20:36:58.875328+00:00","TR-White-Nut-09","","false","","",""
"3138","Tech Climbing Room Trad Rack White Nut 10","camming_devices","Green","2051-04-22","0","200","IN","","Tech Climbing Room","","","2026-04-30T20:36:58.875328+00:00","TR-White-Nut-10","","false","","",""
"3139","Tech Climbing Room Trad Rack White Nut 11","camming_devices","Green","2051-04-22","0","200","IN","","Tech Climbing Room","","","2026-04-30T20:36:58.875328+00:00","TR-White-Nut-11","","false","","",""
"3140","Tech Climbing Room Trad Rack White Nut 12","camming_devices","Green","2051-04-22","0","200","IN","","Tech Climbing Room","","","2026-04-30T20:36:58.875328+00:00","TR-White-Nut-12","","false","","",""
"3141","Tech Climbing Room Trad Rack White Nut 13","camming_devices","Green","2051-04-22","0","200","IN","","Tech Climbing Room","","","2026-04-30T20:36:58.875328+00:00","TR-White-Nut-13","","false","","",""
"3142","Tech Climbing Room Trad Rack White Nut 14","camming_devices","Green","2051-04-22","0","200","IN","","Tech Climbing Room","","","2026-04-30T20:36:58.875328+00:00","TR-White-Nut-14","","false","","",""
"3143","Tech Climbing Room Trad Rack White Nut 15","camming_devices","Green","2051-04-22","0","200","IN","","Tech Climbing Room","","","2026-04-30T20:36:58.875328+00:00","TR-White-Nut-15","","false","","",""
"3144","Tech Climbing Room Trad Rack White Nut 16","camming_devices","Green","2051-04-22","0","200","IN","","Tech Climbing Room","","","2026-04-30T20:36:58.875328+00:00","TR-White-Nut-16","","false","","",""
"3145","Tech Climbing Room Trad Rack White Hex 1","camming_devices","Green","2051-04-22","0","200","IN","","Tech Climbing Room","","","2026-04-30T20:36:58.875328+00:00","TR-White-Hex-01","","false","","",""
"3146","Tech Climbing Room Trad Rack White Hex 2","camming_devices","Green","2051-04-22","0","200","IN","","Tech Climbing Room","","","2026-04-30T20:36:58.875328+00:00","TR-White-Hex-02","","false","","",""
"3147","Tech Climbing Room Trad Rack White Hex 3","camming_devices","Green","2051-04-22","0","200","IN","","Tech Climbing Room","","","2026-04-30T20:36:58.875328+00:00","TR-White-Hex-03","","false","","",""
"3148","Tech Climbing Room Trad Rack White Nut Tool 1","camming_devices","Green","2051-04-22","0","200","IN","","Tech Climbing Room","","","2026-04-30T20:36:58.875328+00:00","TR-White-NutTool-01","","false","","",""
"3149","Tech Climbing Room Trad Rack White Nut Tool 2","camming_devices","Green","2051-04-22","0","200","IN","","Tech Climbing Room","","","2026-04-30T20:36:58.875328+00:00","TR-White-NutTool-02","","false","","",""
"3150","Tech Climbing Room Trad Rack White Snap 1","camming_devices","Green","2051-04-22","0","200","IN","","Tech Climbing Room","","","2026-04-30T20:36:58.875328+00:00","TR-White-Snap-01","","false","","",""
"3151","Tech Climbing Room Trad Rack White Snap 2","camming_devices","Green","2051-04-22","0","200","IN","","Tech Climbing Room","","","2026-04-30T20:36:58.875328+00:00","TR-White-Snap-02","","false","","",""
"3152","Tech Climbing Room Trad Rack White Snap 3","camming_devices","Green","2051-04-22","0","200","IN","","Tech Climbing Room","","","2026-04-30T20:36:58.875328+00:00","TR-White-Snap-03","","false","","",""
"3153","Tech Climbing Room Trad Rack White Snap 4","camming_devices","Green","2051-04-22","0","200","IN","","Tech Climbing Room","","","2026-04-30T20:36:58.875328+00:00","TR-White-Snap-04","","false","","",""
"3154","Tech Climbing Room Trad Rack White Snap 5","camming_devices","Green","2051-04-22","0","200","IN","","Tech Climbing Room","","","2026-04-30T20:36:58.875328+00:00","TR-White-Snap-05","","false","","",""
"3155","Tech Climbing Room Trad Rack White Snap 6","camming_devices","Green","2051-04-22","0","200","IN","","Tech Climbing Room","","","2026-04-30T20:36:58.875328+00:00","TR-White-Snap-06","","false","","",""
"3156","Tech Climbing Room Trad Rack White Snap 7","camming_devices","Green","2051-04-22","0","200","IN","","Tech Climbing Room","","","2026-04-30T20:36:58.875328+00:00","TR-White-Snap-07","","false","","",""
"3157","Tech Climbing Room Trad Rack White Snap 8","camming_devices","Green","2051-04-22","0","200","IN","","Tech Climbing Room","","","2026-04-30T20:36:58.875328+00:00","TR-White-Snap-08","","false","","",""
"3158","Tech Climbing Room Trad Rack White Snap 9","camming_devices","Green","2051-04-22","0","200","IN","","Tech Climbing Room","","","2026-04-30T20:36:58.875328+00:00","TR-White-Snap-09","","false","","",""
"3159","Tech Climbing Room Trad Rack White Snap 10","camming_devices","Green","2051-04-22","0","200","IN","","Tech Climbing Room","","","2026-04-30T20:36:58.875328+00:00","TR-White-Snap-10","","false","","",""
"3160","Tech Climbing Room Trad Rack White Snap 11","camming_devices","Green","2051-04-22","0","200","IN","","Tech Climbing Room","","","2026-04-30T20:36:58.875328+00:00","TR-White-Snap-11","","false","","",""
"3161","Tech Climbing Room Trad Rack White Snap 12","camming_devices","Green","2051-04-22","0","200","IN","","Tech Climbing Room","","","2026-04-30T20:36:58.875328+00:00","TR-White-Snap-12","","false","","",""
"3162","Tech Climbing Room Trad Rack White Snap 13","camming_devices","Green","2051-04-22","0","200","IN","","Tech Climbing Room","","","2026-04-30T20:36:58.875328+00:00","TR-White-Snap-13","","false","","",""
"3163","Tech Climbing Room Trad Rack White Snap 14","camming_devices","Green","2051-04-22","0","200","IN","","Tech Climbing Room","","","2026-04-30T20:36:58.875328+00:00","TR-White-Snap-14","","false","","",""
"3164","Tech Climbing Room Trad Rack Blue Cam 1","camming_devices","Green","2051-04-22","0","200","IN","","Tech Climbing Room","","","2026-04-30T20:36:58.875328+00:00","TR-Blue-Cam-01","","false","","",""
"3165","Tech Climbing Room Trad Rack Blue Cam 2","camming_devices","Green","2051-04-22","0","200","IN","","Tech Climbing Room","","","2026-04-30T20:36:58.875328+00:00","TR-Blue-Cam-02","","false","","",""
"3166","Tech Climbing Room Trad Rack Blue Cam 3","camming_devices","Green","2051-04-22","0","200","IN","","Tech Climbing Room","","","2026-04-30T20:36:58.875328+00:00","TR-Blue-Cam-03","","false","","",""
"3167","Tech Climbing Room Trad Rack Blue Cam 4","camming_devices","Green","2051-04-22","0","200","IN","","Tech Climbing Room","","","2026-04-30T20:36:58.875328+00:00","TR-Blue-Cam-04","","false","","",""
"3168","Tech Climbing Room Trad Rack Blue Cam 5","camming_devices","Green","2051-04-22","0","200","IN","","Tech Climbing Room","","","2026-04-30T20:36:58.875328+00:00","TR-Blue-Cam-05","","false","","",""
"3169","Tech Climbing Room Trad Rack Blue Cam 6","camming_devices","Green","2051-04-22","0","200","IN","","Tech Climbing Room","","","2026-04-30T20:36:58.875328+00:00","TR-Blue-Cam-06","","false","","",""
"3170","Tech Climbing Room Trad Rack Blue Cam 7","camming_devices","Green","2051-04-22","0","200","IN","","Tech Climbing Room","","","2026-04-30T20:36:58.875328+00:00","TR-Blue-Cam-07","","false","","",""
"3171","Tech Climbing Room Trad Rack Blue Cam 8","camming_devices","Green","2051-04-22","0","200","IN","","Tech Climbing Room","","","2026-04-30T20:36:58.875328+00:00","TR-Blue-Cam-08","","false","","",""
"3172","Tech Climbing Room Trad Rack Blue Cam 9","camming_devices","Green","2051-04-22","0","200","IN","","Tech Climbing Room","","","2026-04-30T20:36:58.875328+00:00","TR-Blue-Cam-09","","false","","",""
"3173","Tech Climbing Room Trad Rack Blue Nut 1","camming_devices","Green","2051-04-22","0","200","IN","","Tech Climbing Room","","","2026-04-30T20:36:58.875328+00:00","TR-Blue-Nut-01","","false","","",""
"3174","Tech Climbing Room Trad Rack Blue Nut 2","camming_devices","Green","2051-04-22","0","200","IN","","Tech Climbing Room","","","2026-04-30T20:36:58.875328+00:00","TR-Blue-Nut-02","","false","","",""
"3175","Tech Climbing Room Trad Rack Blue Nut 3","camming_devices","Green","2051-04-22","0","200","IN","","Tech Climbing Room","","","2026-04-30T20:36:58.875328+00:00","TR-Blue-Nut-03","","false","","",""
"3176","Tech Climbing Room Trad Rack Blue Nut 4","camming_devices","Green","2051-04-22","0","200","IN","","Tech Climbing Room","","","2026-04-30T20:36:58.875328+00:00","TR-Blue-Nut-04","","false","","",""
"3177","Tech Climbing Room Trad Rack Blue Nut 5","camming_devices","Green","2051-04-22","0","200","IN","","Tech Climbing Room","","","2026-04-30T20:36:58.875328+00:00","TR-Blue-Nut-05","","false","","",""
"3178","Tech Climbing Room Trad Rack Blue Nut 6","camming_devices","Green","2051-04-22","0","200","IN","","Tech Climbing Room","","","2026-04-30T20:36:58.875328+00:00","TR-Blue-Nut-06","","false","","",""
"3179","Tech Climbing Room Trad Rack Blue Nut 7","camming_devices","Green","2051-04-22","0","200","IN","","Tech Climbing Room","","","2026-04-30T20:36:58.875328+00:00","TR-Blue-Nut-07","","false","","",""
"3180","Tech Climbing Room Trad Rack Blue Nut 8","camming_devices","Green","2051-04-22","0","200","IN","","Tech Climbing Room","","","2026-04-30T20:36:58.875328+00:00","TR-Blue-Nut-08","","false","","",""
"3181","Tech Climbing Room Trad Rack Blue Nut 9","camming_devices","Green","2051-04-22","0","200","IN","","Tech Climbing Room","","","2026-04-30T20:36:58.875328+00:00","TR-Blue-Nut-09","","false","","",""
"3182","Tech Climbing Room Trad Rack Blue Nut 10","camming_devices","Green","2051-04-22","0","200","IN","","Tech Climbing Room","","","2026-04-30T20:36:58.875328+00:00","TR-Blue-Nut-10","","false","","",""
"3183","Tech Climbing Room Trad Rack Blue Nut 11","camming_devices","Green","2051-04-22","0","200","IN","","Tech Climbing Room","","","2026-04-30T20:36:58.875328+00:00","TR-Blue-Nut-11","","false","","",""
"3184","Tech Climbing Room Trad Rack Blue Nut 12","camming_devices","Green","2051-04-22","0","200","IN","","Tech Climbing Room","","","2026-04-30T20:36:58.875328+00:00","TR-Blue-Nut-12","","false","","",""
"3185","Tech Climbing Room Trad Rack Blue Nut 13","camming_devices","Green","2051-04-22","0","200","IN","","Tech Climbing Room","","","2026-04-30T20:36:58.875328+00:00","TR-Blue-Nut-13","","false","","",""
"3186","Tech Climbing Room Trad Rack Blue Nut 14","camming_devices","Green","2051-04-22","0","200","IN","","Tech Climbing Room","","","2026-04-30T20:36:58.875328+00:00","TR-Blue-Nut-14","","false","","",""
"3187","Tech Climbing Room Trad Rack Blue Nut 15","camming_devices","Green","2051-04-22","0","200","IN","","Tech Climbing Room","","","2026-04-30T20:36:58.875328+00:00","TR-Blue-Nut-15","","false","","",""
"3188","Tech Climbing Room Trad Rack Blue Nut 16","camming_devices","Green","2051-04-22","0","200","IN","","Tech Climbing Room","","","2026-04-30T20:36:58.875328+00:00","TR-Blue-Nut-16","","false","","",""
"3189","Tech Climbing Room Trad Rack Blue Hex 1","camming_devices","Green","2051-04-22","0","200","IN","","Tech Climbing Room","","","2026-04-30T20:36:58.875328+00:00","TR-Blue-Hex-01","","false","","",""
"3190","Tech Climbing Room Trad Rack Blue Hex 2","camming_devices","Green","2051-04-22","0","200","IN","","Tech Climbing Room","","","2026-04-30T20:36:58.875328+00:00","TR-Blue-Hex-02","","false","","",""
"3191","Tech Climbing Room Trad Rack Blue Hex 3","camming_devices","Green","2051-04-22","0","200","IN","","Tech Climbing Room","","","2026-04-30T20:36:58.875328+00:00","TR-Blue-Hex-03","","false","","",""
"3192","Tech Climbing Room Trad Rack Blue Nut Tool 1","camming_devices","Green","2051-04-22","0","200","IN","","Tech Climbing Room","","","2026-04-30T20:36:58.875328+00:00","TR-Blue-NutTool-01","","false","","",""
"3193","Tech Climbing Room Trad Rack Blue Nut Tool 2","camming_devices","Green","2051-04-22","0","200","IN","","Tech Climbing Room","","","2026-04-30T20:36:58.875328+00:00","TR-Blue-NutTool-02","","false","","",""
"3194","Tech Climbing Room Trad Rack Blue Snap 1","camming_devices","Green","2051-04-22","0","200","IN","","Tech Climbing Room","","","2026-04-30T20:36:58.875328+00:00","TR-Blue-Snap-01","","false","","",""
"3195","Tech Climbing Room Trad Rack Blue Snap 2","camming_devices","Green","2051-04-22","0","200","IN","","Tech Climbing Room","","","2026-04-30T20:36:58.875328+00:00","TR-Blue-Snap-02","","false","","",""
"3196","Tech Climbing Room Trad Rack Blue Snap 3","camming_devices","Green","2051-04-22","0","200","IN","","Tech Climbing Room","","","2026-04-30T20:36:58.875328+00:00","TR-Blue-Snap-03","","false","","",""
"3197","Tech Climbing Room Trad Rack Blue Snap 4","camming_devices","Green","2051-04-22","0","200","IN","","Tech Climbing Room","","","2026-04-30T20:36:58.875328+00:00","TR-Blue-Snap-04","","false","","",""
"3198","Tech Climbing Room Trad Rack Blue Snap 5","camming_devices","Green","2051-04-22","0","200","IN","","Tech Climbing Room","","","2026-04-30T20:36:58.875328+00:00","TR-Blue-Snap-05","","false","","",""
"3199","Tech Climbing Room Trad Rack Blue Snap 6","camming_devices","Green","2051-04-22","0","200","IN","","Tech Climbing Room","","","2026-04-30T20:36:58.875328+00:00","TR-Blue-Snap-06","","false","","",""
"3200","Tech Climbing Room Trad Rack Blue Snap 7","camming_devices","Green","2051-04-22","0","200","IN","","Tech Climbing Room","","","2026-04-30T20:36:58.875328+00:00","TR-Blue-Snap-07","","false","","",""
"3201","Tech Climbing Room Trad Rack Blue Snap 8","camming_devices","Green","2051-04-22","0","200","IN","","Tech Climbing Room","","","2026-04-30T20:36:58.875328+00:00","TR-Blue-Snap-08","","false","","",""
"3202","Tech Climbing Room Trad Rack Blue Snap 9","camming_devices","Green","2051-04-22","0","200","IN","","Tech Climbing Room","","","2026-04-30T20:36:58.875328+00:00","TR-Blue-Snap-09","","false","","",""
"3203","Tech Climbing Room Trad Rack Blue Snap 10","camming_devices","Green","2051-04-22","0","200","IN","","Tech Climbing Room","","","2026-04-30T20:36:58.875328+00:00","TR-Blue-Snap-10","","false","","",""
"3204","Tech Climbing Room Trad Rack Blue Snap 11","camming_devices","Green","2051-04-22","0","200","IN","","Tech Climbing Room","","","2026-04-30T20:36:58.875328+00:00","TR-Blue-Snap-11","","false","","",""
"3205","Tech Climbing Room Trad Rack Blue Snap 12","camming_devices","Green","2051-04-22","0","200","IN","","Tech Climbing Room","","","2026-04-30T20:36:58.875328+00:00","TR-Blue-Snap-12","","false","","",""
"3206","Tech Climbing Room Trad Rack Blue Snap 13","camming_devices","Green","2051-04-22","0","200","IN","","Tech Climbing Room","","","2026-04-30T20:36:58.875328+00:00","TR-Blue-Snap-13","","false","","",""
"3207","Tech Climbing Room Trad Rack Blue Snap 14","camming_devices","Green","2051-04-22","0","200","IN","","Tech Climbing Room","","","2026-04-30T20:36:58.875328+00:00","TR-Blue-Snap-14","","false","","",""
"3208","Tech Climbing Room Trad Rack Yellow-Green Cam 1","camming_devices","Green","2051-04-22","0","200","IN","","Tech Climbing Room","","","2026-04-30T20:36:58.875328+00:00","TR-YellowGreen-Cam-01","","false","","",""
"3209","Tech Climbing Room Trad Rack Yellow-Green Cam 2","camming_devices","Green","2051-04-22","0","200","IN","","Tech Climbing Room","","","2026-04-30T20:36:58.875328+00:00","TR-YellowGreen-Cam-02","","false","","",""
"3210","Tech Climbing Room Trad Rack Yellow-Green Cam 3","camming_devices","Green","2051-04-22","0","200","IN","","Tech Climbing Room","","","2026-04-30T20:36:58.875328+00:00","TR-YellowGreen-Cam-03","","false","","",""
"3211","Tech Climbing Room Trad Rack Yellow-Green Cam 4","camming_devices","Green","2051-04-22","0","200","IN","","Tech Climbing Room","","","2026-04-30T20:36:58.875328+00:00","TR-YellowGreen-Cam-04","","false","","",""
"3212","Tech Climbing Room Trad Rack Yellow-Green Cam 5","camming_devices","Green","2051-04-22","0","200","IN","","Tech Climbing Room","","","2026-04-30T20:36:58.875328+00:00","TR-YellowGreen-Cam-05","","false","","",""
"3213","Tech Climbing Room Trad Rack Yellow-Green Cam 6","camming_devices","Green","2051-04-22","0","200","IN","","Tech Climbing Room","","","2026-04-30T20:36:58.875328+00:00","TR-YellowGreen-Cam-06","","false","","",""
"3214","Tech Climbing Room Trad Rack Yellow-Green Cam 7","camming_devices","Green","2051-04-22","0","200","IN","","Tech Climbing Room","","","2026-04-30T20:36:58.875328+00:00","TR-YellowGreen-Cam-07","","false","","",""
"3215","Tech Climbing Room Trad Rack Yellow-Green Cam 8","camming_devices","Green","2051-04-22","0","200","IN","","Tech Climbing Room","","","2026-04-30T20:36:58.875328+00:00","TR-YellowGreen-Cam-08","","false","","",""
"3216","Tech Climbing Room Trad Rack Yellow-Green Cam 9","camming_devices","Green","2051-04-22","0","200","IN","","Tech Climbing Room","","","2026-04-30T20:36:58.875328+00:00","TR-YellowGreen-Cam-09","","false","","",""
"3217","Tech Climbing Room Trad Rack Yellow-Green Nut 1","camming_devices","Green","2051-04-22","0","200","IN","","Tech Climbing Room","","","2026-04-30T20:36:58.875328+00:00","TR-YellowGreen-Nut-01","","false","","",""
"3218","Tech Climbing Room Trad Rack Yellow-Green Nut 2","camming_devices","Green","2051-04-22","0","200","IN","","Tech Climbing Room","","","2026-04-30T20:36:58.875328+00:00","TR-YellowGreen-Nut-02","","false","","",""
"3219","Tech Climbing Room Trad Rack Yellow-Green Nut 3","camming_devices","Green","2051-04-22","0","200","IN","","Tech Climbing Room","","","2026-04-30T20:36:58.875328+00:00","TR-YellowGreen-Nut-03","","false","","",""
"3220","Tech Climbing Room Trad Rack Yellow-Green Nut 4","camming_devices","Green","2051-04-22","0","200","IN","","Tech Climbing Room","","","2026-04-30T20:36:58.875328+00:00","TR-YellowGreen-Nut-04","","false","","",""
"3221","Tech Climbing Room Trad Rack Yellow-Green Nut 5","camming_devices","Green","2051-04-22","0","200","IN","","Tech Climbing Room","","","2026-04-30T20:36:58.875328+00:00","TR-YellowGreen-Nut-05","","false","","",""
"3222","Tech Climbing Room Trad Rack Yellow-Green Nut 6","camming_devices","Green","2051-04-22","0","200","IN","","Tech Climbing Room","","","2026-04-30T20:36:58.875328+00:00","TR-YellowGreen-Nut-06","","false","","",""
"3223","Tech Climbing Room Trad Rack Yellow-Green Nut 7","camming_devices","Green","2051-04-22","0","200","IN","","Tech Climbing Room","","","2026-04-30T20:36:58.875328+00:00","TR-YellowGreen-Nut-07","","false","","",""
"3224","Tech Climbing Room Trad Rack Yellow-Green Nut 8","camming_devices","Green","2051-04-22","0","200","IN","","Tech Climbing Room","","","2026-04-30T20:36:58.875328+00:00","TR-YellowGreen-Nut-08","","false","","",""
"3225","Tech Climbing Room Trad Rack Yellow-Green Nut 9","camming_devices","Green","2051-04-22","0","200","IN","","Tech Climbing Room","","","2026-04-30T20:36:58.875328+00:00","TR-YellowGreen-Nut-09","","false","","",""
"3226","Tech Climbing Room Trad Rack Yellow-Green Nut 10","camming_devices","Green","2051-04-22","0","200","IN","","Tech Climbing Room","","","2026-04-30T20:36:58.875328+00:00","TR-YellowGreen-Nut-10","","false","","",""
"3227","Tech Climbing Room Trad Rack Yellow-Green Nut 11","camming_devices","Green","2051-04-22","0","200","IN","","Tech Climbing Room","","","2026-04-30T20:36:58.875328+00:00","TR-YellowGreen-Nut-11","","false","","",""
"3228","Tech Climbing Room Trad Rack Yellow-Green Nut 12","camming_devices","Green","2051-04-22","0","200","IN","","Tech Climbing Room","","","2026-04-30T20:36:58.875328+00:00","TR-YellowGreen-Nut-12","","false","","",""
"3229","Tech Climbing Room Trad Rack Yellow-Green Nut 13","camming_devices","Green","2051-04-22","0","200","IN","","Tech Climbing Room","","","2026-04-30T20:36:58.875328+00:00","TR-YellowGreen-Nut-13","","false","","",""
"3230","Tech Climbing Room Trad Rack Yellow-Green Nut 14","camming_devices","Green","2051-04-22","0","200","IN","","Tech Climbing Room","","","2026-04-30T20:36:58.875328+00:00","TR-YellowGreen-Nut-14","","false","","",""
"3231","Tech Climbing Room Trad Rack Yellow-Green Nut 15","camming_devices","Green","2051-04-22","0","200","IN","","Tech Climbing Room","","","2026-04-30T20:36:58.875328+00:00","TR-YellowGreen-Nut-15","","false","","",""
"3232","Tech Climbing Room Trad Rack Yellow-Green Nut 16","camming_devices","Green","2051-04-22","0","200","IN","","Tech Climbing Room","","","2026-04-30T20:36:58.875328+00:00","TR-YellowGreen-Nut-16","","false","","",""
"3233","Tech Climbing Room Trad Rack Yellow-Green Hex 1","camming_devices","Green","2051-04-22","0","200","IN","","Tech Climbing Room","","","2026-04-30T20:36:58.875328+00:00","TR-YellowGreen-Hex-01","","false","","",""
"3234","Tech Climbing Room Trad Rack Yellow-Green Hex 2","camming_devices","Green","2051-04-22","0","200","IN","","Tech Climbing Room","","","2026-04-30T20:36:58.875328+00:00","TR-YellowGreen-Hex-02","","false","","",""
"3235","Tech Climbing Room Trad Rack Yellow-Green Hex 3","camming_devices","Green","2051-04-22","0","200","IN","","Tech Climbing Room","","","2026-04-30T20:36:58.875328+00:00","TR-YellowGreen-Hex-03","","false","","",""
"3236","Tech Climbing Room Trad Rack Yellow-Green Nut Tool 1","camming_devices","Green","2051-04-22","0","200","IN","","Tech Climbing Room","","","2026-04-30T20:36:58.875328+00:00","TR-YellowGreen-NutTool-01","","false","","",""
"3237","Tech Climbing Room Trad Rack Yellow-Green Nut Tool 2","camming_devices","Green","2051-04-22","0","200","IN","","Tech Climbing Room","","","2026-04-30T20:36:58.875328+00:00","TR-YellowGreen-NutTool-02","","false","","",""
"3238","Tech Climbing Room Trad Rack Yellow-Green Snap 1","camming_devices","Green","2051-04-22","0","200","IN","","Tech Climbing Room","","","2026-04-30T20:36:58.875328+00:00","TR-YellowGreen-Snap-01","","false","","",""
"3239","Tech Climbing Room Trad Rack Yellow-Green Snap 2","camming_devices","Green","2051-04-22","0","200","IN","","Tech Climbing Room","","","2026-04-30T20:36:58.875328+00:00","TR-YellowGreen-Snap-02","","false","","",""
"3240","Tech Climbing Room Trad Rack Yellow-Green Snap 3","camming_devices","Green","2051-04-22","0","200","IN","","Tech Climbing Room","","","2026-04-30T20:36:58.875328+00:00","TR-YellowGreen-Snap-03","","false","","",""
"3241","Tech Climbing Room Trad Rack Yellow-Green Snap 4","camming_devices","Green","2051-04-22","0","200","IN","","Tech Climbing Room","","","2026-04-30T20:36:58.875328+00:00","TR-YellowGreen-Snap-04","","false","","",""
"3242","Tech Climbing Room Trad Rack Yellow-Green Snap 5","camming_devices","Green","2051-04-22","0","200","IN","","Tech Climbing Room","","","2026-04-30T20:36:58.875328+00:00","TR-YellowGreen-Snap-05","","false","","",""
"3243","Tech Climbing Room Trad Rack Yellow-Green Snap 6","camming_devices","Green","2051-04-22","0","200","IN","","Tech Climbing Room","","","2026-04-30T20:36:58.875328+00:00","TR-YellowGreen-Snap-06","","false","","",""
"3244","Tech Climbing Room Trad Rack Yellow-Green Snap 7","camming_devices","Green","2051-04-22","0","200","IN","","Tech Climbing Room","","","2026-04-30T20:36:58.875328+00:00","TR-YellowGreen-Snap-07","","false","","",""
"3245","Tech Climbing Room Trad Rack Yellow-Green Snap 8","camming_devices","Green","2051-04-22","0","200","IN","","Tech Climbing Room","","","2026-04-30T20:36:58.875328+00:00","TR-YellowGreen-Snap-08","","false","","",""
"3246","Tech Climbing Room Trad Rack Yellow-Green Snap 9","camming_devices","Green","2051-04-22","0","200","IN","","Tech Climbing Room","","","2026-04-30T20:36:58.875328+00:00","TR-YellowGreen-Snap-09","","false","","",""
"3247","Tech Climbing Room Trad Rack Yellow-Green Snap 10","camming_devices","Green","2051-04-22","0","200","IN","","Tech Climbing Room","","","2026-04-30T20:36:58.875328+00:00","TR-YellowGreen-Snap-10","","false","","",""
"3248","Tech Climbing Room Trad Rack Yellow-Green Snap 11","camming_devices","Green","2051-04-22","0","200","IN","","Tech Climbing Room","","","2026-04-30T20:36:58.875328+00:00","TR-YellowGreen-Snap-11","","false","","",""
"3249","Tech Climbing Room Trad Rack Yellow-Green Snap 12","camming_devices","Green","2051-04-22","0","200","IN","","Tech Climbing Room","","","2026-04-30T20:36:58.875328+00:00","TR-YellowGreen-Snap-12","","false","","",""
"3250","Tech Climbing Room Trad Rack Yellow-Green Snap 13","camming_devices","Green","2051-04-22","0","200","IN","","Tech Climbing Room","","","2026-04-30T20:36:58.875328+00:00","TR-YellowGreen-Snap-13","","false","","",""
"3251","Tech Climbing Room Trad Rack Yellow-Green Snap 14","camming_devices","Green","2051-04-22","0","200","IN","","Tech Climbing Room","","","2026-04-30T20:36:58.875328+00:00","TR-YellowGreen-Snap-14","","false","","",""
"3252","Locker 01 - Helmet A","locker_helmets","Green","2036-03-01","0","200","IN","","Locker 01","","","2026-04-30T20:36:58.875328+00:00","Locker 01/A","","false","","",""
"3253","Locker 01 - Helmet B","locker_helmets","Green","2036-03-01","0","200","IN","","Locker 01","","","2026-04-30T20:36:58.875328+00:00","Locker 01/B","","false","","",""
"3254","Locker 01 - Helmet C","locker_helmets","Green","2036-03-01","0","200","IN","","Locker 01","","","2026-04-30T20:36:58.875328+00:00","Locker 01/C","","false","","",""
"3255","Locker 01 - Helmet D","locker_helmets","Green","2036-03-01","0","200","IN","","Locker 01","","","2026-04-30T20:36:58.875328+00:00","Locker 01/D","","false","","",""
"3256","Locker 01 - Helmet E","locker_helmets","Green","2036-03-01","0","200","IN","","Locker 01","","","2026-04-30T20:36:58.875328+00:00","Locker 01/E","","false","","",""
"3257","Locker 01 - Helmet F","locker_helmets","Green","2036-03-01","0","200","IN","","Locker 01","","","2026-04-30T20:36:58.875328+00:00","Locker 01/F","","false","","",""
"3258","Locker 01 - Helmet G","locker_helmets","Green","2036-03-01","0","200","IN","","Locker 01","","","2026-04-30T20:36:58.875328+00:00","Locker 01/G","","false","","",""
"3259","Locker 01 - Helmet H","locker_helmets","Green","2036-03-01","0","200","IN","","Locker 01","","","2026-04-30T20:36:58.875328+00:00","Locker 01/H","","false","","",""
"3260","Locker 01 - Helmet I","locker_helmets","Green","2036-03-01","0","200","IN","","Locker 01","","","2026-04-30T20:36:58.875328+00:00","Locker 01/I","","false","","",""
"3261","Locker 01 - Helmet J","locker_helmets","Green","2036-03-01","0","200","IN","","Locker 01","","","2026-04-30T20:36:58.875328+00:00","Locker 01/J","","false","","",""
"3262","Locker 01 - Helmet K","locker_helmets","Green","2036-03-01","0","200","IN","","Locker 01","","","2026-04-30T20:36:58.875328+00:00","Locker 01/K","","false","","",""
"3263","Locker 01 - Helmet L","locker_helmets","Green","2036-03-01","0","200","IN","","Locker 01","","","2026-04-30T20:36:58.875328+00:00","Locker 01/L","","false","","",""
"3264","Locker 02 - Helmet A","locker_helmets","Green","2036-03-01","0","200","IN","","Locker 02","","","2026-04-30T20:36:58.875328+00:00","Locker 02/A","","false","","",""
"3265","Locker 02 - Helmet B","locker_helmets","Green","2036-03-01","0","200","IN","","Locker 02","","","2026-04-30T20:36:58.875328+00:00","Locker 02/B","","false","","",""
"3266","Locker 02 - Helmet C","locker_helmets","Green","2036-03-01","0","200","IN","","Locker 02","","","2026-04-30T20:36:58.875328+00:00","Locker 02/C","","false","","",""
"3267","Locker 02 - Helmet D","locker_helmets","Green","2036-03-01","0","200","IN","","Locker 02","","","2026-04-30T20:36:58.875328+00:00","Locker 02/D","","false","","",""
"3268","Locker 02 - Helmet E","locker_helmets","Green","2036-03-01","0","200","IN","","Locker 02","","","2026-04-30T20:36:58.875328+00:00","Locker 02/E","","false","","",""
"3269","Locker 02 - Helmet F","locker_helmets","Green","2036-03-01","0","200","IN","","Locker 02","","","2026-04-30T20:36:58.875328+00:00","Locker 02/F","","false","","",""
"3270","Locker 02 - Helmet G","locker_helmets","Green","2036-03-01","0","200","IN","","Locker 02","","","2026-04-30T20:36:58.875328+00:00","Locker 02/G","","false","","",""
"3271","Locker 02 - Helmet H","locker_helmets","Green","2036-03-01","0","200","IN","","Locker 02","","","2026-04-30T20:36:58.875328+00:00","Locker 02/H","","false","","",""
"3272","Locker 02 - Helmet I","locker_helmets","Green","2036-03-01","0","200","IN","","Locker 02","","","2026-04-30T20:36:58.875328+00:00","Locker 02/I","","false","","",""
"3273","Locker 02 - Helmet J","locker_helmets","Green","2036-03-01","0","200","IN","","Locker 02","","","2026-04-30T20:36:58.875328+00:00","Locker 02/J","","false","","",""
"3274","Locker 02 - Helmet K","locker_helmets","Green","2036-03-01","0","200","IN","","Locker 02","","","2026-04-30T20:36:58.875328+00:00","Locker 02/K","","false","","",""
"3275","Locker 02 - Helmet L","locker_helmets","Green","2036-03-01","0","200","IN","","Locker 02","","","2026-04-30T20:36:58.875328+00:00","Locker 02/L","","false","","",""
"3276","Locker 03 - Helmet A","locker_helmets","Green","2036-03-01","0","200","IN","","Locker 03","","","2026-04-30T20:36:58.875328+00:00","Locker 03/A","","false","","",""
"3277","Locker 03 - Helmet B","locker_helmets","Green","2036-03-01","0","200","IN","","Locker 03","","","2026-04-30T20:36:58.875328+00:00","Locker 03/B","","false","","",""
"3278","Locker 03 - Helmet C","locker_helmets","Green","2036-03-01","0","200","IN","","Locker 03","","","2026-04-30T20:36:58.875328+00:00","Locker 03/C","","false","","",""
"3279","Locker 03 - Helmet D","locker_helmets","Green","2036-03-01","0","200","IN","","Locker 03","","","2026-04-30T20:36:58.875328+00:00","Locker 03/D","","false","","",""
"3280","Locker 03 - Helmet E","locker_helmets","Green","2036-03-01","0","200","IN","","Locker 03","","","2026-04-30T20:36:58.875328+00:00","Locker 03/E","","false","","",""
"3281","Locker 03 - Helmet F","locker_helmets","Green","2036-03-01","0","200","IN","","Locker 03","","","2026-04-30T20:36:58.875328+00:00","Locker 03/F","","false","","",""
"3282","Locker 03 - Helmet G","locker_helmets","Green","2036-03-01","0","200","IN","","Locker 03","","","2026-04-30T20:36:58.875328+00:00","Locker 03/G","","false","","",""
"3283","Locker 03 - Helmet H","locker_helmets","Green","2036-03-01","0","200","IN","","Locker 03","","","2026-04-30T20:36:58.875328+00:00","Locker 03/H","","false","","",""
"3284","Locker 03 - Helmet I","locker_helmets","Green","2036-03-01","0","200","IN","","Locker 03","","","2026-04-30T20:36:58.875328+00:00","Locker 03/I","","false","","",""
"3285","Locker 03 - Helmet J","locker_helmets","Green","2036-03-01","0","200","IN","","Locker 03","","","2026-04-30T20:36:58.875328+00:00","Locker 03/J","","false","","",""
"3286","Locker 03 - Helmet K","locker_helmets","Green","2036-03-01","0","200","IN","","Locker 03","","","2026-04-30T20:36:58.875328+00:00","Locker 03/K","","false","","",""
"3287","Locker 03 - Helmet L","locker_helmets","Green","2036-03-01","0","200","IN","","Locker 03","","","2026-04-30T20:36:58.875328+00:00","Locker 03/L","","false","","",""
"3288","Locker 04 - Helmet A","locker_helmets","Green","2036-03-01","0","200","IN","","Locker 04","","","2026-04-30T20:36:58.875328+00:00","Locker 04/A","","false","","",""
"3289","Locker 04 - Helmet B","locker_helmets","Green","2036-03-01","0","200","IN","","Locker 04","","","2026-04-30T20:36:58.875328+00:00","Locker 04/B","","false","","",""
"3290","Locker 04 - Helmet C","locker_helmets","Green","2036-03-01","0","200","IN","","Locker 04","","","2026-04-30T20:36:58.875328+00:00","Locker 04/C","","false","","",""
"3291","Locker 04 - Helmet D","locker_helmets","Green","2036-03-01","0","200","IN","","Locker 04","","","2026-04-30T20:36:58.875328+00:00","Locker 04/D","","false","","",""
"3292","Locker 04 - Helmet E","locker_helmets","Green","2036-03-01","0","200","IN","","Locker 04","","","2026-04-30T20:36:58.875328+00:00","Locker 04/E","","false","","",""
"3293","Locker 04 - Helmet F","locker_helmets","Green","2036-03-01","0","200","IN","","Locker 04","","","2026-04-30T20:36:58.875328+00:00","Locker 04/F","","false","","",""
"3294","Locker 04 - Helmet G","locker_helmets","Green","2036-03-01","0","200","IN","","Locker 04","","","2026-04-30T20:36:58.875328+00:00","Locker 04/G","","false","","",""
"3295","Locker 04 - Helmet H","locker_helmets","Green","2036-03-01","0","200","IN","","Locker 04","","","2026-04-30T20:36:58.875328+00:00","Locker 04/H","","false","","",""
"3296","Locker 04 - Helmet I","locker_helmets","Green","2036-03-01","0","200","IN","","Locker 04","","","2026-04-30T20:36:58.875328+00:00","Locker 04/I","","false","","",""
"3297","Locker 04 - Helmet J","locker_helmets","Green","2036-03-01","0","200","IN","","Locker 04","","","2026-04-30T20:36:58.875328+00:00","Locker 04/J","","false","","",""
"3298","Locker 04 - Helmet K","locker_helmets","Green","2036-03-01","0","200","IN","","Locker 04","","","2026-04-30T20:36:58.875328+00:00","Locker 04/K","","false","","",""
"3299","Locker 04 - Helmet L","locker_helmets","Green","2036-03-01","0","200","IN","","Locker 04","","","2026-04-30T20:36:58.875328+00:00","Locker 04/L","","false","","",""
"3300","Locker 05 - Helmet A","locker_helmets","Green","2036-03-01","0","200","IN","","Locker 05","","","2026-04-30T20:36:58.875328+00:00","Locker 05/A","","false","","",""
"3301","Locker 05 - Helmet B","locker_helmets","Green","2036-03-01","0","200","IN","","Locker 05","","","2026-04-30T20:36:58.875328+00:00","Locker 05/B","","false","","",""
"3302","Locker 05 - Helmet C","locker_helmets","Green","2036-03-01","0","200","IN","","Locker 05","","","2026-04-30T20:36:58.875328+00:00","Locker 05/C","","false","","",""
"3304","Locker 05 - Helmet E","locker_helmets","Green","2036-03-01","0","200","IN","","Locker 05","","","2026-04-30T20:36:58.875328+00:00","Locker 05/E","","false","","",""
"3305","Locker 05 - Helmet F","locker_helmets","Green","2036-03-01","0","200","IN","","Locker 05","","","2026-04-30T20:36:58.875328+00:00","Locker 05/F","","false","","",""
"3306","Locker 05 - Helmet G","locker_helmets","Green","2036-03-01","0","200","IN","","Locker 05","","","2026-04-30T20:36:58.875328+00:00","Locker 05/G","","false","","",""
"3307","Locker 05 - Helmet H","locker_helmets","Green","2036-03-01","0","200","IN","","Locker 05","","","2026-04-30T20:36:58.875328+00:00","Locker 05/H","","false","","",""
"3308","Locker 05 - Helmet I","locker_helmets","Green","2036-03-01","0","200","IN","","Locker 05","","","2026-04-30T20:36:58.875328+00:00","Locker 05/I","","false","","",""
"3309","Locker 05 - Helmet J","locker_helmets","Green","2036-03-01","0","200","IN","","Locker 05","","","2026-04-30T20:36:58.875328+00:00","Locker 05/J","","false","","",""
"3310","Locker 05 - Helmet K","locker_helmets","Green","2036-03-01","0","200","IN","","Locker 05","","","2026-04-30T20:36:58.875328+00:00","Locker 05/K","","false","","",""
"3311","Locker 05 - Helmet L","locker_helmets","Green","2036-03-01","0","200","IN","","Locker 05","","","2026-04-30T20:36:58.875328+00:00","Locker 05/L","","false","","",""
"3312","Locker 06 - Helmet A","locker_helmets","Green","2036-03-01","0","200","IN","","Locker 06","","","2026-04-30T20:36:58.875328+00:00","Locker 06/A","","false","","",""
"3313","Locker 06 - Helmet B","locker_helmets","Green","2036-03-01","0","200","IN","","Locker 06","","","2026-04-30T20:36:58.875328+00:00","Locker 06/B","","false","","",""
"3314","Locker 06 - Helmet C","locker_helmets","Green","2036-03-01","0","200","IN","","Locker 06","","","2026-04-30T20:36:58.875328+00:00","Locker 06/C","","false","","",""
"3315","Locker 06 - Helmet D","locker_helmets","Green","2036-03-01","0","200","IN","","Locker 06","","","2026-04-30T20:36:58.875328+00:00","Locker 06/D","","false","","",""
"3316","Locker 06 - Helmet E","locker_helmets","Green","2036-03-01","0","200","IN","","Locker 06","","","2026-04-30T20:36:58.875328+00:00","Locker 06/E","","false","","",""
"3317","Locker 06 - Helmet F","locker_helmets","Green","2036-03-01","0","200","IN","","Locker 06","","","2026-04-30T20:36:58.875328+00:00","Locker 06/F","","false","","",""
"3318","Locker 06 - Helmet G","locker_helmets","Green","2036-03-01","0","200","IN","","Locker 06","","","2026-04-30T20:36:58.875328+00:00","Locker 06/G","","false","","",""
"3319","Locker 06 - Helmet H","locker_helmets","Green","2036-03-01","0","200","IN","","Locker 06","","","2026-04-30T20:36:58.875328+00:00","Locker 06/H","","false","","",""
"3320","Locker 06 - Helmet I","locker_helmets","Green","2036-03-01","0","200","IN","","Locker 06","","","2026-04-30T20:36:58.875328+00:00","Locker 06/I","","false","","",""
"3321","Locker 06 - Helmet J","locker_helmets","Green","2036-03-01","0","200","IN","","Locker 06","","","2026-04-30T20:36:58.875328+00:00","Locker 06/J","","false","","",""
"3322","Locker 06 - Helmet K","locker_helmets","Green","2036-03-01","0","200","IN","","Locker 06","","","2026-04-30T20:36:58.875328+00:00","Locker 06/K","","false","","",""
"3323","Locker 06 - Helmet L","locker_helmets","Green","2036-03-01","0","200","IN","","Locker 06","","","2026-04-30T20:36:58.875328+00:00","Locker 06/L","","false","","",""
"3324","Locker 07 - Helmet A","locker_helmets","Green","2036-03-01","0","200","IN","","Locker 07","","","2026-04-30T20:36:58.875328+00:00","Locker 07/A","","false","","",""
"3325","Locker 07 - Helmet B","locker_helmets","Green","2036-03-01","0","200","IN","","Locker 07","","","2026-04-30T20:36:58.875328+00:00","Locker 07/B","","false","","",""
"3326","Locker 07 - Helmet C","locker_helmets","Green","2036-03-01","0","200","IN","","Locker 07","","","2026-04-30T20:36:58.875328+00:00","Locker 07/C","","false","","",""
"3327","Locker 07 - Helmet D","locker_helmets","Green","2036-03-01","0","200","IN","","Locker 07","","","2026-04-30T20:36:58.875328+00:00","Locker 07/D","","false","","",""
"3328","Locker 07 - Helmet E","locker_helmets","Green","2036-03-01","0","200","IN","","Locker 07","","","2026-04-30T20:36:58.875328+00:00","Locker 07/E","","false","","",""
"3329","Locker 07 - Helmet F","locker_helmets","Green","2036-03-01","0","200","IN","","Locker 07","","","2026-04-30T20:36:58.875328+00:00","Locker 07/F","","false","","",""
"3330","Locker 07 - Helmet G","locker_helmets","Green","2036-03-01","0","200","IN","","Locker 07","","","2026-04-30T20:36:58.875328+00:00","Locker 07/G","","false","","",""
"3331","Locker 07 - Helmet H","locker_helmets","Green","2036-03-01","0","200","IN","","Locker 07","","","2026-04-30T20:36:58.875328+00:00","Locker 07/H","","false","","",""
"3332","Locker 07 - Helmet I","locker_helmets","Green","2036-03-01","0","200","IN","","Locker 07","","","2026-04-30T20:36:58.875328+00:00","Locker 07/I","","false","","",""
"3333","Locker 07 - Helmet J","locker_helmets","Green","2036-03-01","0","200","IN","","Locker 07","","","2026-04-30T20:36:58.875328+00:00","Locker 07/J","","false","","",""
"3334","Locker 07 - Helmet K","locker_helmets","Green","2036-03-01","0","200","IN","","Locker 07","","","2026-04-30T20:36:58.875328+00:00","Locker 07/K","","false","","",""
"3335","Locker 07 - Helmet L","locker_helmets","Green","2036-03-01","0","200","IN","","Locker 07","","","2026-04-30T20:36:58.875328+00:00","Locker 07/L","","false","","",""
"3336","Locker 08 - Helmet A","locker_helmets","Green","2036-03-01","0","200","IN","","Locker 08","","","2026-04-30T20:36:58.875328+00:00","Locker 08/A","","false","","",""
"3337","Locker 08 - Helmet B","locker_helmets","Green","2036-03-01","0","200","IN","","Locker 08","","","2026-04-30T20:36:58.875328+00:00","Locker 08/B","","false","","",""
"3338","Locker 08 - Helmet C","locker_helmets","Green","2036-03-01","0","200","IN","","Locker 08","","","2026-04-30T20:36:58.875328+00:00","Locker 08/C","","false","","",""
"3339","Locker 08 - Helmet D","locker_helmets","Green","2036-03-01","0","200","IN","","Locker 08","","","2026-04-30T20:36:58.875328+00:00","Locker 08/D","","false","","",""
"3340","Locker 08 - Helmet E","locker_helmets","Green","2036-03-01","0","200","IN","","Locker 08","","","2026-04-30T20:36:58.875328+00:00","Locker 08/E","","false","","",""
"3341","Locker 08 - Helmet F","locker_helmets","Green","2036-03-01","0","200","IN","","Locker 08","","","2026-04-30T20:36:58.875328+00:00","Locker 08/F","","false","","",""
"3342","Locker 08 - Helmet G","locker_helmets","Green","2036-03-01","0","200","IN","","Locker 08","","","2026-04-30T20:36:58.875328+00:00","Locker 08/G","","false","","",""
"3343","Locker 08 - Helmet H","locker_helmets","Green","2036-03-01","0","200","IN","","Locker 08","","","2026-04-30T20:36:58.875328+00:00","Locker 08/H","","false","","",""
"3344","Locker 08 - Helmet I","locker_helmets","Green","2036-03-01","0","200","IN","","Locker 08","","","2026-04-30T20:36:58.875328+00:00","Locker 08/I","","false","","",""
"3345","Locker 08 - Helmet J","locker_helmets","Green","2036-03-01","0","200","IN","","Locker 08","","","2026-04-30T20:36:58.875328+00:00","Locker 08/J","","false","","",""
"3346","Locker 08 - Helmet K","locker_helmets","Green","2036-03-01","0","200","IN","","Locker 08","","","2026-04-30T20:36:58.875328+00:00","Locker 08/K","","false","","",""
"3347","Locker 08 - Helmet L","locker_helmets","Green","2036-03-01","0","200","IN","","Locker 08","","","2026-04-30T20:36:58.875328+00:00","Locker 08/L","","false","","",""
"3348","Locker 09 - Helmet A","locker_helmets","Green","2036-03-01","0","200","IN","","Locker 09","","","2026-04-30T20:36:58.875328+00:00","Locker 09/A","","false","","",""
"3349","Locker 09 - Helmet B","locker_helmets","Green","2036-03-01","0","200","IN","","Locker 09","","","2026-04-30T20:36:58.875328+00:00","Locker 09/B","","false","","",""
"3350","Locker 09 - Helmet C","locker_helmets","Green","2036-03-01","0","200","IN","","Locker 09","","","2026-04-30T20:36:58.875328+00:00","Locker 09/C","","false","","",""
"3351","Locker 09 - Helmet D","locker_helmets","Green","2036-03-01","0","200","IN","","Locker 09","","","2026-04-30T20:36:58.875328+00:00","Locker 09/D","","false","","",""
"3352","Locker 09 - Helmet E","locker_helmets","Green","2036-03-01","0","200","IN","","Locker 09","","","2026-04-30T20:36:58.875328+00:00","Locker 09/E","","false","","",""
"3353","Locker 09 - Helmet F","locker_helmets","Green","2036-03-01","0","200","IN","","Locker 09","","","2026-04-30T20:36:58.875328+00:00","Locker 09/F","","false","","",""
"3354","Locker 09 - Helmet G","locker_helmets","Green","2036-03-01","0","200","IN","","Locker 09","","","2026-04-30T20:36:58.875328+00:00","Locker 09/G","","false","","",""
"3355","Locker 09 - Helmet H","locker_helmets","Green","2036-03-01","0","200","IN","","Locker 09","","","2026-04-30T20:36:58.875328+00:00","Locker 09/H","","false","","",""
"3356","Locker 09 - Helmet I","locker_helmets","Green","2036-03-01","0","200","IN","","Locker 09","","","2026-04-30T20:36:58.875328+00:00","Locker 09/I","","false","","",""
"3357","Locker 09 - Helmet J","locker_helmets","Green","2036-03-01","0","200","IN","","Locker 09","","","2026-04-30T20:36:58.875328+00:00","Locker 09/J","","false","","",""
"3358","Locker 09 - Helmet K","locker_helmets","Green","2036-03-01","0","200","IN","","Locker 09","","","2026-04-30T20:36:58.875328+00:00","Locker 09/K","","false","","",""
"3359","Locker 09 - Helmet L","locker_helmets","Green","2036-03-01","0","200","IN","","Locker 09","","","2026-04-30T20:36:58.875328+00:00","Locker 09/L","","false","","",""
"3360","Locker 10 - Helmet A","locker_helmets","Green","2036-03-01","0","200","IN","","Locker 10","","","2026-04-30T20:36:58.875328+00:00","Locker 10/A","","false","","",""
"3361","Locker 10 - Helmet B","locker_helmets","Green","2036-03-01","0","200","IN","","Locker 10","","","2026-04-30T20:36:58.875328+00:00","Locker 10/B","","false","","",""
"3362","Locker 10 - Helmet C","locker_helmets","Green","2036-03-01","0","200","IN","","Locker 10","","","2026-04-30T20:36:58.875328+00:00","Locker 10/C","","false","","",""
"3363","Locker 10 - Helmet D","locker_helmets","Green","2036-03-01","0","200","IN","","Locker 10","","","2026-04-30T20:36:58.875328+00:00","Locker 10/D","","false","","",""
"3364","Locker 10 - Helmet E","locker_helmets","Green","2036-03-01","0","200","IN","","Locker 10","","","2026-04-30T20:36:58.875328+00:00","Locker 10/E","","false","","",""
"3365","Locker 10 - Helmet F","locker_helmets","Green","2036-03-01","0","200","IN","","Locker 10","","","2026-04-30T20:36:58.875328+00:00","Locker 10/F","","false","","",""
"3366","Locker 10 - Helmet G","locker_helmets","Green","2036-03-01","0","200","IN","","Locker 10","","","2026-04-30T20:36:58.875328+00:00","Locker 10/G","","false","","",""
"3367","Locker 10 - Helmet H","locker_helmets","Green","2036-03-01","0","200","IN","","Locker 10","","","2026-04-30T20:36:58.875328+00:00","Locker 10/H","","false","","",""
"3368","Locker 10 - Helmet I","locker_helmets","Green","2036-03-01","0","200","IN","","Locker 10","","","2026-04-30T20:36:58.875328+00:00","Locker 10/I","","false","","",""
"3369","Locker 10 - Helmet J","locker_helmets","Green","2036-03-01","0","200","IN","","Locker 10","","","2026-04-30T20:36:58.875328+00:00","Locker 10/J","","false","","",""
"3370","Locker 10 - Helmet K","locker_helmets","Green","2036-03-01","0","200","IN","","Locker 10","","","2026-04-30T20:36:58.875328+00:00","Locker 10/K","","false","","",""
"3371","Locker 10 - Helmet L","locker_helmets","Green","2036-03-01","0","200","IN","","Locker 10","","","2026-04-30T20:36:58.875328+00:00","Locker 10/L","","false","","",""
"3372","Locker 11 - Helmet A","locker_helmets","Green","2036-03-01","0","200","IN","","Locker 11","","","2026-04-30T20:36:58.875328+00:00","Locker 11/A","","false","","",""
"3373","Locker 11 - Helmet B","locker_helmets","Green","2036-03-01","0","200","IN","","Locker 11","","","2026-04-30T20:36:58.875328+00:00","Locker 11/B","","false","","",""
"3374","Locker 11 - Helmet C","locker_helmets","Green","2036-03-01","0","200","IN","","Locker 11","","","2026-04-30T20:36:58.875328+00:00","Locker 11/C","","false","","",""
"3375","Locker 11 - Helmet D","locker_helmets","Green","2036-03-01","0","200","IN","","Locker 11","","","2026-04-30T20:36:58.875328+00:00","Locker 11/D","","false","","",""
"3376","Locker 11 - Helmet E","locker_helmets","Green","2036-03-01","0","200","IN","","Locker 11","","","2026-04-30T20:36:58.875328+00:00","Locker 11/E","","false","","",""
"3377","Locker 11 - Helmet F","locker_helmets","Green","2036-03-01","0","200","IN","","Locker 11","","","2026-04-30T20:36:58.875328+00:00","Locker 11/F","","false","","",""
"3378","Locker 11 - Helmet G","locker_helmets","Green","2036-03-01","0","200","IN","","Locker 11","","","2026-04-30T20:36:58.875328+00:00","Locker 11/G","","false","","",""
"3379","Locker 11 - Helmet H","locker_helmets","Green","2036-03-01","0","200","IN","","Locker 11","","","2026-04-30T20:36:58.875328+00:00","Locker 11/H","","false","","",""
"3380","Locker 11 - Helmet I","locker_helmets","Green","2036-03-01","0","200","IN","","Locker 11","","","2026-04-30T20:36:58.875328+00:00","Locker 11/I","","false","","",""
"3381","Locker 11 - Helmet J","locker_helmets","Green","2036-03-01","0","200","IN","","Locker 11","","","2026-04-30T20:36:58.875328+00:00","Locker 11/J","","false","","",""
"3382","Locker 11 - Helmet K","locker_helmets","Green","2036-03-01","0","200","IN","","Locker 11","","","2026-04-30T20:36:58.875328+00:00","Locker 11/K","","false","","",""
"3383","Locker 11 - Helmet L","locker_helmets","Green","2036-03-01","0","200","IN","","Locker 11","","","2026-04-30T20:36:58.875328+00:00","Locker 11/L","","false","","",""
"3384","Locker 12 - Helmet A","locker_helmets","Green","2036-03-01","0","200","IN","","Locker 12","","","2026-04-30T20:36:58.875328+00:00","Locker 12/A","","false","","",""
"3385","Locker 12 - Helmet B","locker_helmets","Green","2036-03-01","0","200","IN","","Locker 12","","","2026-04-30T20:36:58.875328+00:00","Locker 12/B","","false","","",""
"3386","Locker 12 - Helmet C","locker_helmets","Green","2036-03-01","0","200","IN","","Locker 12","","","2026-04-30T20:36:58.875328+00:00","Locker 12/C","","false","","",""
"3387","Locker 12 - Helmet D","locker_helmets","Green","2036-03-01","0","200","IN","","Locker 12","","","2026-04-30T20:36:58.875328+00:00","Locker 12/D","","false","","",""
"3388","Locker 12 - Helmet E","locker_helmets","Green","2036-03-01","0","200","IN","","Locker 12","","","2026-04-30T20:36:58.875328+00:00","Locker 12/E","","false","","",""
"3389","Locker 12 - Helmet F","locker_helmets","Green","2036-03-01","0","200","IN","","Locker 12","","","2026-04-30T20:36:58.875328+00:00","Locker 12/F","","false","","",""
"3390","Locker 12 - Helmet G","locker_helmets","Green","2036-03-01","0","200","IN","","Locker 12","","","2026-04-30T20:36:58.875328+00:00","Locker 12/G","","false","","",""
"3391","Locker 12 - Helmet H","locker_helmets","Green","2036-03-01","0","200","IN","","Locker 12","","","2026-04-30T20:36:58.875328+00:00","Locker 12/H","","false","","",""
"3392","Locker 12 - Helmet I","locker_helmets","Green","2036-03-01","0","200","IN","","Locker 12","","","2026-04-30T20:36:58.875328+00:00","Locker 12/I","","false","","",""
"3393","Locker 12 - Helmet J","locker_helmets","Green","2036-03-01","0","200","IN","","Locker 12","","","2026-04-30T20:36:58.875328+00:00","Locker 12/J","","false","","",""
"3394","Locker 12 - Helmet K","locker_helmets","Green","2036-03-01","0","200","IN","","Locker 12","","","2026-04-30T20:36:58.875328+00:00","Locker 12/K","","false","","",""
"3395","Locker 12 - Helmet L","locker_helmets","Green","2036-03-01","0","200","IN","","Locker 12","","","2026-04-30T20:36:58.875328+00:00","Locker 12/L","","false","","",""
"3396","Locker 13 - Helmet A","locker_helmets","Green","2036-03-01","0","200","IN","","Locker 13","","","2026-04-30T20:36:58.875328+00:00","Locker 13/A","","false","","",""
"3397","Locker 13 - Helmet B","locker_helmets","Green","2036-03-01","0","200","IN","","Locker 13","","","2026-04-30T20:36:58.875328+00:00","Locker 13/B","","false","","",""
"3398","Locker 13 - Helmet C","locker_helmets","Green","2036-03-01","0","200","IN","","Locker 13","","","2026-04-30T20:36:58.875328+00:00","Locker 13/C","","false","","",""
"3399","Locker 13 - Helmet D","locker_helmets","Green","2036-03-01","0","200","IN","","Locker 13","","","2026-04-30T20:36:58.875328+00:00","Locker 13/D","","false","","",""
"3400","Locker 13 - Helmet E","locker_helmets","Green","2036-03-01","0","200","IN","","Locker 13","","","2026-04-30T20:36:58.875328+00:00","Locker 13/E","","false","","",""
"3401","Locker 13 - Helmet F","locker_helmets","Green","2036-03-01","0","200","IN","","Locker 13","","","2026-04-30T20:36:58.875328+00:00","Locker 13/F","","false","","",""
"3402","Locker 13 - Helmet G","locker_helmets","Green","2036-03-01","0","200","IN","","Locker 13","","","2026-04-30T20:36:58.875328+00:00","Locker 13/G","","false","","",""
"3403","Locker 13 - Helmet H","locker_helmets","Green","2036-03-01","0","200","IN","","Locker 13","","","2026-04-30T20:36:58.875328+00:00","Locker 13/H","","false","","",""
"3404","Locker 13 - Helmet I","locker_helmets","Green","2036-03-01","0","200","IN","","Locker 13","","","2026-04-30T20:36:58.875328+00:00","Locker 13/I","","false","","",""
"3405","Locker 13 - Helmet J","locker_helmets","Green","2036-03-01","0","200","IN","","Locker 13","","","2026-04-30T20:36:58.875328+00:00","Locker 13/J","","false","","",""
"3406","Locker 13 - Helmet K","locker_helmets","Green","2036-03-01","0","200","IN","","Locker 13","","","2026-04-30T20:36:58.875328+00:00","Locker 13/K","","false","","",""
"3407","Locker 13 - Helmet L","locker_helmets","Green","2036-03-01","0","200","IN","","Locker 13","","","2026-04-30T20:36:58.875328+00:00","Locker 13/L","","false","","",""
"3408","Locker 14 - Helmet A","locker_helmets","Green","2036-03-01","0","200","IN","","Locker 14","","","2026-04-30T20:36:58.875328+00:00","Locker 14/A","","false","","",""
"3409","Locker 14 - Helmet B","locker_helmets","Green","2036-03-01","0","200","IN","","Locker 14","","","2026-04-30T20:36:58.875328+00:00","Locker 14/B","","false","","",""
"3410","Locker 14 - Helmet C","locker_helmets","Green","2036-03-01","0","200","IN","","Locker 14","","","2026-04-30T20:36:58.875328+00:00","Locker 14/C","","false","","",""
"3411","Locker 14 - Helmet D","locker_helmets","Green","2036-03-01","0","200","IN","","Locker 14","","","2026-04-30T20:36:58.875328+00:00","Locker 14/D","","false","","",""
"3412","Locker 14 - Helmet E","locker_helmets","Green","2036-03-01","0","200","IN","","Locker 14","","","2026-04-30T20:36:58.875328+00:00","Locker 14/E","","false","","",""
"3413","Locker 14 - Helmet F","locker_helmets","Green","2036-03-01","0","200","IN","","Locker 14","","","2026-04-30T20:36:58.875328+00:00","Locker 14/F","","false","","",""
"3414","Locker 14 - Helmet G","locker_helmets","Green","2036-03-01","0","200","IN","","Locker 14","","","2026-04-30T20:36:58.875328+00:00","Locker 14/G","","false","","",""
"3415","Locker 14 - Helmet H","locker_helmets","Green","2036-03-01","0","200","IN","","Locker 14","","","2026-04-30T20:36:58.875328+00:00","Locker 14/H","","false","","",""
"3416","Locker 14 - Helmet I","locker_helmets","Green","2036-03-01","0","200","IN","","Locker 14","","","2026-04-30T20:36:58.875328+00:00","Locker 14/I","","false","","",""
"3417","Locker 14 - Helmet J","locker_helmets","Green","2036-03-01","0","200","IN","","Locker 14","","","2026-04-30T20:36:58.875328+00:00","Locker 14/J","","false","","",""
"3418","Locker 14 - Helmet K","locker_helmets","Green","2036-03-01","0","200","IN","","Locker 14","","","2026-04-30T20:36:58.875328+00:00","Locker 14/K","","false","","",""
"3419","Locker 14 - Helmet L","locker_helmets","Green","2036-03-01","0","200","IN","","Locker 14","","","2026-04-30T20:36:58.875328+00:00","Locker 14/L","","false","","",""
"3420","Locker 15 - Helmet A","locker_helmets","Green","2036-03-01","0","200","IN","","Locker 15","","","2026-04-30T20:36:58.875328+00:00","Locker 15/A","","false","","",""
"3421","Locker 15 - Helmet B","locker_helmets","Green","2036-03-01","0","200","IN","","Locker 15","","","2026-04-30T20:36:58.875328+00:00","Locker 15/B","","false","","",""
"3422","Locker 15 - Helmet C","locker_helmets","Green","2036-03-01","0","200","IN","","Locker 15","","","2026-04-30T20:36:58.875328+00:00","Locker 15/C","","false","","",""
"3423","Locker 15 - Helmet D","locker_helmets","Green","2036-03-01","0","200","IN","","Locker 15","","","2026-04-30T20:36:58.875328+00:00","Locker 15/D","","false","","",""
"3424","Locker 15 - Helmet E","locker_helmets","Green","2036-03-01","0","200","IN","","Locker 15","","","2026-04-30T20:36:58.875328+00:00","Locker 15/E","","false","","",""
"3425","Locker 15 - Helmet F","locker_helmets","Green","2036-03-01","0","200","IN","","Locker 15","","","2026-04-30T20:36:58.875328+00:00","Locker 15/F","","false","","",""
"3426","Locker 15 - Helmet G","locker_helmets","Green","2036-03-01","0","200","IN","","Locker 15","","","2026-04-30T20:36:58.875328+00:00","Locker 15/G","","false","","",""
"3427","Locker 15 - Helmet H","locker_helmets","Green","2036-03-01","0","200","IN","","Locker 15","","","2026-04-30T20:36:58.875328+00:00","Locker 15/H","","false","","",""
"3428","Locker 15 - Helmet I","locker_helmets","Green","2036-03-01","0","200","IN","","Locker 15","","","2026-04-30T20:36:58.875328+00:00","Locker 15/I","","false","","",""
"3429","Locker 15 - Helmet J","locker_helmets","Green","2036-03-01","0","200","IN","","Locker 15","","","2026-04-30T20:36:58.875328+00:00","Locker 15/J","","false","","",""
"3430","Locker 15 - Helmet K","locker_helmets","Green","2036-03-01","0","200","IN","","Locker 15","","","2026-04-30T20:36:58.875328+00:00","Locker 15/K","","false","","",""
"3431","Locker 15 - Helmet L","locker_helmets","Green","2036-03-01","0","200","IN","","Locker 15","","","2026-04-30T20:36:58.875328+00:00","Locker 15/L","","false","","",""
"3432","Locker 16 - Helmet A","locker_helmets","Green","2036-03-01","0","200","IN","","Locker 16","","","2026-04-30T20:36:58.875328+00:00","Locker 16/A","","false","","",""
"3433","Locker 16 - Helmet B","locker_helmets","Green","2036-03-01","0","200","IN","","Locker 16","","","2026-04-30T20:36:58.875328+00:00","Locker 16/B","","false","","",""
"3434","Locker 16 - Helmet C","locker_helmets","Green","2036-03-01","0","200","IN","","Locker 16","","","2026-04-30T20:36:58.875328+00:00","Locker 16/C","","false","","",""
"3435","Locker 16 - Helmet D","locker_helmets","Green","2036-03-01","0","200","IN","","Locker 16","","","2026-04-30T20:36:58.875328+00:00","Locker 16/D","","false","","",""
"3436","Locker 16 - Helmet E","locker_helmets","Green","2036-03-01","0","200","IN","","Locker 16","","","2026-04-30T20:36:58.875328+00:00","Locker 16/E","","false","","",""
"3437","Locker 16 - Helmet F","locker_helmets","Green","2036-03-01","0","200","IN","","Locker 16","","","2026-04-30T20:36:58.875328+00:00","Locker 16/F","","false","","",""
"3438","Locker 16 - Helmet G","locker_helmets","Green","2036-03-01","0","200","IN","","Locker 16","","","2026-04-30T20:36:58.875328+00:00","Locker 16/G","","false","","",""
"3439","Locker 16 - Helmet H","locker_helmets","Green","2036-03-01","0","200","IN","","Locker 16","","","2026-04-30T20:36:58.875328+00:00","Locker 16/H","","false","","",""
"3440","Locker 16 - Helmet I","locker_helmets","Green","2036-03-01","0","200","IN","","Locker 16","","","2026-04-30T20:36:58.875328+00:00","Locker 16/I","","false","","",""
"3441","Locker 16 - Helmet J","locker_helmets","Green","2036-03-01","0","200","IN","","Locker 16","","","2026-04-30T20:36:58.875328+00:00","Locker 16/J","","false","","",""
"3442","Locker 16 - Helmet K","locker_helmets","Green","2036-03-01","0","200","IN","","Locker 16","","","2026-04-30T20:36:58.875328+00:00","Locker 16/K","","false","","",""
"3443","Locker 16 - Helmet L","locker_helmets","Green","2036-03-01","0","200","IN","","Locker 16","","","2026-04-30T20:36:58.875328+00:00","Locker 16/L","","false","","",""
"3444","Locker 17 - Helmet A","locker_helmets","Green","2036-03-01","0","200","IN","","Locker 17","","","2026-04-30T20:36:58.875328+00:00","Locker 17/A","","false","","",""
"3445","Locker 17 - Helmet B","locker_helmets","Green","2036-03-01","0","200","IN","","Locker 17","","","2026-04-30T20:36:58.875328+00:00","Locker 17/B","","false","","",""
"3446","Locker 17 - Helmet C","locker_helmets","Green","2036-03-01","0","200","IN","","Locker 17","","","2026-04-30T20:36:58.875328+00:00","Locker 17/C","","false","","",""
"3447","Locker 17 - Helmet D","locker_helmets","Green","2036-03-01","0","200","IN","","Locker 17","","","2026-04-30T20:36:58.875328+00:00","Locker 17/D","","false","","",""
"3448","Locker 17 - Helmet E","locker_helmets","Green","2036-03-01","0","200","IN","","Locker 17","","","2026-04-30T20:36:58.875328+00:00","Locker 17/E","","false","","",""
"3449","Locker 17 - Helmet F","locker_helmets","Green","2036-03-01","0","200","IN","","Locker 17","","","2026-04-30T20:36:58.875328+00:00","Locker 17/F","","false","","",""
"3450","Locker 17 - Helmet G","locker_helmets","Green","2036-03-01","0","200","IN","","Locker 17","","","2026-04-30T20:36:58.875328+00:00","Locker 17/G","","false","","",""
"3451","Locker 17 - Helmet H","locker_helmets","Green","2036-03-01","0","200","IN","","Locker 17","","","2026-04-30T20:36:58.875328+00:00","Locker 17/H","","false","","",""
"3452","Locker 17 - Helmet I","locker_helmets","Green","2036-03-01","0","200","IN","","Locker 17","","","2026-04-30T20:36:58.875328+00:00","Locker 17/I","","false","","",""
"3453","Locker 17 - Helmet J","locker_helmets","Green","2036-03-01","0","200","IN","","Locker 17","","","2026-04-30T20:36:58.875328+00:00","Locker 17/J","","false","","",""
"3454","Locker 17 - Helmet K","locker_helmets","Green","2036-03-01","0","200","IN","","Locker 17","","","2026-04-30T20:36:58.875328+00:00","Locker 17/K","","false","","",""
"3455","Locker 17 - Helmet L","locker_helmets","Green","2036-03-01","0","200","IN","","Locker 17","","","2026-04-30T20:36:58.875328+00:00","Locker 17/L","","false","","",""
"3456","Locker 18 - Helmet A","locker_helmets","Green","2036-03-01","0","200","IN","","Locker 18","","","2026-04-30T20:36:58.875328+00:00","Locker 18/A","","false","","",""
"3457","Locker 18 - Helmet B","locker_helmets","Green","2036-03-01","0","200","IN","","Locker 18","","","2026-04-30T20:36:58.875328+00:00","Locker 18/B","","false","","",""
"3458","Locker 18 - Helmet C","locker_helmets","Green","2036-03-01","0","200","IN","","Locker 18","","","2026-04-30T20:36:58.875328+00:00","Locker 18/C","","false","","",""
"3459","Locker 18 - Helmet D","locker_helmets","Green","2036-03-01","0","200","IN","","Locker 18","","","2026-04-30T20:36:58.875328+00:00","Locker 18/D","","false","","",""
"3460","Locker 18 - Helmet E","locker_helmets","Green","2036-03-01","0","200","IN","","Locker 18","","","2026-04-30T20:36:58.875328+00:00","Locker 18/E","","false","","",""
"3461","Locker 18 - Helmet F","locker_helmets","Green","2036-03-01","0","200","IN","","Locker 18","","","2026-04-30T20:36:58.875328+00:00","Locker 18/F","","false","","",""
"3462","Locker 18 - Helmet G","locker_helmets","Green","2036-03-01","0","200","IN","","Locker 18","","","2026-04-30T20:36:58.875328+00:00","Locker 18/G","","false","","",""
"3463","Locker 18 - Helmet H","locker_helmets","Green","2036-03-01","0","200","IN","","Locker 18","","","2026-04-30T20:36:58.875328+00:00","Locker 18/H","","false","","",""
"3464","Locker 18 - Helmet I","locker_helmets","Green","2036-03-01","0","200","IN","","Locker 18","","","2026-04-30T20:36:58.875328+00:00","Locker 18/I","","false","","",""
"3465","Locker 18 - Helmet J","locker_helmets","Green","2036-03-01","0","200","IN","","Locker 18","","","2026-04-30T20:36:58.875328+00:00","Locker 18/J","","false","","",""
"3466","Locker 18 - Helmet K","locker_helmets","Green","2036-03-01","0","200","IN","","Locker 18","","","2026-04-30T20:36:58.875328+00:00","Locker 18/K","","false","","",""
"3467","Locker 18 - Helmet L","locker_helmets","Green","2036-03-01","0","200","IN","","Locker 18","","","2026-04-30T20:36:58.875328+00:00","Locker 18/L","","false","","",""
"3468","High Rope Visitor Helmet 1","hr_helmets","Green","2036-04-30","0","200","IN","","High Ropes Shed","","","2026-04-30T20:36:58.875328+00:00","HR-VH-01","","false","","",""
"3469","High Rope Visitor Helmet 2","hr_helmets","Green","2036-04-30","0","200","IN","","High Ropes Shed","","","2026-04-30T20:36:58.875328+00:00","HR-VH-02","","false","","",""
"3470","High Rope Visitor Helmet 3","hr_helmets","Green","2036-04-30","0","200","IN","","High Ropes Shed","","","2026-04-30T20:36:58.875328+00:00","HR-VH-03","","false","","",""
"3471","Locker 12 Dry Bag 2","locker_dry_bags","Green","","0","200","IN","","Locker 12","","","2026-04-30T20:36:58.875328+00:00","Locker 12-DB2","","false","","",""
"3472","Locker 13 Dry Bag 2","locker_dry_bags","Green","","0","200","IN","","Locker 13","","","2026-04-30T20:36:58.875328+00:00","Locker 13-DB2","","false","","",""
"3473","Locker 14 Dry Bag 2","locker_dry_bags","Green","","0","200","IN","","Locker 14","","","2026-04-30T20:36:58.875328+00:00","Locker 14-DB2","","false","","",""
"3474","Locker 15 Dry Bag 2","locker_dry_bags","Green","","0","200","IN","","Locker 15","","","2026-04-30T20:36:58.875328+00:00","Locker 15-DB2","","false","","",""
"3475","Locker 16 Dry Bag 2","locker_dry_bags","Green","","0","200","IN","","Locker 16","","","2026-04-30T20:36:58.875328+00:00","Locker 16-DB2","","false","","",""
"3476","Locker 17 Dry Bag 2","locker_dry_bags","Green","","0","200","IN","","Locker 17","","","2026-04-30T20:36:58.875328+00:00","Locker 17-DB2","","false","","",""
"3477","Locker 18 Dry Bag 2","locker_dry_bags","Green","","0","200","IN","","Locker 18","","","2026-04-30T20:36:58.875328+00:00","Locker 18-DB2","","false","","",""
"1235","03 - Tech White water Rewind Small – Yellow","whitewater_kayaks","Green","2051-04-22","4","6843","OUT","","Cage Yardside","","","2026-04-29T03:33:18.042269+00:00","White water boat - 03 - Yellow","S","false","","",""
"1236","09 - Tech White water RPM medium – Green/Blue","whitewater_kayaks","Green","2051-04-22","0","6843","IN","","Cage Yardside","","","2026-04-29T03:33:18.042269+00:00","White water boat - 09 - Green/Blue","M","false","","",""
"1237","10 - Tech White water Rewind medium – White/Red","whitewater_kayaks","Green","2051-04-22","2","6843","IN","","Cage Yardside","","","2026-04-29T03:33:18.042269+00:00","White water boat - 10 - White/Red","M","false","","",""
"1238","11 - Tech White water Axiom 8.5– Black/Green","whitewater_kayaks","Green","2051-04-22","0","6843","IN","","Cage Yardside","","","2026-04-29T03:33:18.042269+00:00","White water boat - 11 - Black/Green","M","false","","",""
"1239","12 - Tech White water Rewind Medium– Yellow/Blue","whitewater_kayaks","Green","2051-04-22","3","6843","OUT","","Cage Yardside","","","2026-04-29T03:33:18.042269+00:00","White water boat - 12 - Yellow/Blue","M","false","","",""
"1240","13 - Tech White water Axiom 8.5 Medium– Red/Black","whitewater_kayaks","Green","2051-04-22","6","6843","IN","","Cage Yardside","","","2026-04-29T03:33:18.042269+00:00","White water boat - 13 - Red/Black","M","false","","",""
"1241","15 - Tech White water Rewind Medium– White/Green","whitewater_kayaks","Green","2051-04-22","4","6843","IN","","Cage Yardside","","","2026-04-29T03:33:18.042269+00:00","White water boat - 15 - White/Green","M","false","","",""
"1242","16 - Tech White water Axiom 8.5 Medium– Blue/Black","whitewater_kayaks","Green","2051-04-22","0","6843","IN","","Cage Yardside","","","2026-04-29T03:33:18.042269+00:00","White water boat - 16 - Blue/Black","M","false","","",""
"1243","17 - Tech White water RPM Medium– Green/Red","whitewater_kayaks","Green","2051-04-22","0","6843","IN","","Cage Yardside","","","2026-04-29T03:33:18.042269+00:00","White water boat - 17 - Green/Red","M","false","","",""
"1244","18 - Tech White water Axiom 8.5 Medium– Yellow/Green","whitewater_kayaks","Green","2051-04-22","2","6843","IN","","Cage Yardside","","","2026-04-29T03:33:18.042269+00:00","White water boat - 18 - Yellow/Green","M","false","","",""
"1245","19 - Tech White water RPM Medium– White/Blue","whitewater_kayaks","Green","2051-04-22","0","6843","IN","","Cage Yardside","","","2026-04-29T03:33:18.042269+00:00","White water boat - 19 - White/Blue","M","false","","",""
"1246","20 - Tech White water Axiom 8.5 Medium– Yellow/Black","whitewater_kayaks","Green","2051-04-22","0","6843","IN","","Cage Yardside","","","2026-04-29T03:33:18.042269+00:00","White water boat - 20 - Yellow/Black","M","false","","",""
"1247","21 - Tech White water Axiom 8.5 Medium– Yellow/White","whitewater_kayaks","Green","2051-04-22","0","6843","IN","","Cage Yardside","","","2026-04-29T03:33:18.042269+00:00","White water boat - 21 - Yellow/White","M","false","","",""
"1248","22 - Tech White water Rewind Medium– Black/White/Yellow","whitewater_kayaks","Green","2051-04-22","6","6843","IN","","Cage Yardside","","","2026-04-29T03:33:18.042269+00:00","White water boat - 22 - Black/White/Yellow","M","false","","",""
"1249","24 - Tech White water Rewind Medium– Black/White/Blue","whitewater_kayaks","Green","2051-02-24","4","6843","IN","","Cage Yardside","","","2026-04-29T03:33:18.042269+00:00","White water boat - 24 - Black/White/Blue","M","false","","",""
"1254","34 - Tech White water Rewind Large– Black/Yellow/Blue","whitewater_kayaks","Green","2051-04-22","2","6843","IN","","Cage Yardside","","","2026-04-29T03:33:18.042269+00:00","White water boat - 34 - Black/Yellow/Blue","L","false","","",""
"1255","35 - Tech White water Axiom 9 Large– Black/Yellow/Green","whitewater_kayaks","Green","2051-04-22","0","6843","IN","","Cage Yardside","","","2026-04-29T03:33:18.042269+00:00","White water boat - 35 - Black/Yellow/Green","L","false","","",""
"1256","36 - Tech White water RPM Max Large– Black/Red/Blue","whitewater_kayaks","Green","2051-04-22","0","6843","IN","","Cage Yardside","","","2026-04-29T03:33:18.042269+00:00","White water boat - 36 - Black/Red/Blue","L","false","","",""
"1257","14 - Tech White water Sonic Medium– Blue/Red","whitewater_kayaks","Green","2051-04-22","0","6843","IN","","Cage Yardside","","","2026-04-29T03:33:18.042269+00:00","White water boat - 14 - Blue/Red","M","false","","",""
"1258","23- Tech White water Bandit Medium– Black/White/Red","whitewater_kayaks","Green","2051-04-22","0","6843","IN","","Cage Yardside","","","2026-04-29T03:33:18.042269+00:00","White water boat - 23 - Black/White/Red","M","false","","",""
"2966","Climbing Shoes — 14","cat_climbing_shoes","Green","","0","0","IN","","Climbing Wall","","","2026-04-30T01:14:46.407725+00:00","","14","true","1","1",""
"2967","Climbing Shoes — 13","cat_climbing_shoes","Green","","0","0","IN","","Climbing Wall","","","2026-04-30T01:14:56.567784+00:00","","13","true","1","1",""
"2968","Climbing Shoes — 12","cat_climbing_shoes","Green","","0","0","IN","","Climbing Wall","","","2026-04-30T01:15:03.585221+00:00","","12","true","5","5",""
"2969","Climbing Shoes — 11","cat_climbing_shoes","Green","","0","0","IN","","Climbing Wall","","","2026-04-30T01:15:11.217318+00:00","","11","true","5","5",""
"2970","Climbing Shoes — 10","cat_climbing_shoes","Green","","0","0","IN","","Climbing Wall","","","2026-04-30T01:15:16.669759+00:00","","10","true","6","6",""
"2971","Climbing Shoes — 9","cat_climbing_shoes","Green","","0","0","IN","","Climbing Wall","","","2026-04-30T01:15:21.032304+00:00","","9","true","5","5",""
"2972","Climbing Shoes — 8","cat_climbing_shoes","Green","","0","0","IN","","Climbing Wall","","","2026-04-30T01:15:25.391894+00:00","","8","true","5","5",""
"2973","Climbing Shoes — 7","cat_climbing_shoes","Green","","0","0","IN","","Climbing Wall","","","2026-04-30T01:15:33.863147+00:00","","7","true","5","5",""
"2974","Climbing Shoes — 6","cat_climbing_shoes","Green","","0","0","IN","","Climbing Wall","","","2026-04-30T01:15:40.002389+00:00","","6","true","3","3",""
"2975","Climbing Shoes — 5","cat_climbing_shoes","Green","","0","0","IN","","Climbing Wall","","","2026-04-30T01:15:44.935048+00:00","","5","true","2","2",""
"2981","Caving Jackets — 2XL","cat_caving_jackets","Green","","0","0","IN","","","","","2026-04-30T01:19:15.675472+00:00","","2XL","true","0","1",""
"3478","Caving Jackets — 3XL","cat_caving_jackets","Green","","0","200","IN","","Resource Centre Clothes Rack","","","2026-04-30T20:36:58.875328+00:00","","3XL","true","1","1",""
"3479","Pool Maverick #1","cat_mavericks","Green","","0","200","IN","","Pool","","","2026-04-30T20:36:58.875328+00:00","TX-CAT_MAVE-001","","false","","",""
"3480","Pool Maverick #2","cat_mavericks","Green","","0","200","IN","","Pool","","","2026-04-30T20:36:58.875328+00:00","TX-CAT_MAVE-002","","false","","",""
"3481","Pool Maverick #3","cat_mavericks","Green","","0","200","IN","","Pool","","","2026-04-30T20:36:58.875328+00:00","TX-CAT_MAVE-003","","false","","",""
"3482","Pool Maverick #4","cat_mavericks","Green","","0","200","IN","","Pool","","","2026-04-30T20:36:58.875328+00:00","TX-CAT_MAVE-004","","false","","",""
"3483","Pool Maverick #5","cat_mavericks","Green","","0","200","IN","","Pool","","","2026-04-30T20:36:58.875328+00:00","TX-CAT_MAVE-005","","false","","",""
"3484","Pool Maverick #6","cat_mavericks","Green","","0","200","IN","","Pool","","","2026-04-30T20:36:58.875328+00:00","TX-CAT_MAVE-006","","false","","",""
"3485","Pool Maverick #7","cat_mavericks","Green","","0","200","IN","","Pool","","","2026-04-30T20:36:58.875328+00:00","TX-CAT_MAVE-007","","false","","",""
"3486","Pool Maverick #8","cat_mavericks","Green","","0","200","IN","","Pool","","","2026-04-30T20:36:58.875328+00:00","TX-CAT_MAVE-008","","false","","",""
"3487","Pool Maverick #9","cat_mavericks","Green","","0","200","IN","","Pool","","","2026-04-30T20:36:58.875328+00:00","TX-CAT_MAVE-009","","false","","",""
"3488","Pool Maverick #10","cat_mavericks","Green","","0","200","IN","","Pool","","","2026-04-30T20:36:58.875328+00:00","TX-CAT_MAVE-010","","false","","",""
"3489","Pool Maverick #11","cat_mavericks","Green","","0","200","IN","","Pool","","","2026-04-30T20:36:58.875328+00:00","TX-CAT_MAVE-011","","false","","",""
"3490","Pool Maverick #12","cat_mavericks","Green","","0","200","IN","","Pool","","","2026-04-30T20:36:58.875328+00:00","TX-CAT_MAVE-012","","false","","",""
"3491","Pool Maverick #13","cat_mavericks","Green","","0","200","IN","","Pool","","","2026-04-30T20:36:58.875328+00:00","TX-CAT_MAVE-013","","false","","",""
"3492","Pool Canoe","cat_canoes","Green","","0","200","IN","","Pool","","","2026-04-30T20:36:58.875328+00:00","TX-CAT_CANO-001","","false","","",""
"3493","Pool Sit On Top Large #1","cat_sit_on_tops","Green","","0","200","IN","Large","Pool","","","2026-04-30T20:36:58.875328+00:00","TX-CAT_SIT_-001","","false","","",""
"3494","Pool Sit On Top Large #2","cat_sit_on_tops","Green","","0","200","IN","Large","Pool","","","2026-04-30T20:36:58.875328+00:00","TX-CAT_SIT_-002","","false","","",""
"3495","Pool Sit On Top Large #3","cat_sit_on_tops","Green","","0","200","IN","Large","Pool","","","2026-04-30T20:36:58.875328+00:00","TX-CAT_SIT_-003","","false","","",""
"3496","Pool Sea Kayak Single #1","cat_sea_kayaks","Green","","0","200","IN","Single","Pool","","","2026-04-30T20:36:58.875328+00:00","TX-CAT_SEA_-001","","false","","",""
"3497","Pool Sea Kayak Single #2","cat_sea_kayaks","Green","","0","200","IN","Single","Pool","","","2026-04-30T20:36:58.875328+00:00","TX-CAT_SEA_-002","","false","","",""
"3498","Pool Sea Kayak Single #3","cat_sea_kayaks","Green","","0","200","IN","Single","Pool","","","2026-04-30T20:36:58.875328+00:00","TX-CAT_SEA_-003","","false","","",""
"3499","Pool Sea Kayak Single #4","cat_sea_kayaks","Green","","0","200","IN","Single","Pool","","","2026-04-30T20:36:58.875328+00:00","TX-CAT_SEA_-004","","false","","",""
"3500","Pool Sea Kayak Single #5","cat_sea_kayaks","Green","","0","200","IN","Single","Pool","","","2026-04-30T20:36:58.875328+00:00","TX-CAT_SEA_-005","","false","","",""
"3501","Pool Rafting Kayak Double","whitewater_kayaks","Green","","0","200","IN","Double rafting kayak","Pool","","","2026-04-30T20:36:58.875328+00:00","TX-WHITEWAT-001","","false","","",""
"3502","Pool Rafting Kayak Small #1","whitewater_kayaks","Green","","0","200","IN","Small rafting kayak","Pool","","","2026-04-30T20:36:58.875328+00:00","TX-WHITEWAT-002","","false","","",""
"3503","Pool Rafting Kayak Small #2","whitewater_kayaks","Green","","0","200","IN","Small rafting kayak","Pool","","","2026-04-30T20:36:58.875328+00:00","TX-WHITEWAT-003","","false","","",""
"3504","Pool Rafting Kayak Small #3","whitewater_kayaks","Green","","0","200","IN","Small rafting kayak","Pool","","","2026-04-30T20:36:58.875328+00:00","TX-WHITEWAT-004","","false","","",""
"3505","Pool Rafting Kayak Small #4","whitewater_kayaks","Green","","0","200","IN","Small rafting kayak","Pool","","","2026-04-30T20:36:58.875328+00:00","TX-WHITEWAT-005","","false","","",""
"3506","Pool Rafting Kayak Small #5","whitewater_kayaks","Green","","0","200","IN","Small rafting kayak","Pool","","","2026-04-30T20:36:58.875328+00:00","TX-WHITEWAT-006","","false","","",""
"3507","Pool Rafting Kayak Large #1","whitewater_kayaks","Green","","0","200","IN","Large rafting kayak","Pool","","","2026-04-30T20:36:58.875328+00:00","TX-WHITEWAT-007","","false","","",""
"3508","Pool Rafting Kayak Large #2","whitewater_kayaks","Green","","0","200","IN","Large rafting kayak","Pool","","","2026-04-30T20:36:58.875328+00:00","TX-WHITEWAT-008","","false","","",""
"3509","Pool Rafting Kayak Large #3","whitewater_kayaks","Green","","0","200","IN","Large rafting kayak","Pool","","","2026-04-30T20:36:58.875328+00:00","TX-WHITEWAT-009","","false","","",""
"3510","Pool Rafting Kayak Large #4","whitewater_kayaks","Green","","0","200","IN","Large rafting kayak","Pool","","","2026-04-30T20:36:58.875328+00:00","TX-WHITEWAT-010","","false","","",""
"3511","Pool Rafting Kayak Large #5","whitewater_kayaks","Green","","0","200","IN","Large rafting kayak","Pool","","","2026-04-30T20:36:58.875328+00:00","TX-WHITEWAT-011","","false","","",""
"3512","Container 3 Canoe #1","cat_canoes","Green","","0","200","IN","","Container 3","","","2026-04-30T20:36:58.875328+00:00","TX-CAT_CANO-002","","false","","",""
"3513","Container 3 Canoe #2","cat_canoes","Green","","0","200","IN","","Container 3","","","2026-04-30T20:36:58.875328+00:00","TX-CAT_CANO-003","","false","","",""
"3514","Container 3 Canoe #3","cat_canoes","Green","","0","200","IN","","Container 3","","","2026-04-30T20:36:58.875328+00:00","TX-CAT_CANO-004","","false","","",""
"3515","Cage Yardside Rafting Kayak Large #1","whitewater_kayaks","Green","","0","200","IN","Large rafting kayak","Cage Yardside","","","2026-04-30T20:36:58.875328+00:00","TX-WHITEWAT-012","","false","","",""
"3516","Cage Yardside Rafting Kayak Large #2","whitewater_kayaks","Green","","0","200","IN","Large rafting kayak","Cage Yardside","","","2026-04-30T20:36:58.875328+00:00","TX-WHITEWAT-013","","false","","",""
"3517","Cage Yardside Rafting Kayak Large #3","whitewater_kayaks","Green","","0","200","IN","Large rafting kayak","Cage Yardside","","","2026-04-30T20:36:58.875328+00:00","TX-WHITEWAT-014","","false","","",""
"3518","Cage Yardside Rafting Kayak Large #4","whitewater_kayaks","Green","","0","200","IN","Large rafting kayak","Cage Yardside","","","2026-04-30T20:36:58.875328+00:00","TX-WHITEWAT-015","","false","","",""
"3519","Cage Yardside Rafting Kayak Large #5","whitewater_kayaks","Green","","0","200","IN","Large rafting kayak","Cage Yardside","","","2026-04-30T20:36:58.875328+00:00","TX-WHITEWAT-016","","false","","",""
"3520","Cage Yardside Rafting Kayak Large #6","whitewater_kayaks","Green","","0","200","IN","Large rafting kayak","Cage Yardside","","","2026-04-30T20:36:58.875328+00:00","TX-WHITEWAT-017","","false","","",""
"3521","Cage Yardside Rafting Kayak Large #7","whitewater_kayaks","Green","","0","200","IN","Large rafting kayak","Cage Yardside","","","2026-04-30T20:36:58.875328+00:00","TX-WHITEWAT-018","","false","","",""
"3522","Cage Yardside Rafting Kayak Large #8","whitewater_kayaks","Green","","0","200","IN","Large rafting kayak","Cage Yardside","","","2026-04-30T20:36:58.875328+00:00","TX-WHITEWAT-019","","false","","",""
"3523","Cage Yardside Rafting Kayak Large #9","whitewater_kayaks","Green","","0","200","IN","Large rafting kayak","Cage Yardside","","","2026-04-30T20:36:58.875328+00:00","TX-WHITEWAT-020","","false","","",""
"3524","Cage Yardside Rafting Kayak Large #10","whitewater_kayaks","Green","","0","200","IN","Large rafting kayak","Cage Yardside","","","2026-04-30T20:36:58.875328+00:00","TX-WHITEWAT-021","","false","","",""
"3525","Cage Yardside Rafting Kayak Large #11","whitewater_kayaks","Green","","0","200","IN","Large rafting kayak","Cage Yardside","","","2026-04-30T20:36:58.875328+00:00","TX-WHITEWAT-022","","false","","",""
"3526","Cage Yardside Rafting Kayak Large #12","whitewater_kayaks","Green","","0","200","IN","Large rafting kayak","Cage Yardside","","","2026-04-30T20:36:58.875328+00:00","TX-WHITEWAT-023","","false","","",""
"3527","Cage Yardside Rafting Kayak Large #13","whitewater_kayaks","Green","","0","200","IN","Large rafting kayak","Cage Yardside","","","2026-04-30T20:36:58.875328+00:00","TX-WHITEWAT-024","","false","","",""
"3528","Cage Yardside Rafting Kayak Large #14","whitewater_kayaks","Green","","0","200","IN","Large rafting kayak","Cage Yardside","","","2026-04-30T20:36:58.875328+00:00","TX-WHITEWAT-025","","false","","",""
"3529","Cage Yardside Rafting Kayak Large #15","whitewater_kayaks","Green","","0","200","IN","Large rafting kayak","Cage Yardside","","","2026-04-30T20:36:58.875328+00:00","TX-WHITEWAT-026","","false","","",""
"3530","Cage Yardside Rafting Kayak Large #16","whitewater_kayaks","Green","","0","200","IN","Large rafting kayak","Cage Yardside","","","2026-04-30T20:36:58.875328+00:00","TX-WHITEWAT-027","","false","","",""
"3531","Cage Yardside Rafting Kayak Large #17","whitewater_kayaks","Green","","0","200","IN","Large rafting kayak","Cage Yardside","","","2026-04-30T20:36:58.875328+00:00","TX-WHITEWAT-028","","false","","",""
"3532","Cage Yardside Rafting Kayak Large #18","whitewater_kayaks","Green","","0","200","IN","Large rafting kayak","Cage Yardside","","","2026-04-30T20:36:58.875328+00:00","TX-WHITEWAT-029","","false","","",""
"3533","Cage Yardside Rafting Kayak Large #19","whitewater_kayaks","Green","","0","200","IN","Large rafting kayak","Cage Yardside","","","2026-04-30T20:36:58.875328+00:00","TX-WHITEWAT-030","","false","","",""
"3534","Cage Yardside Rafting Kayak Large #20","whitewater_kayaks","Green","","0","200","IN","Large rafting kayak","Cage Yardside","","","2026-04-30T20:36:58.875328+00:00","TX-WHITEWAT-031","","false","","",""
"3535","Cage Yardside Sea Kayak Double #1","cat_sea_kayaks","Green","","0","200","IN","Double","Cage Yardside","","","2026-04-30T20:36:58.875328+00:00","TX-CAT_SEA_-006","","false","","",""
"3536","Cage Yardside Sea Kayak Double #2","cat_sea_kayaks","Green","","0","200","IN","Double","Cage Yardside","","","2026-04-30T20:36:58.875328+00:00","TX-CAT_SEA_-007","","false","","",""
"3537","Cage Yardside Sea Kayak Double #3","cat_sea_kayaks","Green","","0","200","IN","Double","Cage Yardside","","","2026-04-30T20:36:58.875328+00:00","TX-CAT_SEA_-008","","false","","",""
"3538","Cage Yardside Sea Kayak Double #4","cat_sea_kayaks","Green","","0","200","IN","Double","Cage Yardside","","","2026-04-30T20:36:58.875328+00:00","TX-CAT_SEA_-009","","false","","",""
"3539","Cage Yardside Sea Kayak Double #5","cat_sea_kayaks","Green","","0","200","IN","Double","Cage Yardside","","","2026-04-30T20:36:58.875328+00:00","TX-CAT_SEA_-010","","false","","",""
"3540","Cage Yardside Sea Kayak Double #6","cat_sea_kayaks","Green","","0","200","IN","Double","Cage Yardside","","","2026-04-30T20:36:58.875328+00:00","TX-CAT_SEA_-011","","false","","",""
"3541","Cage Yardside Sea Kayak Double #7","cat_sea_kayaks","Green","","0","200","IN","Double","Cage Yardside","","","2026-04-30T20:36:58.875328+00:00","TX-CAT_SEA_-012","","false","","",""
"3542","Cage Yardside Sea Kayak Single","cat_sea_kayaks","Green","","0","200","IN","Single","Cage Yardside","","","2026-04-30T20:36:58.875328+00:00","TX-CAT_SEA_-013","","false","","",""
"3543","Yard Canoe Double #1","cat_canoes","Green","","0","200","IN","Double","Yard","","","2026-04-30T20:36:58.875328+00:00","TX-CAT_CANO-005","","false","","",""
"3544","Yard Canoe Double #2","cat_canoes","Green","","0","200","IN","Double","Yard","","","2026-04-30T20:36:58.875328+00:00","TX-CAT_CANO-006","","false","","",""
"3545","Yard Canoe Double #3","cat_canoes","Green","","0","200","IN","Double","Yard","","","2026-04-30T20:36:58.875328+00:00","TX-CAT_CANO-007","","false","","",""
"3546","Yard Canoe Single #1","cat_canoes","Green","","0","200","IN","Single","Yard","","","2026-04-30T20:36:58.875328+00:00","TX-CAT_CANO-008","","false","","",""
"3547","Yard Canoe Single #2","cat_canoes","Green","","0","200","IN","Single","Yard","","","2026-04-30T20:36:58.875328+00:00","TX-CAT_CANO-009","","false","","",""
"3548","Yard Canoe Single #3","cat_canoes","Green","","0","200","IN","Single","Yard","","","2026-04-30T20:36:58.875328+00:00","TX-CAT_CANO-010","","false","","",""
"3549","Yard Canoe Single #4","cat_canoes","Green","","0","200","IN","Single","Yard","","","2026-04-30T20:36:58.875328+00:00","TX-CAT_CANO-011","","false","","",""
"3550","Yard Canoe Single #5","cat_canoes","Green","","0","200","IN","Single","Yard","","","2026-04-30T20:36:58.875328+00:00","TX-CAT_CANO-012","","false","","",""
"3551","Yard Canoe Single #6","cat_canoes","Green","","0","200","IN","Single","Yard","","","2026-04-30T20:36:58.875328+00:00","TX-CAT_CANO-013","","false","","",""
"3552","Yard Canoe Single #7","cat_canoes","Green","","0","200","IN","Single","Yard","","","2026-04-30T20:36:58.875328+00:00","TX-CAT_CANO-014","","false","","",""
"3553","Yard Canoe Single #8","cat_canoes","Green","","0","200","IN","Single","Yard","","","2026-04-30T20:36:58.875328+00:00","TX-CAT_CANO-015","","false","","",""
"3554","Yard Canoe Single #9","cat_canoes","Green","","0","200","IN","Single","Yard","","","2026-04-30T20:36:58.875328+00:00","TX-CAT_CANO-016","","false","","",""
"3555","Cage Sink side Sit On Top Single #1","cat_sit_on_tops","Green","","0","200","IN","Single","Cage Sink side","","","2026-04-30T20:36:58.875328+00:00","TX-CAT_SIT_-004","","false","","",""
"3556","Cage Sink side Sit On Top Single #2","cat_sit_on_tops","Green","","0","200","IN","Single","Cage Sink side","","","2026-04-30T20:36:58.875328+00:00","TX-CAT_SIT_-005","","false","","",""
"3557","Cage Sink side Sit On Top Single #3","cat_sit_on_tops","Green","","0","200","IN","Single","Cage Sink side","","","2026-04-30T20:36:58.875328+00:00","TX-CAT_SIT_-006","","false","","",""
"3558","Cage Sink side Sit On Top Single #4","cat_sit_on_tops","Green","","0","200","IN","Single","Cage Sink side","","","2026-04-30T20:36:58.875328+00:00","TX-CAT_SIT_-007","","false","","",""
"3559","Cage Sink side Sit On Top Single #5","cat_sit_on_tops","Green","","0","200","IN","Single","Cage Sink side","","","2026-04-30T20:36:58.875328+00:00","TX-CAT_SIT_-008","","false","","",""
"3560","Cage Sink side Sit On Top Single #6","cat_sit_on_tops","Green","","0","200","IN","Single","Cage Sink side","","","2026-04-30T20:36:58.875328+00:00","TX-CAT_SIT_-009","","false","","",""
"3561","Cage Sink side Sit On Top Single #7","cat_sit_on_tops","Green","","0","200","IN","Single","Cage Sink side","","","2026-04-30T20:36:58.875328+00:00","TX-CAT_SIT_-010","","false","","",""
"3562","Cage Sink side Sit On Top Single #8","cat_sit_on_tops","Green","","0","200","IN","Single","Cage Sink side","","","2026-04-30T20:36:58.875328+00:00","TX-CAT_SIT_-011","","false","","",""
"3563","Cage Sink side Sit On Top Single #9","cat_sit_on_tops","Green","","0","200","IN","Single","Cage Sink side","","","2026-04-30T20:36:58.875328+00:00","TX-CAT_SIT_-012","","false","","",""
"3564","Cage Sink side Sit On Top Single #10","cat_sit_on_tops","Green","","0","200","IN","Single","Cage Sink side","","","2026-04-30T20:36:58.875328+00:00","TX-CAT_SIT_-013","","false","","",""
"3565","Cage Sink side Sit On Top Single #11","cat_sit_on_tops","Green","","0","200","IN","Single","Cage Sink side","","","2026-04-30T20:36:58.875328+00:00","TX-CAT_SIT_-014","","false","","",""
"3566","Cage Sink side Sit On Top Single #12","cat_sit_on_tops","Green","","0","200","IN","Single","Cage Sink side","","","2026-04-30T20:36:58.875328+00:00","TX-CAT_SIT_-015","","false","","",""
"3567","Cage Sink side Sit On Top Single #13","cat_sit_on_tops","Green","","0","200","IN","Single","Cage Sink side","","","2026-04-30T20:36:58.875328+00:00","TX-CAT_SIT_-016","","false","","",""
"3568","Cage Sink side Sit On Top Single #14","cat_sit_on_tops","Green","","0","200","IN","Single","Cage Sink side","","","2026-04-30T20:36:58.875328+00:00","TX-CAT_SIT_-017","","false","","",""
"3569","Cage Sink side Sit On Top Single #15","cat_sit_on_tops","Green","","0","200","IN","Single","Cage Sink side","","","2026-04-30T20:36:58.875328+00:00","TX-CAT_SIT_-018","","false","","",""
"3570","Cage Sink side Sit On Top Single #16","cat_sit_on_tops","Green","","0","200","IN","Single","Cage Sink side","","","2026-04-30T20:36:58.875328+00:00","TX-CAT_SIT_-019","","false","","",""
"3571","Cage Sink side Sit On Top Single #17","cat_sit_on_tops","Green","","0","200","IN","Single","Cage Sink side","","","2026-04-30T20:36:58.875328+00:00","TX-CAT_SIT_-020","","false","","",""
"3572","Cage Sink side Sit On Top Single #18","cat_sit_on_tops","Green","","0","200","IN","Single","Cage Sink side","","","2026-04-30T20:36:58.875328+00:00","TX-CAT_SIT_-021","","false","","",""
"3573","Cage Sink side Sit On Top Single #19","cat_sit_on_tops","Green","","0","200","IN","Single","Cage Sink side","","","2026-04-30T20:36:58.875328+00:00","TX-CAT_SIT_-022","","false","","",""
"3574","Cage Sink side Sit On Top Single #20","cat_sit_on_tops","Green","","0","200","IN","Single","Cage Sink side","","","2026-04-30T20:36:58.875328+00:00","TX-CAT_SIT_-023","","false","","",""
"3575","Cage Sink side Sit On Top Single #21","cat_sit_on_tops","Green","","0","200","IN","Single","Cage Sink side","","","2026-04-30T20:36:58.875328+00:00","TX-CAT_SIT_-024","","false","","",""
"3576","Cage Sink side Sit On Top Single #22","cat_sit_on_tops","Green","","0","200","IN","Single","Cage Sink side","","","2026-04-30T20:36:58.875328+00:00","TX-CAT_SIT_-025","","false","","",""
"3577","Cage Sink side Sit On Top Single #23","cat_sit_on_tops","Green","","0","200","IN","Single","Cage Sink side","","","2026-04-30T20:36:58.875328+00:00","TX-CAT_SIT_-026","","false","","",""
"3578","Cage Sink side Sit On Top Single #24","cat_sit_on_tops","Green","","0","200","IN","Single","Cage Sink side","","","2026-04-30T20:36:58.875328+00:00","TX-CAT_SIT_-027","","false","","",""
"3579","Cage Sink side Sit On Top Single #25","cat_sit_on_tops","Green","","0","200","IN","Single","Cage Sink side","","","2026-04-30T20:36:58.875328+00:00","TX-CAT_SIT_-028","","false","","",""
"3580","Cage Yardside Kayak Paddle #1","kayak_paddles","Green","","0","200","IN","","Cage Yardside","","","2026-04-30T20:36:58.875328+00:00","TX-KAYAK_PA-001","","false","","",""
"3581","Cage Yardside Kayak Paddle #2","kayak_paddles","Green","","0","200","IN","","Cage Yardside","","","2026-04-30T20:36:58.875328+00:00","TX-KAYAK_PA-002","","false","","",""
"3582","Cage Yardside Kayak Paddle #3","kayak_paddles","Green","","0","200","IN","","Cage Yardside","","","2026-04-30T20:36:58.875328+00:00","TX-KAYAK_PA-003","","false","","",""
"3583","Cage Yardside Kayak Paddle #4","kayak_paddles","Green","","0","200","IN","","Cage Yardside","","","2026-04-30T20:36:58.875328+00:00","TX-KAYAK_PA-004","","false","","",""
"3584","Cage Yardside Kayak Paddle #5","kayak_paddles","Green","","0","200","IN","","Cage Yardside","","","2026-04-30T20:36:58.875328+00:00","TX-KAYAK_PA-005","","false","","",""
"3585","Cage Yardside Kayak Paddle #6","kayak_paddles","Green","","0","200","IN","","Cage Yardside","","","2026-04-30T20:36:58.875328+00:00","TX-KAYAK_PA-006","","false","","",""
"3586","Cage Yardside Kayak Paddle #7","kayak_paddles","Green","","0","200","IN","","Cage Yardside","","","2026-04-30T20:36:58.875328+00:00","TX-KAYAK_PA-007","","false","","",""
"3587","Cage Yardside Kayak Paddle #8","kayak_paddles","Green","","0","200","IN","","Cage Yardside","","","2026-04-30T20:36:58.875328+00:00","TX-KAYAK_PA-008","","false","","",""
"3588","Cage Yardside Kayak Paddle #9","kayak_paddles","Green","","0","200","IN","","Cage Yardside","","","2026-04-30T20:36:58.875328+00:00","TX-KAYAK_PA-009","","false","","",""
"3589","Cage Yardside Kayak Paddle #10","kayak_paddles","Green","","0","200","IN","","Cage Yardside","","","2026-04-30T20:36:58.875328+00:00","TX-KAYAK_PA-010","","false","","",""
"3590","Cage Yardside Kayak Paddle #11","kayak_paddles","Green","","0","200","IN","","Cage Yardside","","","2026-04-30T20:36:58.875328+00:00","TX-KAYAK_PA-011","","false","","",""
"3591","Cage Yardside Kayak Paddle #12","kayak_paddles","Green","","0","200","IN","","Cage Yardside","","","2026-04-30T20:36:58.875328+00:00","TX-KAYAK_PA-012","","false","","",""
"3592","Cage Yardside Kayak Paddle #13","kayak_paddles","Green","","0","200","IN","","Cage Yardside","","","2026-04-30T20:36:58.875328+00:00","TX-KAYAK_PA-013","","false","","",""
"3593","Cage Yardside Kayak Paddle #14","kayak_paddles","Green","","0","200","IN","","Cage Yardside","","","2026-04-30T20:36:58.875328+00:00","TX-KAYAK_PA-014","","false","","",""
"3594","Cage Yardside Kayak Paddle #15","kayak_paddles","Green","","0","200","IN","","Cage Yardside","","","2026-04-30T20:36:58.875328+00:00","TX-KAYAK_PA-015","","false","","",""
"3595","Cage Sink side Kayak Paddle #1","kayak_paddles","Green","","0","200","IN","","Cage Sink side","","","2026-04-30T20:36:58.875328+00:00","TX-KAYAK_PA-016","","false","","",""
"3596","Cage Sink side Kayak Paddle #2","kayak_paddles","Green","","0","200","IN","","Cage Sink side","","","2026-04-30T20:36:58.875328+00:00","TX-KAYAK_PA-017","","false","","",""
"3597","Cage Sink side Kayak Paddle #3","kayak_paddles","Green","","0","200","IN","","Cage Sink side","","","2026-04-30T20:36:58.875328+00:00","TX-KAYAK_PA-018","","false","","",""
"3598","Cage Sink side Kayak Paddle #4","kayak_paddles","Green","","0","200","IN","","Cage Sink side","","","2026-04-30T20:36:58.875328+00:00","TX-KAYAK_PA-019","","false","","",""
"3599","Cage Sink side Kayak Paddle #5","kayak_paddles","Green","","0","200","IN","","Cage Sink side","","","2026-04-30T20:36:58.875328+00:00","TX-KAYAK_PA-020","","false","","",""
"3600","Cage Sink side Kayak Paddle #6","kayak_paddles","Green","","0","200","IN","","Cage Sink side","","","2026-04-30T20:36:58.875328+00:00","TX-KAYAK_PA-021","","false","","",""
"3601","Cage Sink side Kayak Paddle #7","kayak_paddles","Green","","0","200","IN","","Cage Sink side","","","2026-04-30T20:36:58.875328+00:00","TX-KAYAK_PA-022","","false","","",""
"3602","Cage Sink side Kayak Paddle #8","kayak_paddles","Green","","0","200","IN","","Cage Sink side","","","2026-04-30T20:36:58.875328+00:00","TX-KAYAK_PA-023","","false","","",""
"3603","Cage Sink side Kayak Paddle #9","kayak_paddles","Green","","0","200","IN","","Cage Sink side","","","2026-04-30T20:36:58.875328+00:00","TX-KAYAK_PA-024","","false","","",""
"3604","Cage Sink side Kayak Paddle #10","kayak_paddles","Green","","0","200","IN","","Cage Sink side","","","2026-04-30T20:36:58.875328+00:00","TX-KAYAK_PA-025","","false","","",""
"3605","Cage Sink side Kayak Paddle #11","kayak_paddles","Green","","0","200","IN","","Cage Sink side","","","2026-04-30T20:36:58.875328+00:00","TX-KAYAK_PA-026","","false","","",""
"3606","Cage Sink side Kayak Paddle #12","kayak_paddles","Green","","0","200","IN","","Cage Sink side","","","2026-04-30T20:36:58.875328+00:00","TX-KAYAK_PA-027","","false","","",""
"3607","Cage Sink side Kayak Paddle #13","kayak_paddles","Green","","0","200","IN","","Cage Sink side","","","2026-04-30T20:36:58.875328+00:00","TX-KAYAK_PA-028","","false","","",""
"3608","Cage Sink side Kayak Paddle #14","kayak_paddles","Green","","0","200","IN","","Cage Sink side","","","2026-04-30T20:36:58.875328+00:00","TX-KAYAK_PA-029","","false","","",""
"3609","Cage Sink side Kayak Paddle #15","kayak_paddles","Green","","0","200","IN","","Cage Sink side","","","2026-04-30T20:36:58.875328+00:00","TX-KAYAK_PA-030","","false","","",""
"3610","Cage Sink side Kayak Paddle #16","kayak_paddles","Green","","0","200","IN","","Cage Sink side","","","2026-04-30T20:36:58.875328+00:00","TX-KAYAK_PA-031","","false","","",""
"3611","Cage Sink side Kayak Paddle #17","kayak_paddles","Green","","0","200","IN","","Cage Sink side","","","2026-04-30T20:36:58.875328+00:00","TX-KAYAK_PA-032","","false","","",""
"3612","Cage Sink side Kayak Paddle #18","kayak_paddles","Green","","0","200","IN","","Cage Sink side","","","2026-04-30T20:36:58.875328+00:00","TX-KAYAK_PA-033","","false","","",""
"3613","Cage Sink side Kayak Paddle #19","kayak_paddles","Green","","0","200","IN","","Cage Sink side","","","2026-04-30T20:36:58.875328+00:00","TX-KAYAK_PA-034","","false","","",""
"3614","Cage Sink side Kayak Paddle #20","kayak_paddles","Green","","0","200","IN","","Cage Sink side","","","2026-04-30T20:36:58.875328+00:00","TX-KAYAK_PA-035","","false","","",""
"3615","Cage Sink side Kayak Paddle #21","kayak_paddles","Green","","0","200","IN","","Cage Sink side","","","2026-04-30T20:36:58.875328+00:00","TX-KAYAK_PA-036","","false","","",""
"3616","Cage Sink side Kayak Paddle #22","kayak_paddles","Green","","0","200","IN","","Cage Sink side","","","2026-04-30T20:36:58.875328+00:00","TX-KAYAK_PA-037","","false","","",""
"3617","Cage Sink side Kayak Paddle #23","kayak_paddles","Green","","0","200","IN","","Cage Sink side","","","2026-04-30T20:36:58.875328+00:00","TX-KAYAK_PA-038","","false","","",""
"3618","Cage Sink side Kayak Paddle #24","kayak_paddles","Green","","0","200","IN","","Cage Sink side","","","2026-04-30T20:36:58.875328+00:00","TX-KAYAK_PA-039","","false","","",""
"3619","Cage Sink side Kayak Paddle #25","kayak_paddles","Green","","0","200","IN","","Cage Sink side","","","2026-04-30T20:36:58.875328+00:00","TX-KAYAK_PA-040","","false","","",""
"3620","Cage Sink side Kayak Paddle #26","kayak_paddles","Green","","0","200","IN","","Cage Sink side","","","2026-04-30T20:36:58.875328+00:00","TX-KAYAK_PA-041","","false","","",""
"3621","Cage Sink side Kayak Paddle #27","kayak_paddles","Green","","0","200","IN","","Cage Sink side","","","2026-04-30T20:36:58.875328+00:00","TX-KAYAK_PA-042","","false","","",""
"3622","Cage Sink side Kayak Paddle #28","kayak_paddles","Green","","0","200","IN","","Cage Sink side","","","2026-04-30T20:36:58.875328+00:00","TX-KAYAK_PA-043","","false","","",""
"3623","Cage Sink side Kayak Paddle #29","kayak_paddles","Green","","0","200","IN","","Cage Sink side","","","2026-04-30T20:36:58.875328+00:00","TX-KAYAK_PA-044","","false","","",""
"3624","Cage Sink side Kayak Paddle #30","kayak_paddles","Green","","0","200","IN","","Cage Sink side","","","2026-04-30T20:36:58.875328+00:00","TX-KAYAK_PA-045","","false","","",""
"3625","Cage Sink side Kayak Paddle #31","kayak_paddles","Green","","0","200","IN","","Cage Sink side","","","2026-04-30T20:36:58.875328+00:00","TX-KAYAK_PA-046","","false","","",""
"3626","Cage Sink side Kayak Paddle #32","kayak_paddles","Green","","0","200","IN","","Cage Sink side","","","2026-04-30T20:36:58.875328+00:00","TX-KAYAK_PA-047","","false","","",""
"3627","Cage Sink side Kayak Paddle #33","kayak_paddles","Green","","0","200","IN","","Cage Sink side","","","2026-04-30T20:36:58.875328+00:00","TX-KAYAK_PA-048","","false","","",""
"3628","Cage Sink side Kayak Paddle #34","kayak_paddles","Green","","0","200","IN","","Cage Sink side","","","2026-04-30T20:36:58.875328+00:00","TX-KAYAK_PA-049","","false","","",""
"3629","Cage Sink side Kayak Paddle #35","kayak_paddles","Green","","0","200","IN","","Cage Sink side","","","2026-04-30T20:36:58.875328+00:00","TX-KAYAK_PA-050","","false","","",""
"3630","Cage Sink side Kayak Paddle #36","kayak_paddles","Green","","0","200","IN","","Cage Sink side","","","2026-04-30T20:36:58.875328+00:00","TX-KAYAK_PA-051","","false","","",""
"3631","Cage Sink side Kayak Paddle #37","kayak_paddles","Green","","0","200","IN","","Cage Sink side","","","2026-04-30T20:36:58.875328+00:00","TX-KAYAK_PA-052","","false","","",""
"3632","Cage Sink side Canoe Paddle #1","canoe_paddles","Green","","0","200","IN","","Cage Sink side","","","2026-04-30T20:36:58.875328+00:00","TX-CANOE_PA-001","","false","","",""
"3633","Cage Sink side Canoe Paddle #2","canoe_paddles","Green","","0","200","IN","","Cage Sink side","","","2026-04-30T20:36:58.875328+00:00","TX-CANOE_PA-002","","false","","",""
"3634","Cage Sink side Canoe Paddle #3","canoe_paddles","Green","","0","200","IN","","Cage Sink side","","","2026-04-30T20:36:58.875328+00:00","TX-CANOE_PA-003","","false","","",""
"3635","Cage Sink side Canoe Paddle #4","canoe_paddles","Green","","0","200","IN","","Cage Sink side","","","2026-04-30T20:36:58.875328+00:00","TX-CANOE_PA-004","","false","","",""
"3636","Cage Sink side Canoe Paddle #5","canoe_paddles","Green","","0","200","IN","","Cage Sink side","","","2026-04-30T20:36:58.875328+00:00","TX-CANOE_PA-005","","false","","",""
"3637","Cage Sink side Canoe Paddle #6","canoe_paddles","Green","","0","200","IN","","Cage Sink side","","","2026-04-30T20:36:58.875328+00:00","TX-CANOE_PA-006","","false","","",""
"3638","Cage Sink side Canoe Paddle #7","canoe_paddles","Green","","0","200","IN","","Cage Sink side","","","2026-04-30T20:36:58.875328+00:00","TX-CANOE_PA-007","","false","","",""
"3639","Cage Sink side Canoe Paddle #8","canoe_paddles","Green","","0","200","IN","","Cage Sink side","","","2026-04-30T20:36:58.875328+00:00","TX-CANOE_PA-008","","false","","",""
"3640","Cage Sink side Canoe Paddle #9","canoe_paddles","Green","","0","200","IN","","Cage Sink side","","","2026-04-30T20:36:58.875328+00:00","TX-CANOE_PA-009","","false","","",""
"3641","Cage Sink side Canoe Paddle #10","canoe_paddles","Green","","0","200","IN","","Cage Sink side","","","2026-04-30T20:36:58.875328+00:00","TX-CANOE_PA-010","","false","","",""
"3642","Cage Sink side Canoe Paddle #11","canoe_paddles","Green","","0","200","IN","","Cage Sink side","","","2026-04-30T20:36:58.875328+00:00","TX-CANOE_PA-011","","false","","",""
"3643","Cage Sink side Canoe Paddle #12","canoe_paddles","Green","","0","200","IN","","Cage Sink side","","","2026-04-30T20:36:58.875328+00:00","TX-CANOE_PA-012","","false","","",""
"3644","Cage Sink side Canoe Paddle #13","canoe_paddles","Green","","0","200","IN","","Cage Sink side","","","2026-04-30T20:36:58.875328+00:00","TX-CANOE_PA-013","","false","","",""
"3645","Cage Sink side Canoe Paddle #14","canoe_paddles","Green","","0","200","IN","","Cage Sink side","","","2026-04-30T20:36:58.875328+00:00","TX-CANOE_PA-014","","false","","",""
"3646","Cage Sink side Canoe Paddle #15","canoe_paddles","Green","","0","200","IN","","Cage Sink side","","","2026-04-30T20:36:58.875328+00:00","TX-CANOE_PA-015","","false","","",""
"3647","Cage Sink side Canoe Paddle #16","canoe_paddles","Green","","0","200","IN","","Cage Sink side","","","2026-04-30T20:36:58.875328+00:00","TX-CANOE_PA-016","","false","","",""
"3648","Cage Sink side Canoe Paddle #17","canoe_paddles","Green","","0","200","IN","","Cage Sink side","","","2026-04-30T20:36:58.875328+00:00","TX-CANOE_PA-017","","false","","",""
"3649","Cage Sink side Canoe Paddle #18","canoe_paddles","Green","","0","200","IN","","Cage Sink side","","","2026-04-30T20:36:58.875328+00:00","TX-CANOE_PA-018","","false","","",""
"3650","Cage Sink side Canoe Paddle #19","canoe_paddles","Green","","0","200","IN","","Cage Sink side","","","2026-04-30T20:36:58.875328+00:00","TX-CANOE_PA-019","","false","","",""
"3651","Cage Sink side Canoe Paddle #20","canoe_paddles","Green","","0","200","IN","","Cage Sink side","","","2026-04-30T20:36:58.875328+00:00","TX-CANOE_PA-020","","false","","",""
"3652","Cage Sink side Canoe Paddle #21","canoe_paddles","Green","","0","200","IN","","Cage Sink side","","","2026-04-30T20:36:58.875328+00:00","TX-CANOE_PA-021","","false","","",""
"3653","Cage Sink side Canoe Paddle #22","canoe_paddles","Green","","0","200","IN","","Cage Sink side","","","2026-04-30T20:36:58.875328+00:00","TX-CANOE_PA-022","","false","","",""
"3654","Cage Sink side Canoe Paddle #23","canoe_paddles","Green","","0","200","IN","","Cage Sink side","","","2026-04-30T20:36:58.875328+00:00","TX-CANOE_PA-023","","false","","",""
"3655","Cage Sink side Canoe Paddle #24","canoe_paddles","Green","","0","200","IN","","Cage Sink side","","","2026-04-30T20:36:58.875328+00:00","TX-CANOE_PA-024","","false","","",""
"3656","Cage Sink side Canoe Paddle #25","canoe_paddles","Green","","0","200","IN","","Cage Sink side","","","2026-04-30T20:36:58.875328+00:00","TX-CANOE_PA-025","","false","","",""
"3657","Cage Sink side Canoe Paddle #26","canoe_paddles","Green","","0","200","IN","","Cage Sink side","","","2026-04-30T20:36:58.875328+00:00","TX-CANOE_PA-026","","false","","",""
"3658","Cage Sink side Canoe Paddle #27","canoe_paddles","Green","","0","200","IN","","Cage Sink side","","","2026-04-30T20:36:58.875328+00:00","TX-CANOE_PA-027","","false","","",""
"3659","Cage Sink side Canoe Paddle #28","canoe_paddles","Green","","0","200","IN","","Cage Sink side","","","2026-04-30T20:36:58.875328+00:00","TX-CANOE_PA-028","","false","","",""
"3660","Cage Sink side Canoe Paddle #29","canoe_paddles","Green","","0","200","IN","","Cage Sink side","","","2026-04-30T20:36:58.875328+00:00","TX-CANOE_PA-029","","false","","",""
"3661","Cage Sink side Canoe Paddle #30","canoe_paddles","Green","","0","200","IN","","Cage Sink side","","","2026-04-30T20:36:58.875328+00:00","TX-CANOE_PA-030","","false","","",""
"3662","Cage Sink side Canoe Paddle #31","canoe_paddles","Green","","0","200","IN","","Cage Sink side","","","2026-04-30T20:36:58.875328+00:00","TX-CANOE_PA-031","","false","","",""
"3663","Cage Sink side Canoe Paddle #32","canoe_paddles","Green","","0","200","IN","","Cage Sink side","","","2026-04-30T20:36:58.875328+00:00","TX-CANOE_PA-032","","false","","",""
"3664","Cage Sink side Canoe Paddle #33","canoe_paddles","Green","","0","200","IN","","Cage Sink side","","","2026-04-30T20:36:58.875328+00:00","TX-CANOE_PA-033","","false","","",""
"3665","Cage Sink side Canoe Paddle #34","canoe_paddles","Green","","0","200","IN","","Cage Sink side","","","2026-04-30T20:36:58.875328+00:00","TX-CANOE_PA-034","","false","","",""
"3666","Tech Container 5 Kayak Paddle #1","kayak_paddles","Green","","0","200","IN","","Tech Container 5","","","2026-04-30T20:36:58.875328+00:00","TX-KAYAK_PA-053","","false","","",""
"3667","Tech Container 5 Kayak Paddle #2","kayak_paddles","Green","","0","200","IN","","Tech Container 5","","","2026-04-30T20:36:58.875328+00:00","TX-KAYAK_PA-054","","false","","",""
"3668","Tech Container 5 Kayak Paddle #3","kayak_paddles","Green","","0","200","IN","","Tech Container 5","","","2026-04-30T20:36:58.875328+00:00","TX-KAYAK_PA-055","","false","","",""
"3669","Tech Container 5 Kayak Paddle #4","kayak_paddles","Green","","0","200","IN","","Tech Container 5","","","2026-04-30T20:36:58.875328+00:00","TX-KAYAK_PA-056","","false","","",""
"3670","Tech Container 5 Kayak Paddle #5","kayak_paddles","Green","","0","200","IN","","Tech Container 5","","","2026-04-30T20:36:58.875328+00:00","TX-KAYAK_PA-057","","false","","",""
"3671","Tech Container 5 Kayak Paddle #6","kayak_paddles","Green","","0","200","IN","","Tech Container 5","","","2026-04-30T20:36:58.875328+00:00","TX-KAYAK_PA-058","","false","","",""
"3672","Tech Container 5 Kayak Paddle #7","kayak_paddles","Green","","0","200","IN","","Tech Container 5","","","2026-04-30T20:36:58.875328+00:00","TX-KAYAK_PA-059","","false","","",""
"3673","Tech Container 5 Kayak Paddle #8","kayak_paddles","Green","","0","200","IN","","Tech Container 5","","","2026-04-30T20:36:58.875328+00:00","TX-KAYAK_PA-060","","false","","",""
"3674","Tech Container 5 Kayak Paddle #9","kayak_paddles","Green","","0","200","IN","","Tech Container 5","","","2026-04-30T20:36:58.875328+00:00","TX-KAYAK_PA-061","","false","","",""
"3675","Tech Container 5 Kayak Paddle #10","kayak_paddles","Green","","0","200","IN","","Tech Container 5","","","2026-04-30T20:36:58.875328+00:00","TX-KAYAK_PA-062","","false","","",""
"3676","Tech Container 5 Kayak Paddle #11","kayak_paddles","Green","","0","200","IN","","Tech Container 5","","","2026-04-30T20:36:58.875328+00:00","TX-KAYAK_PA-063","","false","","",""
"3677","Tech Container 5 Kayak Paddle #12","kayak_paddles","Green","","0","200","IN","","Tech Container 5","","","2026-04-30T20:36:58.875328+00:00","TX-KAYAK_PA-064","","false","","",""
"3678","Tech Container 5 Kayak Paddle #13","kayak_paddles","Green","","0","200","IN","","Tech Container 5","","","2026-04-30T20:36:58.875328+00:00","TX-KAYAK_PA-065","","false","","",""
"3679","Tech Container 5 Kayak Paddle #14","kayak_paddles","Green","","0","200","IN","","Tech Container 5","","","2026-04-30T20:36:58.875328+00:00","TX-KAYAK_PA-066","","false","","",""
"3680","Tech Container 5 Kayak Paddle #15","kayak_paddles","Green","","0","200","IN","","Tech Container 5","","","2026-04-30T20:36:58.875328+00:00","TX-KAYAK_PA-067","","false","","",""
"3681","Tech Container 5 Kayak Paddle #16","kayak_paddles","Green","","0","200","IN","","Tech Container 5","","","2026-04-30T20:36:58.875328+00:00","TX-KAYAK_PA-068","","false","","",""
"3682","Tech Container 5 Kayak Paddle #17","kayak_paddles","Green","","0","200","IN","","Tech Container 5","","","2026-04-30T20:36:58.875328+00:00","TX-KAYAK_PA-069","","false","","",""
"3683","Tech Container 5 Kayak Paddle #18","kayak_paddles","Green","","0","200","IN","","Tech Container 5","","","2026-04-30T20:36:58.875328+00:00","TX-KAYAK_PA-070","","false","","",""
"3684","Tech Container 5 Kayak Paddle #19","kayak_paddles","Green","","0","200","IN","","Tech Container 5","","","2026-04-30T20:36:58.875328+00:00","TX-KAYAK_PA-071","","false","","",""
"3685","Tech Container 5 Kayak Paddle #20","kayak_paddles","Green","","0","200","IN","","Tech Container 5","","","2026-04-30T20:36:58.875328+00:00","TX-KAYAK_PA-072","","false","","",""
"3686","Tech Container 5 Kayak Paddle #21","kayak_paddles","Green","","0","200","IN","","Tech Container 5","","","2026-04-30T20:36:58.875328+00:00","TX-KAYAK_PA-073","","false","","",""
"3687","Cage Sink side Canoe Rack Beam #1","cat_canoe_rack_beams","Green","","0","200","IN","","Cage Sink side","","","2026-04-30T20:36:58.875328+00:00","TX-CAT_CANO-001","","false","","",""
"3688","Cage Sink side Canoe Rack Beam #2","cat_canoe_rack_beams","Green","","0","200","IN","","Cage Sink side","","","2026-04-30T20:36:58.875328+00:00","TX-CAT_CANO-002","","false","","",""
"3689","Cage Sink side Canoe Rack Beam #3","cat_canoe_rack_beams","Green","","0","200","IN","","Cage Sink side","","","2026-04-30T20:36:58.875328+00:00","TX-CAT_CANO-003","","false","","",""
"3690","Cage Sink side Canoe Rack Beam #4","cat_canoe_rack_beams","Green","","0","200","IN","","Cage Sink side","","","2026-04-30T20:36:58.875328+00:00","TX-CAT_CANO-004","","false","","",""
"3691","Yard Canoe Rack Beam #1","cat_canoe_rack_beams","Green","","0","200","IN","","Yard","","","2026-04-30T20:36:58.875328+00:00","TX-CAT_CANO-005","","false","","",""
"3692","Yard Canoe Rack Beam #2","cat_canoe_rack_beams","Green","","0","200","IN","","Yard","","","2026-04-30T20:36:58.875328+00:00","TX-CAT_CANO-006","","false","","",""
"3693","Yard Canoe Rack Beam #3","cat_canoe_rack_beams","Green","","0","200","IN","","Yard","","","2026-04-30T20:36:58.875328+00:00","TX-CAT_CANO-007","","false","","",""
"3694","Yard Canoe Rack Beam #4","cat_canoe_rack_beams","Green","","0","200","IN","","Yard","","","2026-04-30T20:36:58.875328+00:00","TX-CAT_CANO-008","","false","","",""
"3695","Yard Canoe Rack Beam #5","cat_canoe_rack_beams","Green","","0","200","IN","","Yard","","","2026-04-30T20:36:58.875328+00:00","TX-CAT_CANO-009","","false","","",""
"3696","Yard Canoe Rack Beam #6","cat_canoe_rack_beams","Green","","0","200","IN","","Yard","","","2026-04-30T20:36:58.875328+00:00","TX-CAT_CANO-010","","false","","",""
"3697","Yard Tarp Thick Blue #1","cat_tarps","Green","","0","200","IN","Thick blue tarp","Yard","","","2026-04-30T20:36:58.875328+00:00","TX-CAT_TARP-001","","false","","",""
"3698","Yard Tarp Thick Blue #2","cat_tarps","Green","","0","200","IN","Thick blue tarp","Yard","","","2026-04-30T20:36:58.875328+00:00","TX-CAT_TARP-002","","false","","",""
"3699","Yard Tarp Thick Blue #3","cat_tarps","Green","","0","200","IN","Thick blue tarp","Yard","","","2026-04-30T20:36:58.875328+00:00","TX-CAT_TARP-003","","false","","",""
"3700","Yard Tarp Thick Blue #4","cat_tarps","Green","","0","200","IN","Thick blue tarp","Yard","","","2026-04-30T20:36:58.875328+00:00","TX-CAT_TARP-004","","false","","",""
"3701","Yard Tarp Green #1","cat_tarps","Green","","0","200","IN","Green tarp","Yard","","","2026-04-30T20:36:58.875328+00:00","TX-CAT_TARP-005","","false","","",""
"3702","Yard Tarp Green #2","cat_tarps","Green","","0","200","IN","Green tarp","Yard","","","2026-04-30T20:36:58.875328+00:00","TX-CAT_TARP-006","","false","","",""
"3703","Yard Tarp Green #3","cat_tarps","Green","","0","200","IN","Green tarp","Yard","","","2026-04-30T20:36:58.875328+00:00","TX-CAT_TARP-007","","false","","",""
"3704","Yard Tarp Green #4","cat_tarps","Green","","0","200","IN","Green tarp","Yard","","","2026-04-30T20:36:58.875328+00:00","TX-CAT_TARP-008","","false","","",""
"3705","Yard Tarp Green #5","cat_tarps","Green","","0","200","IN","Green tarp","Yard","","","2026-04-30T20:36:58.875328+00:00","TX-CAT_TARP-009","","false","","",""
"3706","Yard Tarp Green #6","cat_tarps","Green","","0","200","IN","Green tarp","Yard","","","2026-04-30T20:36:58.875328+00:00","TX-CAT_TARP-010","","false","","",""
"3707","Yard Tarp Green #7","cat_tarps","Green","","0","200","IN","Green tarp","Yard","","","2026-04-30T20:36:58.875328+00:00","TX-CAT_TARP-011","","false","","",""
"3708","Yard Tarp Green #8","cat_tarps","Green","","0","200","IN","Green tarp","Yard","","","2026-04-30T20:36:58.875328+00:00","TX-CAT_TARP-012","","false","","",""
"3709","Yard Fly Blue Orange #1","cat_tarps","Green","","0","200","IN","Blue and orange fly","Yard","","","2026-04-30T20:36:58.875328+00:00","TX-CAT_TARP-013","","false","","",""
"3710","Yard Fly Blue Orange #2","cat_tarps","Green","","0","200","IN","Blue and orange fly","Yard","","","2026-04-30T20:36:58.875328+00:00","TX-CAT_TARP-014","","false","","",""
"3711","Yard Fly Blue Orange #3","cat_tarps","Green","","0","200","IN","Blue and orange fly","Yard","","","2026-04-30T20:36:58.875328+00:00","TX-CAT_TARP-015","","false","","",""
"3712","Yard Fly Blue Orange #4","cat_tarps","Green","","0","200","IN","Blue and orange fly","Yard","","","2026-04-30T20:36:58.875328+00:00","TX-CAT_TARP-016","","false","","",""
"3713","Yard Fly Blue Orange #5","cat_tarps","Green","","0","200","IN","Blue and orange fly","Yard","","","2026-04-30T20:36:58.875328+00:00","TX-CAT_TARP-017","","false","","",""
"3714","Yard Fly Blue Brown #1","cat_tarps","Green","","0","200","IN","Blue and brown fly","Yard","","","2026-04-30T20:36:58.875328+00:00","TX-CAT_TARP-018","","false","","",""
"3715","Yard Fly Blue Brown #2","cat_tarps","Green","","0","200","IN","Blue and brown fly","Yard","","","2026-04-30T20:36:58.875328+00:00","TX-CAT_TARP-019","","false","","",""
"3716","Climbing Wall Old Small Helmet #1","cr_helmets","Green","2027-04-30","0","200","IN","Old small helmet, 1yr expiry","Climbing Wall","","","2026-04-30T20:36:58.875328+00:00","TX-CR_HELME-001","","false","","",""
"3717","Climbing Wall Old Small Helmet #2","cr_helmets","Green","2027-04-30","0","200","IN","Old small helmet, 1yr expiry","Climbing Wall","","","2026-04-30T20:36:58.875328+00:00","TX-CR_HELME-002","","false","","",""
"3718","Climbing Wall Old Small Helmet #3","cr_helmets","Green","2027-04-30","0","200","IN","Old small helmet, 1yr expiry","Climbing Wall","","","2026-04-30T20:36:58.875328+00:00","TX-CR_HELME-003","","false","","",""
"3719","Climbing Wall Old Small Helmet #4","cr_helmets","Green","2027-04-30","0","200","IN","Old small helmet, 1yr expiry","Climbing Wall","","","2026-04-30T20:36:58.875328+00:00","TX-CR_HELME-004","","false","","",""
"3720","Climbing Wall Old Small Helmet #5","cr_helmets","Green","2027-04-30","0","200","IN","Old small helmet, 1yr expiry","Climbing Wall","","","2026-04-30T20:36:58.875328+00:00","TX-CR_HELME-005","","false","","",""
"3721","Climbing Wall Old Small Helmet #6","cr_helmets","Green","2027-04-30","0","200","IN","Old small helmet, 1yr expiry","Climbing Wall","","","2026-04-30T20:36:58.875328+00:00","TX-CR_HELME-006","","false","","",""
"3722","Climbing Wall Old Small Helmet #7","cr_helmets","Green","2027-04-30","0","200","IN","Old small helmet, 1yr expiry","Climbing Wall","","","2026-04-30T20:36:58.875328+00:00","TX-CR_HELME-007","","false","","",""
"3723","Climbing Wall Old Small Helmet #8","cr_helmets","Green","2027-04-30","0","200","IN","Old small helmet, 1yr expiry","Climbing Wall","","","2026-04-30T20:36:58.875328+00:00","TX-CR_HELME-008","","false","","",""
"3724","Climbing Wall Old Small Helmet #9","cr_helmets","Green","2027-04-30","0","200","IN","Old small helmet, 1yr expiry","Climbing Wall","","","2026-04-30T20:36:58.875328+00:00","TX-CR_HELME-009","","false","","",""
"3725","Climbing Wall Old Small Helmet #10","cr_helmets","Green","2027-04-30","0","200","IN","Old small helmet, 1yr expiry","Climbing Wall","","","2026-04-30T20:36:58.875328+00:00","TX-CR_HELME-010","","false","","",""
"3726","Climbing Wall Old Small Helmet #11","cr_helmets","Green","2027-04-30","0","200","IN","Old small helmet, 1yr expiry","Climbing Wall","","","2026-04-30T20:36:58.875328+00:00","TX-CR_HELME-011","","false","","",""
"3727","Climbing Wall Old Small Helmet #12","cr_helmets","Green","2027-04-30","0","200","IN","Old small helmet, 1yr expiry","Climbing Wall","","","2026-04-30T20:36:58.875328+00:00","TX-CR_HELME-012","","false","","",""
"3728","Climbing Wall Old Small Helmet #13","cr_helmets","Green","2027-04-30","0","200","IN","Old small helmet, 1yr expiry","Climbing Wall","","","2026-04-30T20:36:58.875328+00:00","TX-CR_HELME-013","","false","","",""
"3729","Climbing Wall Old Small Helmet #14","cr_helmets","Green","2027-04-30","0","200","IN","Old small helmet, 1yr expiry","Climbing Wall","","","2026-04-30T20:36:58.875328+00:00","TX-CR_HELME-014","","false","","",""
"3730","Climbing Wall Old Small Helmet #15","cr_helmets","Green","2027-04-30","0","200","IN","Old small helmet, 1yr expiry","Climbing Wall","","","2026-04-30T20:36:58.875328+00:00","TX-CR_HELME-015","","false","","",""
"3731","Climbing Wall Old Small Helmet #16","cr_helmets","Green","2027-04-30","0","200","IN","Old small helmet, 1yr expiry","Climbing Wall","","","2026-04-30T20:36:58.875328+00:00","TX-CR_HELME-016","","false","","",""
"3732","Climbing Wall Old Small Helmet #17","cr_helmets","Green","2027-04-30","0","200","IN","Old small helmet, 1yr expiry","Climbing Wall","","","2026-04-30T20:36:58.875328+00:00","TX-CR_HELME-017","","false","","",""
"3733","Climbing Wall Old Small Helmet #18","cr_helmets","Green","2027-04-30","0","200","IN","Old small helmet, 1yr expiry","Climbing Wall","","","2026-04-30T20:36:58.875328+00:00","TX-CR_HELME-018","","false","","",""
"3734","Climbing Wall Old Small Helmet #19","cr_helmets","Green","2027-04-30","0","200","IN","Old small helmet, 1yr expiry","Climbing Wall","","","2026-04-30T20:36:58.875328+00:00","TX-CR_HELME-019","","false","","",""
"3735","Climbing Wall Old Small Helmet #20","cr_helmets","Green","2027-04-30","0","200","IN","Old small helmet, 1yr expiry","Climbing Wall","","","2026-04-30T20:36:58.875328+00:00","TX-CR_HELME-020","","false","","",""
"3736","Climbing Wall Rope #1","dynamic_ropes","Green","","0","200","IN","Climbing wall rope","Climbing Wall","","","2026-04-30T20:36:58.875328+00:00","TX-DYNAMIC_-001","","false","","",""
"3737","Climbing Wall Rope #2","dynamic_ropes","Green","","0","200","IN","Climbing wall rope","Climbing Wall","","","2026-04-30T20:36:58.875328+00:00","TX-DYNAMIC_-002","","false","","",""
"3738","Climbing Wall Rope #3","dynamic_ropes","Green","","0","200","IN","Climbing wall rope","Climbing Wall","","","2026-04-30T20:36:58.875328+00:00","TX-DYNAMIC_-003","","false","","",""
"3739","Climbing Wall Rope #4","dynamic_ropes","Green","","0","200","IN","Climbing wall rope","Climbing Wall","","","2026-04-30T20:36:58.875328+00:00","TX-DYNAMIC_-004","","false","","",""
"3740","Climbing Wall Mat #1","cat_roll_mats","Green","","0","200","IN","Climbing wall mat","Climbing Wall","","","2026-04-30T20:36:58.875328+00:00","TX-CAT_ROLL-001","","false","","",""
"3741","Climbing Wall Mat #2","cat_roll_mats","Green","","0","200","IN","Climbing wall mat","Climbing Wall","","","2026-04-30T20:36:58.875328+00:00","TX-CAT_ROLL-002","","false","","",""
"3742","Climbing Wall Mat #3","cat_roll_mats","Green","","0","200","IN","Climbing wall mat","Climbing Wall","","","2026-04-30T20:36:58.875328+00:00","TX-CAT_ROLL-003","","false","","",""
"3743","Climbing Wall Mat #4","cat_roll_mats","Green","","0","200","IN","Climbing wall mat","Climbing Wall","","","2026-04-30T20:36:58.875328+00:00","TX-CAT_ROLL-004","","false","","",""
"3744","Climbing Wall Mat #5","cat_roll_mats","Green","","0","200","IN","Climbing wall mat","Climbing Wall","","","2026-04-30T20:36:58.875328+00:00","TX-CAT_ROLL-005","","false","","",""
"3745","Climbing Wall Mat #6","cat_roll_mats","Green","","0","200","IN","Climbing wall mat","Climbing Wall","","","2026-04-30T20:36:58.875328+00:00","TX-CAT_ROLL-006","","false","","",""
"3746","Climbing Wall Mat #7","cat_roll_mats","Green","","0","200","IN","Climbing wall mat","Climbing Wall","","","2026-04-30T20:36:58.875328+00:00","TX-CAT_ROLL-007","","false","","",""
"3747","Climbing Wall Mat #8","cat_roll_mats","Green","","0","200","IN","Climbing wall mat","Climbing Wall","","","2026-04-30T20:36:58.875328+00:00","TX-CAT_ROLL-008","","false","","",""
"3748","Climbing Room Student Shovel Yellow #1","snow_shovels","Green","","0","200","IN","","Climbing Room","","","2026-04-30T20:36:58.875328+00:00","CR-SHOV-Y1","","false","","",""
"3749","Climbing Room Student Shovel Yellow #2","snow_shovels","Green","","0","200","IN","","Climbing Room","","","2026-04-30T20:36:58.875328+00:00","CR-SHOV-Y2","","false","","",""
"3750","Climbing Room Student Shovel Yellow #3","snow_shovels","Green","","0","200","IN","","Climbing Room","","","2026-04-30T20:36:58.875328+00:00","CR-SHOV-Y3","","false","","",""
"3751","Climbing Room Student Shovel Yellow #4","snow_shovels","Green","","0","200","IN","","Climbing Room","","","2026-04-30T20:36:58.875328+00:00","CR-SHOV-Y4","","false","","",""
"3752","Climbing Room Student Shovel Green #1","snow_shovels","Green","","0","200","IN","","Climbing Room","","","2026-04-30T20:36:58.875328+00:00","CR-SHOV-G1","","false","","",""
"3753","Climbing Room Student Shovel Green #2","snow_shovels","Green","","0","200","IN","","Climbing Room","","","2026-04-30T20:36:58.875328+00:00","CR-SHOV-G2","","false","","",""
"3754","Climbing Room Student Shovel Green #3","snow_shovels","Green","","0","200","IN","","Climbing Room","","","2026-04-30T20:36:58.875328+00:00","CR-SHOV-G3","","false","","",""
"3755","Climbing Room Student Shovel Green #4","snow_shovels","Green","","0","200","IN","","Climbing Room","","","2026-04-30T20:36:58.875328+00:00","CR-SHOV-G4","","false","","",""
"3756","Climbing Room Student Shovel Blue #1","snow_shovels","Green","","0","200","IN","","Climbing Room","","","2026-04-30T20:36:58.875328+00:00","CR-SHOV-B1","","false","","",""
"3757","Climbing Room Student Shovel Blue #2","snow_shovels","Green","","0","200","IN","","Climbing Room","","","2026-04-30T20:36:58.875328+00:00","CR-SHOV-B2","","false","","",""
"3758","Climbing Room Student Shovel Blue #3","snow_shovels","Green","","0","200","IN","","Climbing Room","","","2026-04-30T20:36:58.875328+00:00","CR-SHOV-B3","","false","","",""
"3759","Climbing Room Student Shovel Blue #4","snow_shovels","Green","","0","200","IN","","Climbing Room","","","2026-04-30T20:36:58.875328+00:00","CR-SHOV-B4","","false","","",""